Rank_Prioridade,Ano_Censo,Codigo_Escola,Municipio,Total_Matriculas,Score_Vulnerabilidade,Status_Alerta,Sem_Conectividade_Efetiva,Tem_Lab_Info,Tem_Biblioteca
1,2025,31136051,Ritápolis,15,100.0,🔴 Risco Crítico,0,0,0
2,2025,31217409,Januária,73,100.0,🔴 Risco Crítico,0,0,0
3,2025,31263893,Nova Belém,70,95.23809523809523,🔴 Risco Crítico,1,0,0
4,2025,31389394,Carmo do Rio Claro,40,85.71428571428571,🔴 Risco Crítico,1,0,0
5,2025,31019585,Imbé de Minas,14,85.71428571428571,🔴 Risco Crítico,1,0,0
6,2025,31356433,Nova Belém,107,85.71428571428571,🔴 Risco Crítico,1,0,0
7,2025,31330639,Francisco Sá,15,85.71428571428571,🔴 Risco Crítico,1,0,0
8,2025,31338826,Ladainha,103,85.71428571428571,🔴 Risco Crítico,1,0,0
9,2025,31316903,São Domingos do Prata,15,85.71428571428571,🔴 Risco Crítico,1,0,0
10,2025,31047295,Cuparaque,8,85.71428571428571,🔴 Risco Crítico,1,0,0
11,2025,31303321,Imbé de Minas,5,85.71428571428571,🔴 Risco Crítico,1,0,0
12,2025,31389419,Teófilo Otoni,1,85.71428571428571,🔴 Risco Crítico,1,0,0
13,2025,31269859,Santa Helena de Minas,493,85.71428571428571,🔴 Risco Crítico,1,0,0
14,2025,31263664,Icaraí de Minas,13,85.71428571428571,🔴 Risco Crítico,1,0,0
15,2025,31077372,Durandé,33,85.71428571428571,🔴 Risco Crítico,1,0,0
16,2025,31077381,Durandé,60,85.71428571428571,🔴 Risco Crítico,1,0,0
17,2025,31077348,Durandé,36,85.71428571428571,🔴 Risco Crítico,1,0,0
18,2025,31077666,Matipó,18,85.71428571428571,🔴 Risco Crítico,1,0,0
19,2025,31077623,Matipó,14,85.71428571428571,🔴 Risco Crítico,1,0,0
20,2025,31235784,Catas Altas da Noruega,9,85.71428571428571,🔴 Risco Crítico,1,0,0
21,2025,31157414,Teófilo Otoni,20,85.71428571428571,🔴 Risco Crítico,1,0,0
22,2025,31157112,Teófilo Otoni,37,85.71428571428571,🔴 Risco Crítico,1,0,0
23,2025,31156914,Teófilo Otoni,24,85.71428571428571,🔴 Risco Crítico,1,0,0
24,2025,31156825,Teófilo Otoni,6,85.71428571428571,🔴 Risco Crítico,1,0,0
25,2025,31389274,Manga,30,85.71428571428571,🔴 Risco Crítico,1,0,0
26,2025,31362891,Icaraí de Minas,5,85.71428571428571,🔴 Risco Crítico,1,0,0
27,2025,31389362,Ataléia,27,85.71428571428571,🔴 Risco Crítico,1,0,0
28,2025,31389422,Açucena,21,85.71428571428571,🔴 Risco Crítico,1,0,0
29,2025,31375853,Presidente Olegário,35,76.19047619047619,🔴 Risco Crítico,1,0,1
30,2025,31021482,Imbé de Minas,34,71.42857142857143,🔴 Risco Crítico,0,0,0
31,2025,31389405,Teófilo Otoni,43,71.42857142857143,🔴 Risco Crítico,0,0,0
32,2025,31130354,Pedra Bonita,165,71.42857142857143,🔴 Risco Crítico,0,0,0
33,2025,31389392,João Pinheiro,42,71.42857142857143,🔴 Risco Crítico,0,0,0
34,2025,31355844,Nova Lima,120,71.42857142857143,🔴 Risco Crítico,0,0,0
35,2025,31019623,Imbé de Minas,32,71.42857142857143,🔴 Risco Crítico,0,0,0
36,2025,31336947,Gameleiras,104,71.42857142857143,🔴 Risco Crítico,0,0,0
37,2025,31333026,Andradas,24,71.42857142857143,🔴 Risco Crítico,0,0,0
38,2025,31325384,Manhuaçu,60,71.42857142857143,🔴 Risco Crítico,0,0,0
39,2025,31324582,Matias Cardoso,314,71.42857142857143,🔴 Risco Crítico,0,0,0
40,2025,31389395,Carmo do Rio Claro,46,71.42857142857143,🔴 Risco Crítico,0,0,0
41,2025,31042501,Divinolândia de Minas,30,71.42857142857143,🔴 Risco Crítico,0,0,0
42,2025,31298646,Januária,78,71.42857142857143,🔴 Risco Crítico,0,0,0
43,2025,31053104,Sardoá,90,71.42857142857143,🔴 Risco Crítico,0,0,0
44,2025,31298565,Montalvânia,69,71.42857142857143,🔴 Risco Crítico,0,0,0
45,2025,31291285,Gameleiras,60,71.42857142857143,🔴 Risco Crítico,0,0,0
46,2025,31058017,Cambuí,54,71.42857142857143,🔴 Risco Crítico,0,0,0
47,2025,31062537,Januária,62,71.42857142857143,🔴 Risco Crítico,0,0,0
48,2025,31389298,Bonito de Minas,30,71.42857142857143,🔴 Risco Crítico,0,0,0
49,2025,31064033,Januária,9,71.42857142857143,🔴 Risco Crítico,0,0,0
50,2025,31064505,Januária,138,71.42857142857143,🔴 Risco Crítico,0,0,0
51,2025,31065404,Juvenília,16,71.42857142857143,🔴 Risco Crítico,0,0,0
52,2025,31273066,Cuparaque,103,71.42857142857143,🔴 Risco Crítico,0,0,0
53,2025,31272761,Almenara,11,71.42857142857143,🔴 Risco Crítico,0,0,0
54,2025,31073521,Santos Dumont,57,71.42857142857143,🔴 Risco Crítico,0,0,0
55,2025,31073709,Santos Dumont,23,71.42857142857143,🔴 Risco Crítico,0,0,0
56,2025,31263729,Icaraí de Minas,30,71.42857142857143,🔴 Risco Crítico,0,0,0
57,2025,31263702,Icaraí de Minas,36,71.42857142857143,🔴 Risco Crítico,0,0,0
58,2025,31263541,Juvenília,13,71.42857142857143,🔴 Risco Crítico,0,0,0
59,2025,31076929,Luisburgo,65,71.42857142857143,🔴 Risco Crítico,0,0,0
60,2025,31077542,Matipó,39,71.42857142857143,🔴 Risco Crítico,0,0,0
61,2025,31237281,Almenara,8,71.42857142857143,🔴 Risco Crítico,0,0,0
62,2025,31236560,Barbacena,130,71.42857142857143,🔴 Risco Crítico,0,0,0
63,2025,31156558,São José do Divino,22,71.42857142857143,🔴 Risco Crítico,0,0,0
64,2025,31092002,Santo Antônio do Retiro,136,71.42857142857143,🔴 Risco Crítico,0,0,0
65,2025,31092738,Santa Cruz de Salinas,7,71.42857142857143,🔴 Risco Crítico,0,0,0
66,2025,31116181,Capitólio,45,71.42857142857143,🔴 Risco Crítico,0,0,0
67,2025,31389328,Formoso,61,71.42857142857143,🔴 Risco Crítico,0,0,0
68,2025,31217387,Januária,5,71.42857142857143,🔴 Risco Crítico,0,0,0
69,2025,31215139,Santo Antônio do Jacinto,24,71.42857142857143,🔴 Risco Crítico,0,0,0
70,2025,31209651,Almenara,45,71.42857142857143,🔴 Risco Crítico,0,0,0
71,2025,31192007,Braúnas,69,71.42857142857143,🔴 Risco Crítico,0,0,0
72,2025,31190471,Santo Antônio do Jacinto,42,71.42857142857143,🔴 Risco Crítico,0,0,0
73,2025,31186384,Almenara,9,71.42857142857143,🔴 Risco Crítico,0,0,0
74,2025,31186104,Almenara,12,71.42857142857143,🔴 Risco Crítico,0,0,0
75,2025,31186023,Almenara,8,71.42857142857143,🔴 Risco Crítico,0,0,0
76,2025,31185990,Almenara,8,71.42857142857143,🔴 Risco Crítico,0,0,0
77,2025,31185957,Almenara,15,71.42857142857143,🔴 Risco Crítico,0,0,0
78,2025,31185876,Almenara,10,71.42857142857143,🔴 Risco Crítico,0,0,0
79,2025,31185850,Almenara,10,71.42857142857143,🔴 Risco Crítico,0,0,0
80,2025,31185841,Almenara,29,71.42857142857143,🔴 Risco Crítico,0,0,0
81,2025,31185833,Almenara,66,71.42857142857143,🔴 Risco Crítico,0,0,0
82,2025,31184471,Almenara,18,71.42857142857143,🔴 Risco Crítico,0,0,0
83,2025,31169129,Prata,93,71.42857142857143,🔴 Risco Crítico,0,0,0
84,2025,31362794,Icaraí de Minas,7,71.42857142857143,🔴 Risco Crítico,0,0,0
85,2025,31369837,São João das Missões,160,71.42857142857143,🔴 Risco Crítico,0,0,0
86,2025,31130338,Pedra Bonita,52,71.42857142857143,🔴 Risco Crítico,0,0,0
87,2025,31389367,Cristina,50,71.42857142857143,🔴 Risco Crítico,0,0,0
88,2025,31389428,Conceição de Ipanema,54,71.42857142857143,🔴 Risco Crítico,0,0,0
89,2025,31077607,Matipó,36,66.66666666666666,🔴 Risco Crítico,1,0,1
90,2025,31077640,Matipó,166,66.66666666666666,🔴 Risco Crítico,1,0,1
91,2025,31389365,Barão de Cocais,16,57.14285714285714,🟡 Médio Risco,1,0,0
92,2025,31352349,São Sebastião do Maranhão,13,57.14285714285714,🟡 Médio Risco,1,0,0
93,2025,31389414,Buritis,38,57.14285714285714,🟡 Médio Risco,1,0,0
94,2025,31144959,Santana de Pirapama,44,57.14285714285714,🟡 Médio Risco,1,0,0
95,2025,31358339,Nova Belém,184,57.14285714285714,🟡 Médio Risco,1,0,0
96,2025,31147591,Novo Cruzeiro,24,57.14285714285714,🟡 Médio Risco,1,0,0
97,2025,31148547,Águas Formosas,16,57.14285714285714,🟡 Médio Risco,1,0,0
98,2025,31148563,Águas Formosas,10,57.14285714285714,🟡 Médio Risco,1,0,0
99,2025,31148652,Águas Formosas,6,57.14285714285714,🟡 Médio Risco,1,0,0
100,2025,31148873,Águas Formosas,15,57.14285714285714,🟡 Médio Risco,1,0,0
101,2025,31148989,Águas Formosas,9,57.14285714285714,🟡 Médio Risco,1,0,0
102,2025,31149241,Araçuaí,3,57.14285714285714,🟡 Médio Risco,1,0,0
103,2025,31027146,Congonhas do Norte,20,57.14285714285714,🟡 Médio Risco,1,0,0
104,2025,31024775,Santo Hipólito,5,57.14285714285714,🟡 Médio Risco,1,0,0
105,2025,31024864,Serro,10,57.14285714285714,🟡 Médio Risco,1,0,0
106,2025,31346861,Coluna,5,57.14285714285714,🟡 Médio Risco,1,0,0
107,2025,31015369,Bias Fortes,15,57.14285714285714,🟡 Médio Risco,1,0,0
108,2025,31352314,São Sebastião do Maranhão,22,57.14285714285714,🟡 Médio Risco,1,0,0
109,2025,31128350,Barra Longa,19,57.14285714285714,🟡 Médio Risco,1,0,0
110,2025,31366749,Bom Jesus do Amparo,25,57.14285714285714,🟡 Médio Risco,1,0,0
111,2025,31366811,Januária,3,57.14285714285714,🟡 Médio Risco,1,0,0
112,2025,31389429,Arinos,17,57.14285714285714,🟡 Médio Risco,1,0,0
113,2025,31125555,Botelhos,30,57.14285714285714,🟡 Médio Risco,1,0,0
114,2025,31152536,Itambacuri,17,57.14285714285714,🟡 Médio Risco,1,0,0
115,2025,31152544,Itambacuri,10,57.14285714285714,🟡 Médio Risco,1,0,0
116,2025,31145068,Santana de Pirapama,5,57.14285714285714,🟡 Médio Risco,1,0,0
117,2025,31145084,Santana de Pirapama,7,57.14285714285714,🟡 Médio Risco,1,0,0
118,2025,31157058,Teófilo Otoni,78,57.14285714285714,🟡 Médio Risco,1,0,0
119,2025,31157091,Teófilo Otoni,27,57.14285714285714,🟡 Médio Risco,1,0,0
120,2025,31157121,Teófilo Otoni,43,57.14285714285714,🟡 Médio Risco,1,0,0
121,2025,31157287,Teófilo Otoni,24,57.14285714285714,🟡 Médio Risco,1,0,0
122,2025,31157368,Teófilo Otoni,28,57.14285714285714,🟡 Médio Risco,1,0,0
123,2025,31157384,Teófilo Otoni,24,57.14285714285714,🟡 Médio Risco,1,0,0
124,2025,31157406,Teófilo Otoni,20,57.14285714285714,🟡 Médio Risco,1,0,0
125,2025,31157431,Teófilo Otoni,14,57.14285714285714,🟡 Médio Risco,1,0,0
126,2025,31157538,Virgem da Lapa,4,57.14285714285714,🟡 Médio Risco,1,0,0
127,2025,31157635,Virgem da Lapa,6,57.14285714285714,🟡 Médio Risco,1,0,0
128,2025,31157643,Virgem da Lapa,3,57.14285714285714,🟡 Médio Risco,1,0,0
129,2025,31386790,Bom Jesus do Amparo,26,57.14285714285714,🟡 Médio Risco,1,0,0
130,2025,31386804,Catas Altas da Noruega,17,57.14285714285714,🟡 Médio Risco,1,0,0
131,2025,31177521,Itamonte,17,57.14285714285714,🟡 Médio Risco,1,0,0
132,2025,31180165,Virgínia,21,57.14285714285714,🟡 Médio Risco,1,0,0
133,2025,31183385,Presidente Bernardes,15,57.14285714285714,🟡 Médio Risco,1,0,0
134,2025,31106852,Belo Vale,25,57.14285714285714,🟡 Médio Risco,1,0,0
135,2025,31187526,Felisburgo,17,57.14285714285714,🟡 Médio Risco,1,0,0
136,2025,31188310,Joaíma,14,57.14285714285714,🟡 Médio Risco,1,0,0
137,2025,31189448,Pedra Azul,19,57.14285714285714,🟡 Médio Risco,1,0,0
138,2025,31189855,Palmópolis,20,57.14285714285714,🟡 Médio Risco,1,0,0
139,2025,31191833,Antônio Dias,17,57.14285714285714,🟡 Médio Risco,1,0,0
140,2025,31194549,Catas Altas da Noruega,12,57.14285714285714,🟡 Médio Risco,1,0,0
141,2025,31204978,Ribeirão Vermelho,9,57.14285714285714,🟡 Médio Risco,1,0,0
142,2025,31206245,Serro,3,57.14285714285714,🟡 Médio Risco,1,0,0
143,2025,31206253,Serro,32,57.14285714285714,🟡 Médio Risco,1,0,0
144,2025,31206261,Serro,18,57.14285714285714,🟡 Médio Risco,1,0,0
145,2025,31206393,Serra Azul de Minas,7,57.14285714285714,🟡 Médio Risco,1,0,0
146,2025,31206466,Minas Novas,2,57.14285714285714,🟡 Médio Risco,1,0,0
147,2025,31206890,Matias Cardoso,12,57.14285714285714,🟡 Médio Risco,1,0,0
148,2025,31384780,Buritizeiro,28,57.14285714285714,🟡 Médio Risco,1,0,0
149,2025,31099953,Carangola,21,57.14285714285714,🟡 Médio Risco,1,0,0
150,2025,31209465,Jequitinhonha,16,57.14285714285714,🟡 Médio Risco,1,0,0
151,2025,31211524,Teófilo Otoni,110,57.14285714285714,🟡 Médio Risco,1,0,0
152,2025,31211567,Teófilo Otoni,30,57.14285714285714,🟡 Médio Risco,1,0,0
153,2025,31211575,Teófilo Otoni,75,57.14285714285714,🟡 Médio Risco,1,0,0
154,2025,31211648,Teófilo Otoni,40,57.14285714285714,🟡 Médio Risco,1,0,0
155,2025,31211672,Teófilo Otoni,55,57.14285714285714,🟡 Médio Risco,1,0,0
156,2025,31211702,Teófilo Otoni,23,57.14285714285714,🟡 Médio Risco,1,0,0
157,2025,31211770,Teófilo Otoni,43,57.14285714285714,🟡 Médio Risco,1,0,0
158,2025,31211788,Teófilo Otoni,73,57.14285714285714,🟡 Médio Risco,1,0,0
159,2025,31211826,Teófilo Otoni,57,57.14285714285714,🟡 Médio Risco,1,0,0
160,2025,31211869,Teófilo Otoni,37,57.14285714285714,🟡 Médio Risco,1,0,0
161,2025,31211877,Teófilo Otoni,62,57.14285714285714,🟡 Médio Risco,1,0,0
162,2025,31212555,Bom Jesus do Amparo,47,57.14285714285714,🟡 Médio Risco,1,0,0
163,2025,31213187,Carlos Chagas,14,57.14285714285714,🟡 Médio Risco,1,0,0
164,2025,31216968,Lajinha,17,57.14285714285714,🟡 Médio Risco,1,0,0
165,2025,31219851,Virgínia,9,57.14285714285714,🟡 Médio Risco,1,0,0
166,2025,31220451,Nova Belém,6,57.14285714285714,🟡 Médio Risco,1,0,0
167,2025,31220621,Virgínia,33,57.14285714285714,🟡 Médio Risco,1,0,0
168,2025,31222801,Itacarambi,5,57.14285714285714,🟡 Médio Risco,1,0,0
169,2025,31223573,Virgínia,25,57.14285714285714,🟡 Médio Risco,1,0,0
170,2025,31223824,Baependi,12,57.14285714285714,🟡 Médio Risco,1,0,0
171,2025,31226807,Minas Novas,6,57.14285714285714,🟡 Médio Risco,1,0,0
172,2025,31150371,Jampruca,7,57.14285714285714,🟡 Médio Risco,1,0,0
173,2025,31150657,Caraí,57,57.14285714285714,🟡 Médio Risco,1,0,0
174,2025,31150703,Caraí,22,57.14285714285714,🟡 Médio Risco,1,0,0
175,2025,31151408,Coronel Murta,7,57.14285714285714,🟡 Médio Risco,1,0,0
176,2025,31151467,Coronel Murta,12,57.14285714285714,🟡 Médio Risco,1,0,0
177,2025,31151734,Fronteira dos Vales,7,57.14285714285714,🟡 Médio Risco,1,0,0
178,2025,31389306,Chapada Gaúcha,25,57.14285714285714,🟡 Médio Risco,1,0,0
179,2025,31389312,Monte Alegre de Minas,28,57.14285714285714,🟡 Médio Risco,1,0,0
180,2025,31389313,Itapeva,38,57.14285714285714,🟡 Médio Risco,1,0,0
181,2025,31389317,Fronteira dos Vales,76,57.14285714285714,🟡 Médio Risco,1,0,0
182,2025,31389322,Conceição do Mato Dentro,26,57.14285714285714,🟡 Médio Risco,1,0,0
183,2025,31389325,Santo Antônio do Retiro,48,57.14285714285714,🟡 Médio Risco,1,0,0
184,2025,31389329,Itapeva,40,57.14285714285714,🟡 Médio Risco,1,0,0
185,2025,31152242,Catuji,9,57.14285714285714,🟡 Médio Risco,1,0,0
186,2025,31226921,Conceição do Mato Dentro,25,57.14285714285714,🟡 Médio Risco,1,0,0
187,2025,31227323,Matias Cardoso,12,57.14285714285714,🟡 Médio Risco,1,0,0
188,2025,31095061,São João do Paraíso,76,57.14285714285714,🟡 Médio Risco,1,0,0
189,2025,31228401,Teófilo Otoni,100,57.14285714285714,🟡 Médio Risco,1,0,0
190,2025,31228419,Teófilo Otoni,26,57.14285714285714,🟡 Médio Risco,1,0,0
191,2025,31092835,Santa Cruz de Salinas,3,57.14285714285714,🟡 Médio Risco,1,0,0
192,2025,31232424,São Domingos do Prata,10,57.14285714285714,🟡 Médio Risco,1,0,0
193,2025,31088871,Lassance,7,57.14285714285714,🟡 Médio Risco,1,0,0
194,2025,31155233,Novo Cruzeiro,21,57.14285714285714,🟡 Médio Risco,1,0,0
195,2025,31155241,Novo Cruzeiro,16,57.14285714285714,🟡 Médio Risco,1,0,0
196,2025,31155365,Novo Cruzeiro,13,57.14285714285714,🟡 Médio Risco,1,0,0
197,2025,31155373,Novo Cruzeiro,39,57.14285714285714,🟡 Médio Risco,1,0,0
198,2025,31155462,Ouro Verde de Minas,5,57.14285714285714,🟡 Médio Risco,1,0,0
199,2025,31388840,Sabará,59,57.14285714285714,🟡 Médio Risco,1,0,0
200,2025,31155756,Padre Paraíso,53,57.14285714285714,🟡 Médio Risco,1,0,0
201,2025,31156701,Teófilo Otoni,22,57.14285714285714,🟡 Médio Risco,1,0,0
202,2025,31156744,Novo Oriente de Minas,46,57.14285714285714,🟡 Médio Risco,1,0,0
203,2025,31156795,Teófilo Otoni,26,57.14285714285714,🟡 Médio Risco,1,0,0
204,2025,31156817,Teófilo Otoni,22,57.14285714285714,🟡 Médio Risco,1,0,0
205,2025,31156833,Teófilo Otoni,5,57.14285714285714,🟡 Médio Risco,1,0,0
206,2025,31156906,Teófilo Otoni,65,57.14285714285714,🟡 Médio Risco,1,0,0
207,2025,31156981,Teófilo Otoni,6,57.14285714285714,🟡 Médio Risco,1,0,0
208,2025,31156990,Teófilo Otoni,14,57.14285714285714,🟡 Médio Risco,1,0,0
209,2025,31087289,Grão Mogol,13,57.14285714285714,🟡 Médio Risco,1,0,0
210,2025,31087394,Grão Mogol,17,57.14285714285714,🟡 Médio Risco,1,0,0
211,2025,31087530,Grão Mogol,30,57.14285714285714,🟡 Médio Risco,1,0,0
212,2025,31087602,Grão Mogol,9,57.14285714285714,🟡 Médio Risco,1,0,0
213,2025,31087637,Grão Mogol,14,57.14285714285714,🟡 Médio Risco,1,0,0
214,2025,31236349,Conceição do Pará,13,57.14285714285714,🟡 Médio Risco,1,0,0
215,2025,31237094,Manga,9,57.14285714285714,🟡 Médio Risco,1,0,0
216,2025,31237230,Bandeira,172,57.14285714285714,🟡 Médio Risco,1,0,0
217,2025,31084794,Buritizeiro,5,57.14285714285714,🟡 Médio Risco,1,0,0
218,2025,31084972,Buritizeiro,11,57.14285714285714,🟡 Médio Risco,1,0,0
219,2025,31242608,Serra Azul de Minas,8,57.14285714285714,🟡 Médio Risco,1,0,0
220,2025,31242764,Januária,36,57.14285714285714,🟡 Médio Risco,1,0,0
221,2025,31243019,Ponto dos Volantes,3,57.14285714285714,🟡 Médio Risco,1,0,0
222,2025,31243281,Santana do Garambéu,49,57.14285714285714,🟡 Médio Risco,1,0,0
223,2025,31243876,Água Boa,36,57.14285714285714,🟡 Médio Risco,1,0,0
224,2025,31248533,Jaíba,14,57.14285714285714,🟡 Médio Risco,1,0,0
225,2025,31250902,Itambacuri,52,57.14285714285714,🟡 Médio Risco,1,0,0
226,2025,31252581,Bias Fortes,7,57.14285714285714,🟡 Médio Risco,1,0,0
227,2025,31255734,Monte Azul,2,57.14285714285714,🟡 Médio Risco,1,0,0
228,2025,31080136,Mamonas,10,57.14285714285714,🟡 Médio Risco,1,0,0
229,2025,31256609,Santa Rita de Caldas,16,57.14285714285714,🟡 Médio Risco,1,0,0
230,2025,31077836,Mutum,15,57.14285714285714,🟡 Médio Risco,1,0,0
231,2025,31077887,Mutum,14,57.14285714285714,🟡 Médio Risco,1,0,0
232,2025,31078018,Mutum,26,57.14285714285714,🟡 Médio Risco,1,0,0
233,2025,31078042,Mutum,8,57.14285714285714,🟡 Médio Risco,1,0,0
234,2025,31078093,Mutum,27,57.14285714285714,🟡 Médio Risco,1,0,0
235,2025,31077224,Durandé,20,57.14285714285714,🟡 Médio Risco,1,0,0
236,2025,31381845,Catas Altas da Noruega,14,57.14285714285714,🟡 Médio Risco,1,0,0
237,2025,31077402,Durandé,40,57.14285714285714,🟡 Médio Risco,1,0,0
238,2025,31261653,Poté,21,57.14285714285714,🟡 Médio Risco,1,0,0
239,2025,31076953,Luisburgo,21,57.14285714285714,🟡 Médio Risco,1,0,0
240,2025,31076571,Lajinha,24,57.14285714285714,🟡 Médio Risco,1,0,0
241,2025,31076627,Lajinha,7,57.14285714285714,🟡 Médio Risco,1,0,0
242,2025,31076635,Lajinha,11,57.14285714285714,🟡 Médio Risco,1,0,0
243,2025,31076091,Chalé,13,57.14285714285714,🟡 Médio Risco,1,0,0
244,2025,31076350,Lajinha,10,57.14285714285714,🟡 Médio Risco,1,0,0
245,2025,31076368,Lajinha,7,57.14285714285714,🟡 Médio Risco,1,0,0
246,2025,31076457,Lajinha,23,57.14285714285714,🟡 Médio Risco,1,0,0
247,2025,31076473,Lajinha,15,57.14285714285714,🟡 Médio Risco,1,0,0
248,2025,31076503,Lajinha,74,57.14285714285714,🟡 Médio Risco,1,0,0
249,2025,31075949,Caputira,19,57.14285714285714,🟡 Médio Risco,1,0,0
250,2025,31075965,Caputira,51,57.14285714285714,🟡 Médio Risco,1,0,0
251,2025,31076015,Caputira,40,57.14285714285714,🟡 Médio Risco,1,0,0
252,2025,31263231,Varzelândia,34,57.14285714285714,🟡 Médio Risco,1,0,0
253,2025,31263320,Ubaí,75,57.14285714285714,🟡 Médio Risco,1,0,0
254,2025,31263346,Ubaí,38,57.14285714285714,🟡 Médio Risco,1,0,0
255,2025,31379093,Pedras de Maria da Cruz,52,57.14285714285714,🟡 Médio Risco,1,0,0
256,2025,31379107,Pedras de Maria da Cruz,48,57.14285714285714,🟡 Médio Risco,1,0,0
257,2025,31380016,Santa Helena de Minas,14,57.14285714285714,🟡 Médio Risco,1,0,0
258,2025,31263591,Itacarambi,70,57.14285714285714,🟡 Médio Risco,1,0,0
259,2025,31263630,Itacarambi,42,57.14285714285714,🟡 Médio Risco,1,0,0
260,2025,31263648,Mendes Pimentel,32,57.14285714285714,🟡 Médio Risco,1,0,0
261,2025,31263834,Nova Belém,23,57.14285714285714,🟡 Médio Risco,1,0,0
262,2025,31075566,Mutum,7,57.14285714285714,🟡 Médio Risco,1,0,0
263,2025,31264881,Tarumirim,9,57.14285714285714,🟡 Médio Risco,1,0,0
264,2025,31265764,Conceição do Mato Dentro,10,57.14285714285714,🟡 Médio Risco,1,0,0
265,2025,31265781,Conceição do Mato Dentro,30,57.14285714285714,🟡 Médio Risco,1,0,0
266,2025,31071692,Juiz de Fora,11,57.14285714285714,🟡 Médio Risco,1,0,0
267,2025,31267911,Bonito de Minas,6,57.14285714285714,🟡 Médio Risco,1,0,0
268,2025,31269361,Santa Rita do Itueto,16,57.14285714285714,🟡 Médio Risco,1,0,0
269,2025,31270458,Virgínia,35,57.14285714285714,🟡 Médio Risco,1,0,0
270,2025,31270466,Virgínia,24,57.14285714285714,🟡 Médio Risco,1,0,0
271,2025,31069639,Rio Preto,4,57.14285714285714,🟡 Médio Risco,1,0,0
272,2025,31275506,Pedras de Maria da Cruz,23,57.14285714285714,🟡 Médio Risco,1,0,0
273,2025,31275824,Divino das Laranjeiras,29,57.14285714285714,🟡 Médio Risco,1,0,0
274,2025,31275981,Divino das Laranjeiras,21,57.14285714285714,🟡 Médio Risco,1,0,0
275,2025,31275999,Divino das Laranjeiras,29,57.14285714285714,🟡 Médio Risco,1,0,0
276,2025,31277347,Bocaiúva,28,57.14285714285714,🟡 Médio Risco,1,0,0
277,2025,31067091,Ponto Chique,15,57.14285714285714,🟡 Médio Risco,1,0,0
278,2025,31067156,Ubaí,6,57.14285714285714,🟡 Médio Risco,1,0,0
279,2025,31282472,Carangola,19,57.14285714285714,🟡 Médio Risco,1,0,0
280,2025,31065439,Montalvânia,10,57.14285714285714,🟡 Médio Risco,1,0,0
281,2025,31065501,Montalvânia,37,57.14285714285714,🟡 Médio Risco,1,0,0
282,2025,31065757,Montalvânia,14,57.14285714285714,🟡 Médio Risco,1,0,0
283,2025,31066206,São Francisco,8,57.14285714285714,🟡 Médio Risco,1,0,0
284,2025,31064734,Manga,22,57.14285714285714,🟡 Médio Risco,1,0,0
285,2025,31064785,Manga,6,57.14285714285714,🟡 Médio Risco,1,0,0
286,2025,31064831,Manga,15,57.14285714285714,🟡 Médio Risco,1,0,0
287,2025,31064157,Bonito de Minas,11,57.14285714285714,🟡 Médio Risco,1,0,0
288,2025,31064378,Januária,30,57.14285714285714,🟡 Médio Risco,1,0,0
289,2025,31153818,Ladainha,14,57.14285714285714,🟡 Médio Risco,1,0,0
290,2025,31153826,Ladainha,26,57.14285714285714,🟡 Médio Risco,1,0,0
291,2025,31153842,Ladainha,6,57.14285714285714,🟡 Médio Risco,1,0,0
292,2025,31389285,Araguari,79,57.14285714285714,🟡 Médio Risco,1,0,0
293,2025,31389287,Januária,32,57.14285714285714,🟡 Médio Risco,1,0,0
294,2025,31389288,Januária,37,57.14285714285714,🟡 Médio Risco,1,0,0
295,2025,31389290,Urucuia,22,57.14285714285714,🟡 Médio Risco,1,0,0
296,2025,31389291,Coração de Jesus,12,57.14285714285714,🟡 Médio Risco,1,0,0
297,2025,31389294,Paracatu,25,57.14285714285714,🟡 Médio Risco,1,0,0
298,2025,31389297,Alvorada de Minas,14,57.14285714285714,🟡 Médio Risco,1,0,0
299,2025,31389301,Buritis,26,57.14285714285714,🟡 Médio Risco,1,0,0
300,2025,31389303,Chapada Gaúcha,25,57.14285714285714,🟡 Médio Risco,1,0,0
301,2025,31155071,Novo Cruzeiro,12,57.14285714285714,🟡 Médio Risco,1,0,0
302,2025,31155098,Novo Cruzeiro,41,57.14285714285714,🟡 Médio Risco,1,0,0
303,2025,31155144,Novo Cruzeiro,55,57.14285714285714,🟡 Médio Risco,1,0,0
304,2025,31284378,Monte Formoso,140,57.14285714285714,🟡 Médio Risco,1,0,0
305,2025,31284602,Além Paraíba,28,57.14285714285714,🟡 Médio Risco,1,0,0
306,2025,31284955,Comercinho,7,57.14285714285714,🟡 Médio Risco,1,0,0
307,2025,31286583,Barra Longa,34,57.14285714285714,🟡 Médio Risco,1,0,0
308,2025,31287849,Arinos,28,57.14285714285714,🟡 Médio Risco,1,0,0
309,2025,31288659,Coroaci,13,57.14285714285714,🟡 Médio Risco,1,0,0
310,2025,31288675,Coroaci,11,57.14285714285714,🟡 Médio Risco,1,0,0
311,2025,31289213,Comercinho,20,57.14285714285714,🟡 Médio Risco,1,0,0
312,2025,31294501,Pedras de Maria da Cruz,8,57.14285714285714,🟡 Médio Risco,1,0,0
313,2025,31296562,Manga,22,57.14285714285714,🟡 Médio Risco,1,0,0
314,2025,31052841,São Sebastião do Maranhão,11,57.14285714285714,🟡 Médio Risco,1,0,0
315,2025,31052957,São Sebastião do Maranhão,24,57.14285714285714,🟡 Médio Risco,1,0,0
316,2025,31052981,São Sebastião do Maranhão,16,57.14285714285714,🟡 Médio Risco,1,0,0
317,2025,31053015,São Sebastião do Maranhão,12,57.14285714285714,🟡 Médio Risco,1,0,0
318,2025,31051501,Santa Efigênia de Minas,13,57.14285714285714,🟡 Médio Risco,1,0,0
319,2025,31298654,Januária,32,57.14285714285714,🟡 Médio Risco,1,0,0
320,2025,31301264,Dionísio,52,57.14285714285714,🟡 Médio Risco,1,0,0
321,2025,31047074,Coluna,26,57.14285714285714,🟡 Médio Risco,1,0,0
322,2025,31047082,Coluna,26,57.14285714285714,🟡 Médio Risco,1,0,0
323,2025,31047121,Coluna,53,57.14285714285714,🟡 Médio Risco,1,0,0
324,2025,31046132,Água Boa,10,57.14285714285714,🟡 Médio Risco,1,0,0
325,2025,31046230,Água Boa,4,57.14285714285714,🟡 Médio Risco,1,0,0
326,2025,31046353,Água Boa,37,57.14285714285714,🟡 Médio Risco,1,0,0
327,2025,31046388,Água Boa,7,57.14285714285714,🟡 Médio Risco,1,0,0
328,2025,31046396,Água Boa,13,57.14285714285714,🟡 Médio Risco,1,0,0
329,2025,31046400,Água Boa,28,57.14285714285714,🟡 Médio Risco,1,0,0
330,2025,31305511,Botelhos,30,57.14285714285714,🟡 Médio Risco,1,0,0
331,2025,31307785,Bonito de Minas,47,57.14285714285714,🟡 Médio Risco,1,0,0
332,2025,31044431,Nova Belém,43,57.14285714285714,🟡 Médio Risco,1,0,0
333,2025,31314137,Mutum,6,57.14285714285714,🟡 Médio Risco,1,0,0
334,2025,31314251,Mutum,24,57.14285714285714,🟡 Médio Risco,1,0,0
335,2025,31317179,São João da Ponte,27,57.14285714285714,🟡 Médio Risco,1,0,0
336,2025,31317209,Iraí de Minas,2,57.14285714285714,🟡 Médio Risco,1,0,0
337,2025,31323136,Tarumirim,6,57.14285714285714,🟡 Médio Risco,1,0,0
338,2025,31323144,Tarumirim,18,57.14285714285714,🟡 Médio Risco,1,0,0
339,2025,31323918,Pocrane,15,57.14285714285714,🟡 Médio Risco,1,0,0
340,2025,31325058,Joaíma,37,57.14285714285714,🟡 Médio Risco,1,0,0
341,2025,31325571,Ubaí,8,57.14285714285714,🟡 Médio Risco,1,0,0
342,2025,31325597,Ubaí,28,57.14285714285714,🟡 Médio Risco,1,0,0
343,2025,31333085,Caputira,71,57.14285714285714,🟡 Médio Risco,1,0,0
344,2025,31333093,Caputira,55,57.14285714285714,🟡 Médio Risco,1,0,0
345,2025,31334197,Cristália,8,57.14285714285714,🟡 Médio Risco,1,0,0
346,2025,31337382,Coração de Jesus,53,57.14285714285714,🟡 Médio Risco,1,0,0
347,2025,31337960,Caparaó,7,57.14285714285714,🟡 Médio Risco,1,0,0
348,2025,31339407,Lajinha,16,57.14285714285714,🟡 Médio Risco,1,0,0
349,2025,31339571,Montes Claros,112,57.14285714285714,🟡 Médio Risco,1,0,0
350,2025,31030848,Serro,27,57.14285714285714,🟡 Médio Risco,1,0,0
351,2025,31030864,Serro,75,57.14285714285714,🟡 Médio Risco,1,0,0
352,2025,31030881,Serro,21,57.14285714285714,🟡 Médio Risco,1,0,0
353,2025,31030911,Serro,32,57.14285714285714,🟡 Médio Risco,1,0,0
354,2025,31030937,Serro,36,57.14285714285714,🟡 Médio Risco,1,0,0
355,2025,31031062,Serro,22,57.14285714285714,🟡 Médio Risco,1,0,0
356,2025,31031071,Serro,13,57.14285714285714,🟡 Médio Risco,1,0,0
357,2025,31031089,Serro,35,57.14285714285714,🟡 Médio Risco,1,0,0
358,2025,31030708,Serra Azul de Minas,21,57.14285714285714,🟡 Médio Risco,1,0,0
359,2025,31030716,Serra Azul de Minas,12,57.14285714285714,🟡 Médio Risco,1,0,0
360,2025,31030741,Serro,7,57.14285714285714,🟡 Médio Risco,1,0,0
361,2025,31030783,Serro,23,57.14285714285714,🟡 Médio Risco,1,0,0
362,2025,31341436,Paracatu,42,57.14285714285714,🟡 Médio Risco,1,0,0
363,2025,31341444,Paracatu,245,57.14285714285714,🟡 Médio Risco,1,0,0
364,2025,31341495,Lontra,26,57.14285714285714,🟡 Médio Risco,1,0,0
365,2025,31029084,Minas Novas,15,57.14285714285714,🟡 Médio Risco,1,0,0
366,2025,31029211,Minas Novas,4,57.14285714285714,🟡 Médio Risco,1,0,0
367,2025,31029271,Minas Novas,4,57.14285714285714,🟡 Médio Risco,1,0,0
368,2025,31029335,Minas Novas,10,57.14285714285714,🟡 Médio Risco,1,0,0
369,2025,31029581,Minas Novas,67,57.14285714285714,🟡 Médio Risco,1,0,0
370,2025,31028509,Itamarandiba,15,57.14285714285714,🟡 Médio Risco,1,0,0
371,2025,31028525,Itamarandiba,7,57.14285714285714,🟡 Médio Risco,1,0,0
372,2025,31019551,Imbé de Minas,6,57.14285714285714,🟡 Médio Risco,1,0,0
373,2025,31017272,Bias Fortes,8,57.14285714285714,🟡 Médio Risco,1,0,0
374,2025,31015997,Ressaquinha,13,57.14285714285714,🟡 Médio Risco,1,0,0
375,2025,31126314,Campestre,29,57.14285714285714,🟡 Médio Risco,1,0,0
376,2025,31389393,Paracatu,43,57.14285714285714,🟡 Médio Risco,1,0,0
377,2025,31389421,Araçuaí,4,57.14285714285714,🟡 Médio Risco,1,0,0
378,2025,31389398,Chapada Gaúcha,56,57.14285714285714,🟡 Médio Risco,1,0,0
379,2025,31389413,Arinos,11,57.14285714285714,🟡 Médio Risco,1,0,0
380,2025,31389438,Presidente Olegário,8,57.14285714285714,🟡 Médio Risco,1,0,0
381,2025,31389368,Ubaí,21,57.14285714285714,🟡 Médio Risco,1,0,0
382,2025,31389376,Munhoz,47,57.14285714285714,🟡 Médio Risco,1,0,0
383,2025,31389377,Januária,13,57.14285714285714,🟡 Médio Risco,1,0,0
384,2025,31389391,Arinos,20,57.14285714285714,🟡 Médio Risco,1,0,0
385,2025,31130028,Viçosa,133,57.14285714285714,🟡 Médio Risco,1,0,0
386,2025,31130265,Abre Campo,16,57.14285714285714,🟡 Médio Risco,1,0,0
387,2025,31130290,Abre Campo,21,57.14285714285714,🟡 Médio Risco,1,0,0
388,2025,31352357,São Sebastião do Maranhão,15,57.14285714285714,🟡 Médio Risco,1,0,0
389,2025,31353728,Varzelândia,24,57.14285714285714,🟡 Médio Risco,1,0,0
390,2025,31358380,Januária,5,57.14285714285714,🟡 Médio Risco,1,0,0
391,2025,31369730,Alvinópolis,48,57.14285714285714,🟡 Médio Risco,1,0,0
392,2025,31358517,Januária,6,57.14285714285714,🟡 Médio Risco,1,0,0
393,2025,31011126,Barão de Cocais,20,57.14285714285714,🟡 Médio Risco,1,0,0
394,2025,31363499,Bom Jesus do Amparo,6,57.14285714285714,🟡 Médio Risco,1,0,0
395,2025,31365696,Catas Altas da Noruega,95,57.14285714285714,🟡 Médio Risco,1,0,0
396,2025,31356484,Novo Cruzeiro,17,57.14285714285714,🟡 Médio Risco,1,0,0
397,2025,31153753,Ladainha,35,57.14285714285714,🟡 Médio Risco,1,0,0
398,2025,31153761,Ladainha,22,57.14285714285714,🟡 Médio Risco,1,0,0
399,2025,31028673,Aricanduva,10,57.14285714285714,🟡 Médio Risco,1,0,0
400,2025,31028789,Itamarandiba,14,57.14285714285714,🟡 Médio Risco,1,0,0
401,2025,31028053,Jenipapo de Minas,26,57.14285714285714,🟡 Médio Risco,1,0,0
402,2025,31028096,Jenipapo de Minas,10,57.14285714285714,🟡 Médio Risco,1,0,0
403,2025,31026409,Chapada do Norte,56,57.14285714285714,🟡 Médio Risco,1,0,0
404,2025,31026760,Chapada do Norte,64,57.14285714285714,🟡 Médio Risco,1,0,0
405,2025,31026930,Conceição do Mato Dentro,7,57.14285714285714,🟡 Médio Risco,1,0,0
406,2025,31026999,Conceição do Mato Dentro,19,57.14285714285714,🟡 Médio Risco,1,0,0
407,2025,31130401,Pedra Bonita,53,57.14285714285714,🟡 Médio Risco,1,0,0
408,2025,31132152,Porto Firme,6,57.14285714285714,🟡 Médio Risco,1,0,0
409,2025,31136603,São Tiago,14,57.14285714285714,🟡 Médio Risco,1,0,0
410,2025,31389347,Urucuia,29,57.14285714285714,🟡 Médio Risco,1,0,0
411,2025,31142662,Cordisburgo,6,57.14285714285714,🟡 Médio Risco,1,0,0
412,2025,31363677,Icaraí de Minas,9,52.38095238095239,🟡 Médio Risco,0,0,1
413,2025,31328201,Muriaé,132,52.38095238095239,🟡 Médio Risco,0,0,1
414,2025,31350907,Divisópolis,97,52.38095238095239,🟡 Médio Risco,0,0,1
415,2025,31045934,Açucena,109,52.38095238095239,🟡 Médio Risco,0,0,1
416,2025,31316806,Nova Porteirinha,92,52.38095238095239,🟡 Médio Risco,0,0,1
417,2025,31334278,Fervedouro,47,52.38095238095239,🟡 Médio Risco,0,0,1
418,2025,31065846,São Francisco,239,52.38095238095239,🟡 Médio Risco,0,0,1
419,2025,31274526,Barra Longa,21,52.38095238095239,🟡 Médio Risco,0,0,1
420,2025,31070041,Santos Dumont,80,52.38095238095239,🟡 Médio Risco,0,0,1
421,2025,31076244,Conceição de Ipanema,162,52.38095238095239,🟡 Médio Risco,0,0,1
422,2025,31381349,Moema,170,52.38095238095239,🟡 Médio Risco,0,0,1
423,2025,31381322,Inhapim,302,52.38095238095239,🟡 Médio Risco,0,0,1
424,2025,31382540,Icaraí de Minas,7,52.38095238095239,🟡 Médio Risco,0,0,1
425,2025,31092053,Rio Pardo de Minas,124,52.38095238095239,🟡 Médio Risco,0,0,1
426,2025,31097187,Fervedouro,164,52.38095238095239,🟡 Médio Risco,0,0,1
427,2025,31121525,Patos de Minas,29,52.38095238095239,🟡 Médio Risco,0,0,1
428,2025,31389441,São Joaquim de Bicas,14,52.38095238095239,🟡 Médio Risco,0,0,1
429,2025,31125245,Andradas,119,47.61904761904761,🟡 Médio Risco,0,1,0
430,2025,31008249,Brumadinho,181,47.61904761904761,🟡 Médio Risco,0,1,0
431,2025,31369861,Montes Claros,100,47.61904761904761,🟡 Médio Risco,0,1,0
432,2025,31353850,São João da Ponte,47,47.61904761904761,🟡 Médio Risco,0,1,0
433,2025,31012815,Nova Lima,309,47.61904761904761,🟡 Médio Risco,0,1,0
434,2025,31066079,Icaraí de Minas,14,47.61904761904761,🟡 Médio Risco,0,1,0
435,2025,31077186,Manhuaçu,100,47.61904761904761,🟡 Médio Risco,0,1,0
436,2025,31190527,Santo Antônio do Jacinto,27,47.61904761904761,🟡 Médio Risco,0,1,0
437,2025,31130311,Pedra Bonita,257,47.61904761904761,🟡 Médio Risco,0,1,0
438,2025,31389369,Juiz de Fora,10,47.61904761904761,🟡 Médio Risco,0,1,0
439,2025,31389433,Lima Duarte,23,42.857142857142854,🟡 Médio Risco,0,0,0
440,2025,31389432,Sacramento,48,42.857142857142854,🟡 Médio Risco,0,0,0
441,2025,31389431,Francisco Sá,47,42.857142857142854,🟡 Médio Risco,0,0,0
442,2025,31389437,Gameleiras,59,42.857142857142854,🟡 Médio Risco,0,0,0
443,2025,31369705,Perdões,296,42.857142857142854,🟡 Médio Risco,0,0,0
444,2025,31369691,Mercês,133,42.857142857142854,🟡 Médio Risco,0,0,0
445,2025,31369659,Jaíba,82,42.857142857142854,🟡 Médio Risco,0,0,0
446,2025,31369632,Nova Serrana,212,42.857142857142854,🟡 Médio Risco,0,0,0
447,2025,31369578,Januária,149,42.857142857142854,🟡 Médio Risco,0,0,0
448,2025,31369497,Mutum,326,42.857142857142854,🟡 Médio Risco,0,0,0
449,2025,31009083,Ibirité,639,42.857142857142854,🟡 Médio Risco,0,0,0
450,2025,31009067,Ibirité,379,42.857142857142854,🟡 Médio Risco,0,0,0
451,2025,31369373,São Sebastião da Bela Vista,155,42.857142857142854,🟡 Médio Risco,0,0,0
452,2025,31369365,Bicas,119,42.857142857142854,🟡 Médio Risco,0,0,0
453,2025,31369330,Extrema,249,42.857142857142854,🟡 Médio Risco,0,0,0
454,2025,31369292,Verdelândia,97,42.857142857142854,🟡 Médio Risco,0,0,0
455,2025,31369268,Coronel Fabriciano,86,42.857142857142854,🟡 Médio Risco,0,0,0
456,2025,31369225,Porto Firme,18,42.857142857142854,🟡 Médio Risco,0,0,0
457,2025,31369209,Leopoldina,37,42.857142857142854,🟡 Médio Risco,0,0,0
458,2025,31369195,Leopoldina,141,42.857142857142854,🟡 Médio Risco,0,0,0
459,2025,31369110,Varginha,132,42.857142857142854,🟡 Médio Risco,0,0,0
460,2025,31369101,Varginha,257,42.857142857142854,🟡 Médio Risco,0,0,0
461,2025,31369098,Varginha,106,42.857142857142854,🟡 Médio Risco,0,0,0
462,2025,31009342,Jaboticatubas,64,42.857142857142854,🟡 Médio Risco,0,0,0
463,2025,31369063,Resplendor,133,42.857142857142854,🟡 Médio Risco,0,0,0
464,2025,31369047,Lavras,132,42.857142857142854,🟡 Médio Risco,0,0,0
465,2025,31369020,Caratinga,134,42.857142857142854,🟡 Médio Risco,0,0,0
466,2025,31368946,Senador José Bento,48,42.857142857142854,🟡 Médio Risco,0,0,0
467,2025,31368938,Itaúna,287,42.857142857142854,🟡 Médio Risco,0,0,0
468,2025,31368857,Três Marias,102,42.857142857142854,🟡 Médio Risco,0,0,0
469,2025,31368849,Três Marias,85,42.857142857142854,🟡 Médio Risco,0,0,0
470,2025,31368830,Engenheiro Caldas,106,42.857142857142854,🟡 Médio Risco,0,0,0
471,2025,31368792,Lajinha,129,42.857142857142854,🟡 Médio Risco,0,0,0
472,2025,31368776,Varzelândia,62,42.857142857142854,🟡 Médio Risco,0,0,0
473,2025,31368750,Visconde do Rio Branco,86,42.857142857142854,🟡 Médio Risco,0,0,0
474,2025,31368741,Visconde do Rio Branco,68,42.857142857142854,🟡 Médio Risco,0,0,0
475,2025,31368660,Timóteo,56,42.857142857142854,🟡 Médio Risco,0,0,0
476,2025,31368610,Mariana,136,42.857142857142854,🟡 Médio Risco,0,0,0
477,2025,31368458,Jenipapo de Minas,86,42.857142857142854,🟡 Médio Risco,0,0,0
478,2025,31009563,Nova Lima,265,42.857142857142854,🟡 Médio Risco,0,0,0
479,2025,31009555,Nova Lima,61,42.857142857142854,🟡 Médio Risco,0,0,0
480,2025,31009512,Lagoa Santa,433,42.857142857142854,🟡 Médio Risco,0,0,0
481,2025,31368202,Presidente Olegário,41,42.857142857142854,🟡 Médio Risco,0,0,0
482,2025,31368083,Nova Serrana,191,42.857142857142854,🟡 Médio Risco,0,0,0
483,2025,31367990,Manga,8,42.857142857142854,🟡 Médio Risco,0,0,0
484,2025,31367982,Pouso Alegre,174,42.857142857142854,🟡 Médio Risco,0,0,0
485,2025,31367931,Manga,44,42.857142857142854,🟡 Médio Risco,0,0,0
486,2025,31367893,Ubá,233,42.857142857142854,🟡 Médio Risco,0,0,0
487,2025,31367842,Ipatinga,191,42.857142857142854,🟡 Médio Risco,0,0,0
488,2025,31367818,Campos Altos,74,42.857142857142854,🟡 Médio Risco,0,0,0
489,2025,31367796,Ijaci,118,42.857142857142854,🟡 Médio Risco,0,0,0
490,2025,31367788,Santa Rita do Sapucaí,139,42.857142857142854,🟡 Médio Risco,0,0,0
491,2025,31367761,Ibirité,362,42.857142857142854,🟡 Médio Risco,0,0,0
492,2025,31367753,Ibirité,250,42.857142857142854,🟡 Médio Risco,0,0,0
493,2025,31367745,Ibirité,299,42.857142857142854,🟡 Médio Risco,0,0,0
494,2025,31367737,Ibirité,274,42.857142857142854,🟡 Médio Risco,0,0,0
495,2025,31367702,Lagoa Formosa,107,42.857142857142854,🟡 Médio Risco,0,0,0
496,2025,31367699,Cana Verde,75,42.857142857142854,🟡 Médio Risco,0,0,0
497,2025,31367605,Lagoa Formosa,292,42.857142857142854,🟡 Médio Risco,0,0,0
498,2025,31367591,Lagoa Formosa,275,42.857142857142854,🟡 Médio Risco,0,0,0
499,2025,31367508,Matias Barbosa,112,42.857142857142854,🟡 Médio Risco,0,0,0
500,2025,31367494,São Gotardo,31,42.857142857142854,🟡 Médio Risco,0,0,0
501,2025,31009750,Pedro Leopoldo,706,42.857142857142854,🟡 Médio Risco,0,0,0
502,2025,31009741,Pedro Leopoldo,324,42.857142857142854,🟡 Médio Risco,0,0,0
503,2025,31009695,Pedro Leopoldo,390,42.857142857142854,🟡 Médio Risco,0,0,0
504,2025,31009636,Pedro Leopoldo,160,42.857142857142854,🟡 Médio Risco,0,0,0
505,2025,31009628,Pedro Leopoldo,257,42.857142857142854,🟡 Médio Risco,0,0,0
506,2025,31009580,Nova Lima,839,42.857142857142854,🟡 Médio Risco,0,0,0
507,2025,31367320,Itajubá,124,42.857142857142854,🟡 Médio Risco,0,0,0
508,2025,31367273,José Gonçalves de Minas,133,42.857142857142854,🟡 Médio Risco,0,0,0
509,2025,31367265,Cabo Verde,64,42.857142857142854,🟡 Médio Risco,0,0,0
510,2025,31367230,Pratinha,172,42.857142857142854,🟡 Médio Risco,0,0,0
511,2025,31367214,Araxá,190,42.857142857142854,🟡 Médio Risco,0,0,0
512,2025,31367206,Araxá,188,42.857142857142854,🟡 Médio Risco,0,0,0
513,2025,31367184,Nova Serrana,281,42.857142857142854,🟡 Médio Risco,0,0,0
514,2025,31367168,Franciscópolis,20,42.857142857142854,🟡 Médio Risco,0,0,0
515,2025,31367141,Frutal,208,42.857142857142854,🟡 Médio Risco,0,0,0
516,2025,31367125,Águas Formosas,139,42.857142857142854,🟡 Médio Risco,0,0,0
517,2025,31367095,Paracatu,250,42.857142857142854,🟡 Médio Risco,0,0,0
518,2025,31367001,Estrela do Sul,26,42.857142857142854,🟡 Médio Risco,0,0,0
519,2025,31366960,Araguari,86,42.857142857142854,🟡 Médio Risco,0,0,0
520,2025,31366951,Santo Antônio do Retiro,238,42.857142857142854,🟡 Médio Risco,0,0,0
521,2025,31366900,Muzambinho,104,42.857142857142854,🟡 Médio Risco,0,0,0
522,2025,31366889,Pouso Alegre,115,42.857142857142854,🟡 Médio Risco,0,0,0
523,2025,31366870,Betim,102,42.857142857142854,🟡 Médio Risco,0,0,0
524,2025,31366862,Araxá,160,42.857142857142854,🟡 Médio Risco,0,0,0
525,2025,31366854,Araxá,167,42.857142857142854,🟡 Médio Risco,0,0,0
526,2025,31366846,Araxá,139,42.857142857142854,🟡 Médio Risco,0,0,0
527,2025,31366820,Januária,8,42.857142857142854,🟡 Médio Risco,0,0,0
528,2025,31366803,Januária,10,42.857142857142854,🟡 Médio Risco,0,0,0
529,2025,31366773,Barbacena,210,42.857142857142854,🟡 Médio Risco,0,0,0
530,2025,31366730,Teófilo Otoni,158,42.857142857142854,🟡 Médio Risco,0,0,0
531,2025,31366722,Teófilo Otoni,67,42.857142857142854,🟡 Médio Risco,0,0,0
532,2025,31366668,Montes Claros,462,42.857142857142854,🟡 Médio Risco,0,0,0
533,2025,31366625,Caraí,22,42.857142857142854,🟡 Médio Risco,0,0,0
534,2025,31366617,Caraí,30,42.857142857142854,🟡 Médio Risco,0,0,0
535,2025,31366579,Poços de Caldas,187,42.857142857142854,🟡 Médio Risco,0,0,0
536,2025,31366498,Vespasiano,298,42.857142857142854,🟡 Médio Risco,0,0,0
537,2025,31366420,Sacramento,186,42.857142857142854,🟡 Médio Risco,0,0,0
538,2025,31366404,Januária,203,42.857142857142854,🟡 Médio Risco,0,0,0
539,2025,31366390,Januária,41,42.857142857142854,🟡 Médio Risco,0,0,0
540,2025,31366382,Aimorés,28,42.857142857142854,🟡 Médio Risco,0,0,0
541,2025,31366366,Elói Mendes,159,42.857142857142854,🟡 Médio Risco,0,0,0
542,2025,31366323,Caldas,145,42.857142857142854,🟡 Médio Risco,0,0,0
543,2025,31366293,Oliveira,193,42.857142857142854,🟡 Médio Risco,0,0,0
544,2025,31366234,Sardoá,176,42.857142857142854,🟡 Médio Risco,0,0,0
545,2025,31366170,Santana do Paraíso,124,42.857142857142854,🟡 Médio Risco,0,0,0
546,2025,31366161,Santana do Paraíso,166,42.857142857142854,🟡 Médio Risco,0,0,0
547,2025,31010243,Rio Acima,199,42.857142857142854,🟡 Médio Risco,0,0,0
548,2025,31366129,Datas,33,42.857142857142854,🟡 Médio Risco,0,0,0
549,2025,31366064,Coronel Fabriciano,202,42.857142857142854,🟡 Médio Risco,0,0,0
550,2025,31366013,Várzea da Palma,130,42.857142857142854,🟡 Médio Risco,0,0,0
551,2025,31366005,Várzea da Palma,74,42.857142857142854,🟡 Médio Risco,0,0,0
552,2025,31365947,Contagem,170,42.857142857142854,🟡 Médio Risco,0,0,0
553,2025,31365840,Juiz de Fora,229,42.857142857142854,🟡 Médio Risco,0,0,0
554,2025,31365831,Juiz de Fora,82,42.857142857142854,🟡 Médio Risco,0,0,0
555,2025,31365815,Fervedouro,14,42.857142857142854,🟡 Médio Risco,0,0,0
556,2025,31365769,Arcos,129,42.857142857142854,🟡 Médio Risco,0,0,0
557,2025,31365670,Catas Altas,129,42.857142857142854,🟡 Médio Risco,0,0,0
558,2025,31010651,Santa Luzia,627,42.857142857142854,🟡 Médio Risco,0,0,0
559,2025,31365661,Jaíba,38,42.857142857142854,🟡 Médio Risco,0,0,0
560,2025,31365653,Coronel Fabriciano,110,42.857142857142854,🟡 Médio Risco,0,0,0
561,2025,31365629,Fervedouro,143,42.857142857142854,🟡 Médio Risco,0,0,0
562,2025,31365572,Belo Horizonte,219,42.857142857142854,🟡 Médio Risco,0,0,0
563,2025,31365459,Santa Vitória,242,42.857142857142854,🟡 Médio Risco,0,0,0
564,2025,31365440,Carlos Chagas,68,42.857142857142854,🟡 Médio Risco,0,0,0
565,2025,31365394,Ipatinga,181,42.857142857142854,🟡 Médio Risco,0,0,0
566,2025,31365378,Monte Formoso,160,42.857142857142854,🟡 Médio Risco,0,0,0
567,2025,31365246,Betim,112,42.857142857142854,🟡 Médio Risco,0,0,0
568,2025,31365220,Betim,124,42.857142857142854,🟡 Médio Risco,0,0,0
569,2025,31365181,Sarzedo,243,42.857142857142854,🟡 Médio Risco,0,0,0
570,2025,31364746,Brasilândia de Minas,103,42.857142857142854,🟡 Médio Risco,0,0,0
571,2025,31364690,Campos Gerais,122,42.857142857142854,🟡 Médio Risco,0,0,0
572,2025,31364665,Itajubá,150,42.857142857142854,🟡 Médio Risco,0,0,0
573,2025,31364622,Santa Luzia,352,42.857142857142854,🟡 Médio Risco,0,0,0
574,2025,31010847,Santa Luzia,737,42.857142857142854,🟡 Médio Risco,0,0,0
575,2025,31010758,Santa Luzia,1028,42.857142857142854,🟡 Médio Risco,0,0,0
576,2025,31364576,Montes Claros,312,42.857142857142854,🟡 Médio Risco,0,0,0
577,2025,31364568,Montes Claros,419,42.857142857142854,🟡 Médio Risco,0,0,0
578,2025,31364509,Monte Sião,212,42.857142857142854,🟡 Médio Risco,0,0,0
579,2025,31364495,Juiz de Fora,113,42.857142857142854,🟡 Médio Risco,0,0,0
580,2025,31364444,Guaxupé,173,42.857142857142854,🟡 Médio Risco,0,0,0
581,2025,31364401,Francisco Sá,36,42.857142857142854,🟡 Médio Risco,0,0,0
582,2025,31364398,Ouro Fino,122,42.857142857142854,🟡 Médio Risco,0,0,0
583,2025,31364304,Águas Vermelhas,232,42.857142857142854,🟡 Médio Risco,0,0,0
584,2025,31364169,Poços de Caldas,86,42.857142857142854,🟡 Médio Risco,0,0,0
585,2025,31364118,São Sebastião do Paraíso,253,42.857142857142854,🟡 Médio Risco,0,0,0
586,2025,31364100,Pará de Minas,267,42.857142857142854,🟡 Médio Risco,0,0,0
587,2025,31364029,Juiz de Fora,128,42.857142857142854,🟡 Médio Risco,0,0,0
588,2025,31364010,Juiz de Fora,68,42.857142857142854,🟡 Médio Risco,0,0,0
589,2025,31363901,Itaverava,179,42.857142857142854,🟡 Médio Risco,0,0,0
590,2025,31363855,Sete Lagoas,104,42.857142857142854,🟡 Médio Risco,0,0,0
591,2025,31010880,Santa Luzia,703,42.857142857142854,🟡 Médio Risco,0,0,0
592,2025,31363715,Ibirité,571,42.857142857142854,🟡 Médio Risco,0,0,0
593,2025,31363693,Poços de Caldas,100,42.857142857142854,🟡 Médio Risco,0,0,0
594,2025,31363669,Governador Valadares,440,42.857142857142854,🟡 Médio Risco,0,0,0
595,2025,31363650,Governador Valadares,187,42.857142857142854,🟡 Médio Risco,0,0,0
596,2025,31363596,Governador Valadares,162,42.857142857142854,🟡 Médio Risco,0,0,0
597,2025,31363570,Porteirinha,142,42.857142857142854,🟡 Médio Risco,0,0,0
598,2025,31363553,Porteirinha,123,42.857142857142854,🟡 Médio Risco,0,0,0
599,2025,31363545,Governador Valadares,306,42.857142857142854,🟡 Médio Risco,0,0,0
600,2025,31363448,Catuti,141,42.857142857142854,🟡 Médio Risco,0,0,0
601,2025,31363413,Coimbra,120,42.857142857142854,🟡 Médio Risco,0,0,0
602,2025,31363260,Bom Jesus do Galho,196,42.857142857142854,🟡 Médio Risco,0,0,0
603,2025,31363243,Pouso Alegre,341,42.857142857142854,🟡 Médio Risco,0,0,0
604,2025,31363219,Betim,215,42.857142857142854,🟡 Médio Risco,0,0,0
605,2025,31363189,Pouso Alegre,316,42.857142857142854,🟡 Médio Risco,0,0,0
606,2025,31363146,Nova Serrana,128,42.857142857142854,🟡 Médio Risco,0,0,0
607,2025,31011193,Barão de Cocais,15,42.857142857142854,🟡 Médio Risco,0,0,0
608,2025,31011151,Barão de Cocais,48,42.857142857142854,🟡 Médio Risco,0,0,0
609,2025,31362972,Chalé,94,42.857142857142854,🟡 Médio Risco,0,0,0
610,2025,31362930,Guaxupé,63,42.857142857142854,🟡 Médio Risco,0,0,0
611,2025,31362913,Vespasiano,180,42.857142857142854,🟡 Médio Risco,0,0,0
612,2025,31362611,Timóteo,53,42.857142857142854,🟡 Médio Risco,0,0,0
613,2025,31011746,Caeté,75,42.857142857142854,🟡 Médio Risco,0,0,0
614,2025,31011703,Caeté,440,42.857142857142854,🟡 Médio Risco,0,0,0
615,2025,31362573,São Francisco,241,42.857142857142854,🟡 Médio Risco,0,0,0
616,2025,31362565,São Francisco,194,42.857142857142854,🟡 Médio Risco,0,0,0
617,2025,31362468,Felixlândia,211,42.857142857142854,🟡 Médio Risco,0,0,0
618,2025,31362425,Leme do Prado,30,42.857142857142854,🟡 Médio Risco,0,0,0
619,2025,31362387,Juiz de Fora,180,42.857142857142854,🟡 Médio Risco,0,0,0
620,2025,31362336,Santa Rosa da Serra,81,42.857142857142854,🟡 Médio Risco,0,0,0
621,2025,31362328,Miraí,352,42.857142857142854,🟡 Médio Risco,0,0,0
622,2025,31362093,Belo Horizonte,354,42.857142857142854,🟡 Médio Risco,0,0,0
623,2025,31362018,Belo Horizonte,431,42.857142857142854,🟡 Médio Risco,0,0,0
624,2025,31361887,Belo Horizonte,329,42.857142857142854,🟡 Médio Risco,0,0,0
625,2025,31361879,Belo Horizonte,239,42.857142857142854,🟡 Médio Risco,0,0,0
626,2025,31361860,Belo Horizonte,347,42.857142857142854,🟡 Médio Risco,0,0,0
627,2025,31361763,Belo Horizonte,344,42.857142857142854,🟡 Médio Risco,0,0,0
628,2025,31361461,São João das Missões,275,42.857142857142854,🟡 Médio Risco,0,0,0
629,2025,31361380,Betim,132,42.857142857142854,🟡 Médio Risco,0,0,0
630,2025,31361283,Itutinga,187,42.857142857142854,🟡 Médio Risco,0,0,0
631,2025,31361216,Santa Luzia,363,42.857142857142854,🟡 Médio Risco,0,0,0
632,2025,31361127,Dom Joaquim,26,42.857142857142854,🟡 Médio Risco,0,0,0
633,2025,31361100,Ibirité,194,42.857142857142854,🟡 Médio Risco,0,0,0
634,2025,31361097,Ibirité,316,42.857142857142854,🟡 Médio Risco,0,0,0
635,2025,31361046,Guaxupé,90,42.857142857142854,🟡 Médio Risco,0,0,0
636,2025,31361038,Pará de Minas,354,42.857142857142854,🟡 Médio Risco,0,0,0
637,2025,31361020,Pará de Minas,203,42.857142857142854,🟡 Médio Risco,0,0,0
638,2025,31360953,Pouso Alto,47,42.857142857142854,🟡 Médio Risco,0,0,0
639,2025,31360937,São Sebastião do Rio Preto,120,42.857142857142854,🟡 Médio Risco,0,0,0
640,2025,31360929,Pratápolis,107,42.857142857142854,🟡 Médio Risco,0,0,0
641,2025,31360848,Piumhi,183,42.857142857142854,🟡 Médio Risco,0,0,0
642,2025,31360651,Alfenas,104,42.857142857142854,🟡 Médio Risco,0,0,0
643,2025,31360570,São Tomé das Letras,44,42.857142857142854,🟡 Médio Risco,0,0,0
644,2025,31360554,Cambuquira,142,42.857142857142854,🟡 Médio Risco,0,0,0
645,2025,31360538,Belo Vale,360,42.857142857142854,🟡 Médio Risco,0,0,0
646,2025,31360449,Nova Serrana,118,42.857142857142854,🟡 Médio Risco,0,0,0
647,2025,31012394,São Joaquim de Bicas,467,42.857142857142854,🟡 Médio Risco,0,0,0
648,2025,31012335,Ibirité,297,42.857142857142854,🟡 Médio Risco,0,0,0
649,2025,31012301,Mário Campos,18,42.857142857142854,🟡 Médio Risco,0,0,0
650,2025,31012246,Esmeraldas,158,42.857142857142854,🟡 Médio Risco,0,0,0
651,2025,31012017,Crucilândia,272,42.857142857142854,🟡 Médio Risco,0,0,0
652,2025,31360090,Governador Valadares,313,42.857142857142854,🟡 Médio Risco,0,0,0
653,2025,31360074,Barbacena,265,42.857142857142854,🟡 Médio Risco,0,0,0
654,2025,31359955,Itacarambi,74,42.857142857142854,🟡 Médio Risco,0,0,0
655,2025,31359947,Jequeri,74,42.857142857142854,🟡 Médio Risco,0,0,0
656,2025,31359939,Jequeri,66,42.857142857142854,🟡 Médio Risco,0,0,0
657,2025,31359912,Nova Serrana,378,42.857142857142854,🟡 Médio Risco,0,0,0
658,2025,31359858,Santana do Paraíso,127,42.857142857142854,🟡 Médio Risco,0,0,0
659,2025,31359840,Pompéu,180,42.857142857142854,🟡 Médio Risco,0,0,0
660,2025,31359769,Santana do Paraíso,122,42.857142857142854,🟡 Médio Risco,0,0,0
661,2025,31359750,Santana do Paraíso,136,42.857142857142854,🟡 Médio Risco,0,0,0
662,2025,31359734,Visconde do Rio Branco,300,42.857142857142854,🟡 Médio Risco,0,0,0
663,2025,31359726,Ibirité,476,42.857142857142854,🟡 Médio Risco,0,0,0
664,2025,31359718,São Geraldo,133,42.857142857142854,🟡 Médio Risco,0,0,0
665,2025,31012807,Nova Lima,654,42.857142857142854,🟡 Médio Risco,0,0,0
666,2025,31012793,Nova Lima,238,42.857142857142854,🟡 Médio Risco,0,0,0
667,2025,31012777,Nova Lima,246,42.857142857142854,🟡 Médio Risco,0,0,0
668,2025,31012769,Nova Lima,219,42.857142857142854,🟡 Médio Risco,0,0,0
669,2025,31012742,Lagoa Santa,290,42.857142857142854,🟡 Médio Risco,0,0,0
670,2025,31012696,Lagoa Santa,246,42.857142857142854,🟡 Médio Risco,0,0,0
671,2025,31359661,Santo Antônio do Amparo,43,42.857142857142854,🟡 Médio Risco,0,0,0
672,2025,31359530,Rio Pomba,389,42.857142857142854,🟡 Médio Risco,0,0,0
673,2025,31359432,Patos de Minas,135,42.857142857142854,🟡 Médio Risco,0,0,0
674,2025,31359378,Contagem,152,42.857142857142854,🟡 Médio Risco,0,0,0
675,2025,31359360,Contagem,184,42.857142857142854,🟡 Médio Risco,0,0,0
676,2025,31359351,Contagem,102,42.857142857142854,🟡 Médio Risco,0,0,0
677,2025,31359335,Contagem,131,42.857142857142854,🟡 Médio Risco,0,0,0
678,2025,31359327,Contagem,128,42.857142857142854,🟡 Médio Risco,0,0,0
679,2025,31013072,Rio Acima,247,42.857142857142854,🟡 Médio Risco,0,0,0
680,2025,31012866,Pedro Leopoldo,28,42.857142857142854,🟡 Médio Risco,0,0,0
681,2025,31012840,Nova Lima,234,42.857142857142854,🟡 Médio Risco,0,0,0
682,2025,31359300,Contagem,183,42.857142857142854,🟡 Médio Risco,0,0,0
683,2025,31359297,Contagem,271,42.857142857142854,🟡 Médio Risco,0,0,0
684,2025,31359262,Contagem,246,42.857142857142854,🟡 Médio Risco,0,0,0
685,2025,31359254,Contagem,206,42.857142857142854,🟡 Médio Risco,0,0,0
686,2025,31359238,Contagem,253,42.857142857142854,🟡 Médio Risco,0,0,0
687,2025,31359190,Contagem,351,42.857142857142854,🟡 Médio Risco,0,0,0
688,2025,31359009,Coronel Fabriciano,129,42.857142857142854,🟡 Médio Risco,0,0,0
689,2025,31358991,Coronel Fabriciano,259,42.857142857142854,🟡 Médio Risco,0,0,0
690,2025,31358967,Caratinga,304,42.857142857142854,🟡 Médio Risco,0,0,0
691,2025,31358959,Caratinga,256,42.857142857142854,🟡 Médio Risco,0,0,0
692,2025,31358860,Iturama,184,42.857142857142854,🟡 Médio Risco,0,0,0
693,2025,31358738,São João da Ponte,404,42.857142857142854,🟡 Médio Risco,0,0,0
694,2025,31013820,Vespasiano,622,42.857142857142854,🟡 Médio Risco,0,0,0
695,2025,31013790,Vespasiano,172,42.857142857142854,🟡 Médio Risco,0,0,0
696,2025,31013781,Vespasiano,335,42.857142857142854,🟡 Médio Risco,0,0,0
697,2025,31013668,Taquaraçu de Minas,77,42.857142857142854,🟡 Médio Risco,0,0,0
698,2025,31013536,Santana do Riacho,37,42.857142857142854,🟡 Médio Risco,0,0,0
699,2025,31013480,Santa Luzia,153,42.857142857142854,🟡 Médio Risco,0,0,0
700,2025,31013463,Santa Luzia,535,42.857142857142854,🟡 Médio Risco,0,0,0
701,2025,31013391,Santa Luzia,30,42.857142857142854,🟡 Médio Risco,0,0,0
702,2025,31358673,Paracatu,273,42.857142857142854,🟡 Médio Risco,0,0,0
703,2025,31358665,Paracatu,69,42.857142857142854,🟡 Médio Risco,0,0,0
704,2025,31358657,Betim,112,42.857142857142854,🟡 Médio Risco,0,0,0
705,2025,31370312,Matias Cardoso,62,42.857142857142854,🟡 Médio Risco,0,0,0
706,2025,31370207,João Monlevade,91,42.857142857142854,🟡 Médio Risco,0,0,0
707,2025,31370193,João Monlevade,389,42.857142857142854,🟡 Médio Risco,0,0,0
708,2025,31370177,Prata,211,42.857142857142854,🟡 Médio Risco,0,0,0
709,2025,31370142,Caratinga,184,42.857142857142854,🟡 Médio Risco,0,0,0
710,2025,31370088,Igarapé,250,42.857142857142854,🟡 Médio Risco,0,0,0
711,2025,31009016,Esmeraldas,53,42.857142857142854,🟡 Médio Risco,0,0,0
712,2025,31008940,Esmeraldas,27,42.857142857142854,🟡 Médio Risco,0,0,0
713,2025,31370061,Igarapé,107,42.857142857142854,🟡 Médio Risco,0,0,0
714,2025,31370045,Ouro Branco,116,42.857142857142854,🟡 Médio Risco,0,0,0
715,2025,31370037,Santa Rita do Sapucaí,110,42.857142857142854,🟡 Médio Risco,0,0,0
716,2025,31370029,Buenópolis,267,42.857142857142854,🟡 Médio Risco,0,0,0
717,2025,31369829,Cônego Marinho,84,42.857142857142854,🟡 Médio Risco,0,0,0
718,2025,31358509,Januária,15,42.857142857142854,🟡 Médio Risco,0,0,0
719,2025,31358398,Carneirinho,51,42.857142857142854,🟡 Médio Risco,0,0,0
720,2025,31358355,Monte Belo,332,42.857142857142854,🟡 Médio Risco,0,0,0
721,2025,31014885,Antônio Carlos,27,42.857142857142854,🟡 Médio Risco,0,0,0
722,2025,31358347,Conceição da Aparecida,207,42.857142857142854,🟡 Médio Risco,0,0,0
723,2025,31358320,Januária,75,42.857142857142854,🟡 Médio Risco,0,0,0
724,2025,31358312,Januária,14,42.857142857142854,🟡 Médio Risco,0,0,0
725,2025,31358274,Betim,236,42.857142857142854,🟡 Médio Risco,0,0,0
726,2025,31358169,Nova Serrana,244,42.857142857142854,🟡 Médio Risco,0,0,0
727,2025,31358045,Belo Horizonte,249,42.857142857142854,🟡 Médio Risco,0,0,0
728,2025,31358037,Belo Horizonte,217,42.857142857142854,🟡 Médio Risco,0,0,0
729,2025,31358010,Belo Horizonte,281,42.857142857142854,🟡 Médio Risco,0,0,0
730,2025,31357960,Belo Horizonte,406,42.857142857142854,🟡 Médio Risco,0,0,0
731,2025,31357928,Belo Horizonte,351,42.857142857142854,🟡 Médio Risco,0,0,0
732,2025,31357910,Belo Horizonte,102,42.857142857142854,🟡 Médio Risco,0,0,0
733,2025,31357901,Belo Horizonte,238,42.857142857142854,🟡 Médio Risco,0,0,0
734,2025,31357898,Belo Horizonte,226,42.857142857142854,🟡 Médio Risco,0,0,0
735,2025,31357880,Belo Horizonte,213,42.857142857142854,🟡 Médio Risco,0,0,0
736,2025,31357863,Belo Horizonte,100,42.857142857142854,🟡 Médio Risco,0,0,0
737,2025,31014915,Antônio Carlos,75,42.857142857142854,🟡 Médio Risco,0,0,0
738,2025,31357839,Belo Horizonte,442,42.857142857142854,🟡 Médio Risco,0,0,0
739,2025,31357790,Belo Horizonte,242,42.857142857142854,🟡 Médio Risco,0,0,0
740,2025,31357723,Belo Horizonte,102,42.857142857142854,🟡 Médio Risco,0,0,0
741,2025,31357715,Belo Horizonte,173,42.857142857142854,🟡 Médio Risco,0,0,0
742,2025,31357707,Belo Horizonte,227,42.857142857142854,🟡 Médio Risco,0,0,0
743,2025,31357693,Belo Horizonte,77,42.857142857142854,🟡 Médio Risco,0,0,0
744,2025,31357685,Belo Horizonte,232,42.857142857142854,🟡 Médio Risco,0,0,0
745,2025,31357669,Belo Horizonte,226,42.857142857142854,🟡 Médio Risco,0,0,0
746,2025,31357626,Belo Horizonte,155,42.857142857142854,🟡 Médio Risco,0,0,0
747,2025,31357618,Belo Horizonte,156,42.857142857142854,🟡 Médio Risco,0,0,0
748,2025,31357570,Belo Horizonte,142,42.857142857142854,🟡 Médio Risco,0,0,0
749,2025,31357553,Belo Horizonte,174,42.857142857142854,🟡 Médio Risco,0,0,0
750,2025,31357545,Belo Horizonte,221,42.857142857142854,🟡 Médio Risco,0,0,0
751,2025,31015270,Barbacena,293,42.857142857142854,🟡 Médio Risco,0,0,0
752,2025,31015261,Barbacena,322,42.857142857142854,🟡 Médio Risco,0,0,0
753,2025,31015202,Barbacena,317,42.857142857142854,🟡 Médio Risco,0,0,0
754,2025,31015172,Barbacena,193,42.857142857142854,🟡 Médio Risco,0,0,0
755,2025,31015156,Barbacena,192,42.857142857142854,🟡 Médio Risco,0,0,0
756,2025,31357529,Belo Horizonte,176,42.857142857142854,🟡 Médio Risco,0,0,0
757,2025,31357510,Belo Horizonte,241,42.857142857142854,🟡 Médio Risco,0,0,0
758,2025,31357502,Belo Horizonte,129,42.857142857142854,🟡 Médio Risco,0,0,0
759,2025,31357499,Belo Horizonte,112,42.857142857142854,🟡 Médio Risco,0,0,0
760,2025,31357480,Belo Horizonte,185,42.857142857142854,🟡 Médio Risco,0,0,0
761,2025,31357472,Belo Horizonte,257,42.857142857142854,🟡 Médio Risco,0,0,0
762,2025,31357448,Belo Horizonte,138,42.857142857142854,🟡 Médio Risco,0,0,0
763,2025,31357421,Belo Horizonte,192,42.857142857142854,🟡 Médio Risco,0,0,0
764,2025,31357359,Belo Horizonte,56,42.857142857142854,🟡 Médio Risco,0,0,0
765,2025,31357340,Belo Horizonte,507,42.857142857142854,🟡 Médio Risco,0,0,0
766,2025,31357332,Belo Horizonte,229,42.857142857142854,🟡 Médio Risco,0,0,0
767,2025,31357324,Belo Horizonte,201,42.857142857142854,🟡 Médio Risco,0,0,0
768,2025,31357316,Belo Horizonte,325,42.857142857142854,🟡 Médio Risco,0,0,0
769,2025,31357200,Senhora dos Remédios,31,42.857142857142854,🟡 Médio Risco,0,0,0
770,2025,31357197,Congonhal,245,42.857142857142854,🟡 Médio Risco,0,0,0
771,2025,31357170,Fronteira,111,42.857142857142854,🟡 Médio Risco,0,0,0
772,2025,31015504,Carandaí,30,42.857142857142854,🟡 Médio Risco,0,0,0
773,2025,31015482,Carandaí,571,42.857142857142854,🟡 Médio Risco,0,0,0
774,2025,31015466,Carandaí,63,42.857142857142854,🟡 Médio Risco,0,0,0
775,2025,31015423,Caranaíba,32,42.857142857142854,🟡 Médio Risco,0,0,0
776,2025,31015393,Capela Nova,14,42.857142857142854,🟡 Médio Risco,0,0,0
777,2025,31015351,Bias Fortes,96,42.857142857142854,🟡 Médio Risco,0,0,0
778,2025,31356964,Itamogi,151,42.857142857142854,🟡 Médio Risco,0,0,0
779,2025,31356948,Campestre,270,42.857142857142854,🟡 Médio Risco,0,0,0
780,2025,31356824,Leandro Ferreira,130,42.857142857142854,🟡 Médio Risco,0,0,0
781,2025,31356778,Januária,70,42.857142857142854,🟡 Médio Risco,0,0,0
782,2025,31356620,Lagoa Santa,145,42.857142857142854,🟡 Médio Risco,0,0,0
783,2025,31015865,Oliveira Fortes,168,42.857142857142854,🟡 Médio Risco,0,0,0
784,2025,31015598,Cipotânea,99,42.857142857142854,🟡 Médio Risco,0,0,0
785,2025,31356581,São Joaquim de Bicas,122,42.857142857142854,🟡 Médio Risco,0,0,0
786,2025,31356557,Laranjal,89,42.857142857142854,🟡 Médio Risco,0,0,0
787,2025,31356468,Turmalina,366,42.857142857142854,🟡 Médio Risco,0,0,0
788,2025,31356387,Toledo,120,42.857142857142854,🟡 Médio Risco,0,0,0
789,2025,31356344,Espírito Santo do Dourado,213,42.857142857142854,🟡 Médio Risco,0,0,0
790,2025,31356212,Nanuque,140,42.857142857142854,🟡 Médio Risco,0,0,0
791,2025,31356166,Camacho,111,42.857142857142854,🟡 Médio Risco,0,0,0
792,2025,31355860,Vargem Bonita,65,42.857142857142854,🟡 Médio Risco,0,0,0
793,2025,31355852,São Sebastião do Paraíso,185,42.857142857142854,🟡 Médio Risco,0,0,0
794,2025,31355810,Araçaí,50,42.857142857142854,🟡 Médio Risco,0,0,0
795,2025,31355801,Brazópolis,111,42.857142857142854,🟡 Médio Risco,0,0,0
796,2025,31355798,Taiobeiras,172,42.857142857142854,🟡 Médio Risco,0,0,0
797,2025,31355690,Ituiutaba,77,42.857142857142854,🟡 Médio Risco,0,0,0
798,2025,31355666,Espera Feliz,45,42.857142857142854,🟡 Médio Risco,0,0,0
799,2025,31355658,Pará de Minas,139,42.857142857142854,🟡 Médio Risco,0,0,0
800,2025,31355593,Nova Serrana,174,42.857142857142854,🟡 Médio Risco,0,0,0
801,2025,31355585,São José do Divino,92,42.857142857142854,🟡 Médio Risco,0,0,0
802,2025,31355569,Itajubá,45,42.857142857142854,🟡 Médio Risco,0,0,0
803,2025,31355526,Araguari,265,42.857142857142854,🟡 Médio Risco,0,0,0
804,2025,31016110,Santa Rita de Ibitipoca,65,42.857142857142854,🟡 Médio Risco,0,0,0
805,2025,31015962,Ressaquinha,112,42.857142857142854,🟡 Médio Risco,0,0,0
806,2025,31015920,Alfredo Vasconcelos,46,42.857142857142854,🟡 Médio Risco,0,0,0
807,2025,31355496,Itapecerica,75,42.857142857142854,🟡 Médio Risco,0,0,0
808,2025,31355437,Coromandel,19,42.857142857142854,🟡 Médio Risco,0,0,0
809,2025,31355399,Januária,260,42.857142857142854,🟡 Médio Risco,0,0,0
810,2025,31355380,Juatuba,145,42.857142857142854,🟡 Médio Risco,0,0,0
811,2025,31355348,Jacutinga,102,42.857142857142854,🟡 Médio Risco,0,0,0
812,2025,31355305,Corinto,270,42.857142857142854,🟡 Médio Risco,0,0,0
813,2025,31355275,Pirapora,209,42.857142857142854,🟡 Médio Risco,0,0,0
814,2025,31355240,Minas Novas,136,42.857142857142854,🟡 Médio Risco,0,0,0
815,2025,31355224,Ribeirão das Neves,608,42.857142857142854,🟡 Médio Risco,0,0,0
816,2025,31016951,Barbacena,164,42.857142857142854,🟡 Médio Risco,0,0,0
817,2025,31016926,Barbacena,90,42.857142857142854,🟡 Médio Risco,0,0,0
818,2025,31016802,Antônio Carlos,32,42.857142857142854,🟡 Médio Risco,0,0,0
819,2025,31016781,Antônio Carlos,22,42.857142857142854,🟡 Médio Risco,0,0,0
820,2025,31016705,Antônio Carlos,24,42.857142857142854,🟡 Médio Risco,0,0,0
821,2025,31355194,Poços de Caldas,54,42.857142857142854,🟡 Médio Risco,0,0,0
822,2025,31355186,Diamantina,238,42.857142857142854,🟡 Médio Risco,0,0,0
823,2025,31355178,Unaí,327,42.857142857142854,🟡 Médio Risco,0,0,0
824,2025,31355160,Manhumirim,89,42.857142857142854,🟡 Médio Risco,0,0,0
825,2025,31355127,Poços de Caldas,190,42.857142857142854,🟡 Médio Risco,0,0,0
826,2025,31355119,Sabará,70,42.857142857142854,🟡 Médio Risco,0,0,0
827,2025,31355097,Rodeiro,202,42.857142857142854,🟡 Médio Risco,0,0,0
828,2025,31355062,Montes Claros,304,42.857142857142854,🟡 Médio Risco,0,0,0
829,2025,31355046,Santana do Riacho,95,42.857142857142854,🟡 Médio Risco,0,0,0
830,2025,31019003,Alvarenga,10,42.857142857142854,🟡 Médio Risco,0,0,0
831,2025,31018970,Alvarenga,186,42.857142857142854,🟡 Médio Risco,0,0,0
832,2025,31018520,Santa Rita de Ibitipoca,127,42.857142857142854,🟡 Médio Risco,0,0,0
833,2025,31017621,Carandaí,28,42.857142857142854,🟡 Médio Risco,0,0,0
834,2025,31017604,Carandaí,37,42.857142857142854,🟡 Médio Risco,0,0,0
835,2025,31017485,Caranaíba,26,42.857142857142854,🟡 Médio Risco,0,0,0
836,2025,31017469,Caranaíba,13,42.857142857142854,🟡 Médio Risco,0,0,0
837,2025,31017434,Capela Nova,16,42.857142857142854,🟡 Médio Risco,0,0,0
838,2025,31017396,Bias Fortes,38,42.857142857142854,🟡 Médio Risco,0,0,0
839,2025,31017388,Bias Fortes,15,42.857142857142854,🟡 Médio Risco,0,0,0
840,2025,31019160,Caratinga,139,42.857142857142854,🟡 Médio Risco,0,0,0
841,2025,31019062,Alvarenga,13,42.857142857142854,🟡 Médio Risco,0,0,0
842,2025,31019054,Alvarenga,34,42.857142857142854,🟡 Médio Risco,0,0,0
843,2025,31019011,Conselheiro Pena,17,42.857142857142854,🟡 Médio Risco,0,0,0
844,2025,31354856,Leopoldina,89,42.857142857142854,🟡 Médio Risco,0,0,0
845,2025,31354686,Itabirito,120,42.857142857142854,🟡 Médio Risco,0,0,0
846,2025,31354635,Rosário da Limeira,182,42.857142857142854,🟡 Médio Risco,0,0,0
847,2025,31354520,Recreio,34,42.857142857142854,🟡 Médio Risco,0,0,0
848,2025,31354503,Urucânia,114,42.857142857142854,🟡 Médio Risco,0,0,0
849,2025,31354457,Presidente Olegário,68,42.857142857142854,🟡 Médio Risco,0,0,0
850,2025,31354384,Uberaba,339,42.857142857142854,🟡 Médio Risco,0,0,0
851,2025,31354341,Monte Carmelo,53,42.857142857142854,🟡 Médio Risco,0,0,0
852,2025,31354325,Piumhi,181,42.857142857142854,🟡 Médio Risco,0,0,0
853,2025,31354112,Presidente Kubitschek,185,42.857142857142854,🟡 Médio Risco,0,0,0
854,2025,31353973,Estrela Dalva,86,42.857142857142854,🟡 Médio Risco,0,0,0
855,2025,31353922,Teixeiras,303,42.857142857142854,🟡 Médio Risco,0,0,0
856,2025,31019593,Imbé de Minas,58,42.857142857142854,🟡 Médio Risco,0,0,0
857,2025,31353892,São Gotardo,412,42.857142857142854,🟡 Médio Risco,0,0,0
858,2025,31353604,Lagoa Santa,269,42.857142857142854,🟡 Médio Risco,0,0,0
859,2025,31353566,Lagoa Santa,118,42.857142857142854,🟡 Médio Risco,0,0,0
860,2025,31353493,Itamonte,41,42.857142857142854,🟡 Médio Risco,0,0,0
861,2025,31353442,Ladainha,79,42.857142857142854,🟡 Médio Risco,0,0,0
862,2025,31353434,Coromandel,210,42.857142857142854,🟡 Médio Risco,0,0,0
863,2025,31353418,Formiga,149,42.857142857142854,🟡 Médio Risco,0,0,0
864,2025,31353400,Formiga,161,42.857142857142854,🟡 Médio Risco,0,0,0
865,2025,31353388,Lagoa Dourada,246,42.857142857142854,🟡 Médio Risco,0,0,0
866,2025,31353302,Nazareno,172,42.857142857142854,🟡 Médio Risco,0,0,0
867,2025,31353280,São Brás do Suaçuí,194,42.857142857142854,🟡 Médio Risco,0,0,0
868,2025,31019976,Caratinga,155,42.857142857142854,🟡 Médio Risco,0,0,0
869,2025,31019801,Santa Rita de Minas,72,42.857142857142854,🟡 Médio Risco,0,0,0
870,2025,31019739,Santa Bárbara do Leste,138,42.857142857142854,🟡 Médio Risco,0,0,0
871,2025,31019666,Ipaba,80,42.857142857142854,🟡 Médio Risco,0,0,0
872,2025,31353272,Senhora de Oliveira,119,42.857142857142854,🟡 Médio Risco,0,0,0
873,2025,31353191,Taiobeiras,123,42.857142857142854,🟡 Médio Risco,0,0,0
874,2025,31353124,Governador Valadares,124,42.857142857142854,🟡 Médio Risco,0,0,0
875,2025,31353108,Papagaios,243,42.857142857142854,🟡 Médio Risco,0,0,0
876,2025,31353094,Juatuba,69,42.857142857142854,🟡 Médio Risco,0,0,0
877,2025,31353086,Leopoldina,40,42.857142857142854,🟡 Médio Risco,0,0,0
878,2025,31352730,Muriaé,244,42.857142857142854,🟡 Médio Risco,0,0,0
879,2025,31352705,Caratinga,205,42.857142857142854,🟡 Médio Risco,0,0,0
880,2025,31352659,Delfinópolis,33,42.857142857142854,🟡 Médio Risco,0,0,0
881,2025,31352624,Delfinópolis,31,42.857142857142854,🟡 Médio Risco,0,0,0
882,2025,31352616,Delfinópolis,154,42.857142857142854,🟡 Médio Risco,0,0,0
883,2025,31352594,Monte Santo de Minas,142,42.857142857142854,🟡 Médio Risco,0,0,0
884,2025,31020249,Córrego Novo,200,42.857142857142854,🟡 Médio Risco,0,0,0
885,2025,31020125,Ubaporanga,84,42.857142857142854,🟡 Médio Risco,0,0,0
886,2025,31352560,Varzelândia,65,42.857142857142854,🟡 Médio Risco,0,0,0
887,2025,31352527,Pains,121,42.857142857142854,🟡 Médio Risco,0,0,0
888,2025,31352519,Nova Serrana,112,42.857142857142854,🟡 Médio Risco,0,0,0
889,2025,31352500,Nova Serrana,205,42.857142857142854,🟡 Médio Risco,0,0,0
890,2025,31352497,Sete Lagoas,235,42.857142857142854,🟡 Médio Risco,0,0,0
891,2025,31352489,Três Pontas,136,42.857142857142854,🟡 Médio Risco,0,0,0
892,2025,31352470,Três Pontas,204,42.857142857142854,🟡 Médio Risco,0,0,0
893,2025,31352454,Manga,22,42.857142857142854,🟡 Médio Risco,0,0,0
894,2025,31352403,Pouso Alegre,224,42.857142857142854,🟡 Médio Risco,0,0,0
895,2025,31352381,Borda da Mata,145,42.857142857142854,🟡 Médio Risco,0,0,0
896,2025,31352373,Vespasiano,144,42.857142857142854,🟡 Médio Risco,0,0,0
897,2025,31352292,Perdões,33,42.857142857142854,🟡 Médio Risco,0,0,0
898,2025,31352233,Pará de Minas,193,42.857142857142854,🟡 Médio Risco,0,0,0
899,2025,31352209,Ribeirão das Neves,661,42.857142857142854,🟡 Médio Risco,0,0,0
900,2025,31352136,Vespasiano,91,42.857142857142854,🟡 Médio Risco,0,0,0
901,2025,31352047,Patos de Minas,217,42.857142857142854,🟡 Médio Risco,0,0,0
902,2025,31351920,Santa Juliana,333,42.857142857142854,🟡 Médio Risco,0,0,0
903,2025,31020630,Inhapim,25,42.857142857142854,🟡 Médio Risco,0,0,0
904,2025,31020508,Inhapim,19,42.857142857142854,🟡 Médio Risco,0,0,0
905,2025,31020443,Inhapim,25,42.857142857142854,🟡 Médio Risco,0,0,0
906,2025,31351873,Gameleiras,86,42.857142857142854,🟡 Médio Risco,0,0,0
907,2025,31351830,Montezuma,116,42.857142857142854,🟡 Médio Risco,0,0,0
908,2025,31351644,Ipatinga,243,42.857142857142854,🟡 Médio Risco,0,0,0
909,2025,31351610,Fortaleza de Minas,90,42.857142857142854,🟡 Médio Risco,0,0,0
910,2025,31351601,Lamim,61,42.857142857142854,🟡 Médio Risco,0,0,0
911,2025,31351423,Itabirinha,115,42.857142857142854,🟡 Médio Risco,0,0,0
912,2025,31351385,Nova Ponte,540,42.857142857142854,🟡 Médio Risco,0,0,0
913,2025,31351202,Coronel Fabriciano,180,42.857142857142854,🟡 Médio Risco,0,0,0
914,2025,31351164,Aimorés,146,42.857142857142854,🟡 Médio Risco,0,0,0
915,2025,31351130,Itamarandiba,240,42.857142857142854,🟡 Médio Risco,0,0,0
916,2025,31020851,São João do Oriente,125,42.857142857142854,🟡 Médio Risco,0,0,0
917,2025,31351008,Santa Rita do Sapucaí,318,42.857142857142854,🟡 Médio Risco,0,0,0
918,2025,31350923,Extrema,207,42.857142857142854,🟡 Médio Risco,0,0,0
919,2025,31350915,Cambuí,125,42.857142857142854,🟡 Médio Risco,0,0,0
920,2025,31350869,Senador Cortes,54,42.857142857142854,🟡 Médio Risco,0,0,0
921,2025,31350761,Carangola,149,42.857142857142854,🟡 Médio Risco,0,0,0
922,2025,31350680,Varginha,114,42.857142857142854,🟡 Médio Risco,0,0,0
923,2025,31350656,Raposos,73,42.857142857142854,🟡 Médio Risco,0,0,0
924,2025,31350532,Luislândia,16,42.857142857142854,🟡 Médio Risco,0,0,0
925,2025,31350486,Cristais,203,42.857142857142854,🟡 Médio Risco,0,0,0
926,2025,31350443,Mariana,130,42.857142857142854,🟡 Médio Risco,0,0,0
927,2025,31350435,Mariana,91,42.857142857142854,🟡 Médio Risco,0,0,0
928,2025,31350427,Novo Oriente de Minas,142,42.857142857142854,🟡 Médio Risco,0,0,0
929,2025,31350389,Canaã,90,42.857142857142854,🟡 Médio Risco,0,0,0
930,2025,31021628,Caratinga,144,42.857142857142854,🟡 Médio Risco,0,0,0
931,2025,31021571,Ipaba,8,42.857142857142854,🟡 Médio Risco,0,0,0
932,2025,31021539,Caratinga,8,42.857142857142854,🟡 Médio Risco,0,0,0
933,2025,31350354,Varginha,89,42.857142857142854,🟡 Médio Risco,0,0,0
934,2025,31350192,Monte Sião,228,42.857142857142854,🟡 Médio Risco,0,0,0
935,2025,31350150,Divinópolis,144,42.857142857142854,🟡 Médio Risco,0,0,0
936,2025,31350095,São João do Manteninha,72,42.857142857142854,🟡 Médio Risco,0,0,0
937,2025,31350052,Franciscópolis,11,42.857142857142854,🟡 Médio Risco,0,0,0
938,2025,31350036,Carlos Chagas,131,42.857142857142854,🟡 Médio Risco,0,0,0
939,2025,31350028,Frutal,215,42.857142857142854,🟡 Médio Risco,0,0,0
940,2025,31350010,Bocaiúva,266,42.857142857142854,🟡 Médio Risco,0,0,0
941,2025,31349984,Matias Barbosa,85,42.857142857142854,🟡 Médio Risco,0,0,0
942,2025,31349860,Sete Lagoas,185,42.857142857142854,🟡 Médio Risco,0,0,0
943,2025,31349844,Ribeirão das Neves,562,42.857142857142854,🟡 Médio Risco,0,0,0
944,2025,31349836,Ribeirão das Neves,724,42.857142857142854,🟡 Médio Risco,0,0,0
945,2025,31349798,Uberaba,100,42.857142857142854,🟡 Médio Risco,0,0,0
946,2025,31349780,Uberaba,120,42.857142857142854,🟡 Médio Risco,0,0,0
947,2025,31349763,Uberaba,223,42.857142857142854,🟡 Médio Risco,0,0,0
948,2025,31349755,Conselheiro Lafaiete,131,42.857142857142854,🟡 Médio Risco,0,0,0
949,2025,31349623,Martinho Campos,83,42.857142857142854,🟡 Médio Risco,0,0,0
950,2025,31022438,Pocrane,33,42.857142857142854,🟡 Médio Risco,0,0,0
951,2025,31022420,Pocrane,11,42.857142857142854,🟡 Médio Risco,0,0,0
952,2025,31022268,Taparuba,33,42.857142857142854,🟡 Médio Risco,0,0,0
953,2025,31022098,Inhapim,29,42.857142857142854,🟡 Médio Risco,0,0,0
954,2025,31022012,Inhapim,21,42.857142857142854,🟡 Médio Risco,0,0,0
955,2025,31021849,Iapu,17,42.857142857142854,🟡 Médio Risco,0,0,0
956,2025,31349569,Alfenas,50,42.857142857142854,🟡 Médio Risco,0,0,0
957,2025,31349550,Alfenas,78,42.857142857142854,🟡 Médio Risco,0,0,0
958,2025,31349542,Alfenas,400,42.857142857142854,🟡 Médio Risco,0,0,0
959,2025,31349534,Alfenas,85,42.857142857142854,🟡 Médio Risco,0,0,0
960,2025,31349364,Sarzedo,482,42.857142857142854,🟡 Médio Risco,0,0,0
961,2025,31349313,Uberaba,253,42.857142857142854,🟡 Médio Risco,0,0,0
962,2025,31349305,Sete Lagoas,340,42.857142857142854,🟡 Médio Risco,0,0,0
963,2025,31349283,Contagem,215,42.857142857142854,🟡 Médio Risco,0,0,0
964,2025,31023256,José Gonçalves de Minas,64,42.857142857142854,🟡 Médio Risco,0,0,0
965,2025,31023213,Berilo,10,42.857142857142854,🟡 Médio Risco,0,0,0
966,2025,31023141,Berilo,13,42.857142857142854,🟡 Médio Risco,0,0,0
967,2025,31349208,Belo Oriente,210,42.857142857142854,🟡 Médio Risco,0,0,0
968,2025,31349194,Belo Oriente,37,42.857142857142854,🟡 Médio Risco,0,0,0
969,2025,31349186,Belo Oriente,202,42.857142857142854,🟡 Médio Risco,0,0,0
970,2025,31349178,Extrema,335,42.857142857142854,🟡 Médio Risco,0,0,0
971,2025,31349143,Araxá,121,42.857142857142854,🟡 Médio Risco,0,0,0
972,2025,31349119,Santa Margarida,12,42.857142857142854,🟡 Médio Risco,0,0,0
973,2025,31349100,Santa Margarida,22,42.857142857142854,🟡 Médio Risco,0,0,0
974,2025,31349097,Santa Margarida,11,42.857142857142854,🟡 Médio Risco,0,0,0
975,2025,31349070,Santa Margarida,21,42.857142857142854,🟡 Médio Risco,0,0,0
976,2025,31349038,Santa Rita de Caldas,95,42.857142857142854,🟡 Médio Risco,0,0,0
977,2025,31348899,Ibirité,366,42.857142857142854,🟡 Médio Risco,0,0,0
978,2025,31023370,Carbonita,11,42.857142857142854,🟡 Médio Risco,0,0,0
979,2025,31348872,Ibirité,443,42.857142857142854,🟡 Médio Risco,0,0,0
980,2025,31348830,Corinto,25,42.857142857142854,🟡 Médio Risco,0,0,0
981,2025,31348767,Lassance,120,42.857142857142854,🟡 Médio Risco,0,0,0
982,2025,31348740,Patos de Minas,80,42.857142857142854,🟡 Médio Risco,0,0,0
983,2025,31348708,São Joaquim de Bicas,605,42.857142857142854,🟡 Médio Risco,0,0,0
984,2025,31348660,Pirapora,61,42.857142857142854,🟡 Médio Risco,0,0,0
985,2025,31348554,Esmeraldas,366,42.857142857142854,🟡 Médio Risco,0,0,0
986,2025,31348520,Aricanduva,257,42.857142857142854,🟡 Médio Risco,0,0,0
987,2025,31348490,Divinópolis,472,42.857142857142854,🟡 Médio Risco,0,0,0
988,2025,31348260,Jacutinga,93,42.857142857142854,🟡 Médio Risco,0,0,0
989,2025,31348244,São Gotardo,208,42.857142857142854,🟡 Médio Risco,0,0,0
990,2025,31348201,Padre Paraíso,64,42.857142857142854,🟡 Médio Risco,0,0,0
991,2025,31348171,Aimorés,73,42.857142857142854,🟡 Médio Risco,0,0,0
992,2025,31348139,Paraguaçu,167,42.857142857142854,🟡 Médio Risco,0,0,0
993,2025,31348120,Caetanópolis,201,42.857142857142854,🟡 Médio Risco,0,0,0
994,2025,31348066,Conselheiro Lafaiete,189,42.857142857142854,🟡 Médio Risco,0,0,0
995,2025,31023639,Congonhas do Norte,69,42.857142857142854,🟡 Médio Risco,0,0,0
996,2025,31023574,Conceição do Mato Dentro,61,42.857142857142854,🟡 Médio Risco,0,0,0
997,2025,31023515,Conceição do Mato Dentro,650,42.857142857142854,🟡 Médio Risco,0,0,0
998,2025,31023469,Conceição do Mato Dentro,409,42.857142857142854,🟡 Médio Risco,0,0,0
999,2025,31347760,Ibirité,530,42.857142857142854,🟡 Médio Risco,0,0,0
1000,2025,31347710,Uberaba,237,42.857142857142854,🟡 Médio Risco,0,0,0
1001,2025,31347655,Além Paraíba,76,42.857142857142854,🟡 Médio Risco,0,0,0
1002,2025,31347558,Caratinga,31,42.857142857142854,🟡 Médio Risco,0,0,0
1003,2025,31347540,Caratinga,150,42.857142857142854,🟡 Médio Risco,0,0,0
1004,2025,31370673,Delta,133,42.857142857142854,🟡 Médio Risco,0,0,0
1005,2025,31370665,Araxá,175,42.857142857142854,🟡 Médio Risco,0,0,0
1006,2025,31370592,Pedras de Maria da Cruz,188,42.857142857142854,🟡 Médio Risco,0,0,0
1007,2025,31370576,Brás Pires,99,42.857142857142854,🟡 Médio Risco,0,0,0
1008,2025,31370550,Ipatinga,294,42.857142857142854,🟡 Médio Risco,0,0,0
1009,2025,31370541,Ipatinga,253,42.857142857142854,🟡 Médio Risco,0,0,0
1010,2025,31370533,Ipatinga,155,42.857142857142854,🟡 Médio Risco,0,0,0
1011,2025,31370525,Ipatinga,105,42.857142857142854,🟡 Médio Risco,0,0,0
1012,2025,31370517,Uberaba,240,42.857142857142854,🟡 Médio Risco,0,0,0
1013,2025,31370495,Patos de Minas,243,42.857142857142854,🟡 Médio Risco,0,0,0
1014,2025,31370487,Pouso Alegre,152,42.857142857142854,🟡 Médio Risco,0,0,0
1015,2025,31370452,Uberlândia,265,42.857142857142854,🟡 Médio Risco,0,0,0
1016,2025,31370428,Rubim,135,42.857142857142854,🟡 Médio Risco,0,0,0
1017,2025,31370398,Piranguinho,53,42.857142857142854,🟡 Médio Risco,0,0,0
1018,2025,31370371,Cássia,71,42.857142857142854,🟡 Médio Risco,0,0,0
1019,2025,31370339,Santana do Paraíso,160,42.857142857142854,🟡 Médio Risco,0,0,0
1020,2025,31347507,Tombos,8,42.857142857142854,🟡 Médio Risco,0,0,0
1021,2025,31347493,Tombos,34,42.857142857142854,🟡 Médio Risco,0,0,0
1022,2025,31347469,Buritis,38,42.857142857142854,🟡 Médio Risco,0,0,0
1023,2025,31347450,Buritis,18,42.857142857142854,🟡 Médio Risco,0,0,0
1024,2025,31347442,Araxá,195,42.857142857142854,🟡 Médio Risco,0,0,0
1025,2025,31347353,Sarzedo,313,42.857142857142854,🟡 Médio Risco,0,0,0
1026,2025,31347299,Conquista,13,42.857142857142854,🟡 Médio Risco,0,0,0
1027,2025,31347213,Pedrinópolis,81,42.857142857142854,🟡 Médio Risco,0,0,0
1028,2025,31347159,Ribeirão das Neves,316,42.857142857142854,🟡 Médio Risco,0,0,0
1029,2025,31347140,Ribeirão das Neves,623,42.857142857142854,🟡 Médio Risco,0,0,0
1030,2025,31347132,Elói Mendes,75,42.857142857142854,🟡 Médio Risco,0,0,0
1031,2025,31347124,Ribeirão das Neves,349,42.857142857142854,🟡 Médio Risco,0,0,0
1032,2025,31347086,Japaraíba,79,42.857142857142854,🟡 Médio Risco,0,0,0
1033,2025,31346829,São Lourenço,136,42.857142857142854,🟡 Médio Risco,0,0,0
1034,2025,31346764,Extrema,253,42.857142857142854,🟡 Médio Risco,0,0,0
1035,2025,31346748,Pará de Minas,270,42.857142857142854,🟡 Médio Risco,0,0,0
1036,2025,31346721,Manhuaçu,166,42.857142857142854,🟡 Médio Risco,0,0,0
1037,2025,31024066,Francisco Badaró,20,42.857142857142854,🟡 Médio Risco,0,0,0
1038,2025,31346667,Manhuaçu,129,42.857142857142854,🟡 Médio Risco,0,0,0
1039,2025,31346640,Araporã,158,42.857142857142854,🟡 Médio Risco,0,0,0
1040,2025,31346225,São Romão,65,42.857142857142854,🟡 Médio Risco,0,0,0
1041,2025,31346055,Espera Feliz,734,42.857142857142854,🟡 Médio Risco,0,0,0
1042,2025,31346020,Cachoeira de Minas,235,42.857142857142854,🟡 Médio Risco,0,0,0
1043,2025,31345962,Ribeirão das Neves,655,42.857142857142854,🟡 Médio Risco,0,0,0
1044,2025,31345954,Ribeirão das Neves,540,42.857142857142854,🟡 Médio Risco,0,0,0
1045,2025,31345946,Ribeirão das Neves,977,42.857142857142854,🟡 Médio Risco,0,0,0
1046,2025,31345768,Jequeri,130,42.857142857142854,🟡 Médio Risco,0,0,0
1047,2025,31345750,Jequeri,63,42.857142857142854,🟡 Médio Risco,0,0,0
1048,2025,31345628,Chapada Gaúcha,8,42.857142857142854,🟡 Médio Risco,0,0,0
1049,2025,31345601,Chapada Gaúcha,5,42.857142857142854,🟡 Médio Risco,0,0,0
1050,2025,31345598,Chapada Gaúcha,24,42.857142857142854,🟡 Médio Risco,0,0,0
1051,2025,31345555,Formiga,233,42.857142857142854,🟡 Médio Risco,0,0,0
1052,2025,31345547,Guaraciama,90,42.857142857142854,🟡 Médio Risco,0,0,0
1053,2025,31345520,Nova Serrana,323,42.857142857142854,🟡 Médio Risco,0,0,0
1054,2025,31345326,Mata Verde,140,42.857142857142854,🟡 Médio Risco,0,0,0
1055,2025,31345318,Serra do Salitre,91,42.857142857142854,🟡 Médio Risco,0,0,0
1056,2025,31345300,Frei Gaspar,131,42.857142857142854,🟡 Médio Risco,0,0,0
1057,2025,31024457,Minas Novas,506,42.857142857142854,🟡 Médio Risco,0,0,0
1058,2025,31024350,Itamarandiba,274,42.857142857142854,🟡 Médio Risco,0,0,0
1059,2025,31345296,Montes Claros,400,42.857142857142854,🟡 Médio Risco,0,0,0
1060,2025,31345261,Juiz de Fora,291,42.857142857142854,🟡 Médio Risco,0,0,0
1061,2025,31345199,Juiz de Fora,114,42.857142857142854,🟡 Médio Risco,0,0,0
1062,2025,31345180,Juiz de Fora,83,42.857142857142854,🟡 Médio Risco,0,0,0
1063,2025,31345148,Teófilo Otoni,367,42.857142857142854,🟡 Médio Risco,0,0,0
1064,2025,31345130,Teófilo Otoni,85,42.857142857142854,🟡 Médio Risco,0,0,0
1065,2025,31345083,Januária,344,42.857142857142854,🟡 Médio Risco,0,0,0
1066,2025,31345016,Lima Duarte,30,42.857142857142854,🟡 Médio Risco,0,0,0
1067,2025,31345008,Lima Duarte,43,42.857142857142854,🟡 Médio Risco,0,0,0
1068,2025,31344982,Lima Duarte,25,42.857142857142854,🟡 Médio Risco,0,0,0
1069,2025,31344966,Luislândia,178,42.857142857142854,🟡 Médio Risco,0,0,0
1070,2025,31344931,São João Nepomuceno,156,42.857142857142854,🟡 Médio Risco,0,0,0
1071,2025,31344885,Santo Antônio do Jacinto,147,42.857142857142854,🟡 Médio Risco,0,0,0
1072,2025,31344877,Caratinga,52,42.857142857142854,🟡 Médio Risco,0,0,0
1073,2025,31344753,Andradas,197,42.857142857142854,🟡 Médio Risco,0,0,0
1074,2025,31344540,Pedro Leopoldo,28,42.857142857142854,🟡 Médio Risco,0,0,0
1075,2025,31344532,Pedro Leopoldo,14,42.857142857142854,🟡 Médio Risco,0,0,0
1076,2025,31344486,Sete Lagoas,148,42.857142857142854,🟡 Médio Risco,0,0,0
1077,2025,31344478,Martinho Campos,178,42.857142857142854,🟡 Médio Risco,0,0,0
1078,2025,31344443,Jacutinga,86,42.857142857142854,🟡 Médio Risco,0,0,0
1079,2025,31344419,Dores de Campos,179,42.857142857142854,🟡 Médio Risco,0,0,0
1080,2025,31344400,Visconde do Rio Branco,66,42.857142857142854,🟡 Médio Risco,0,0,0
1081,2025,31344389,Visconde do Rio Branco,89,42.857142857142854,🟡 Médio Risco,0,0,0
1082,2025,31344192,Governador Valadares,218,42.857142857142854,🟡 Médio Risco,0,0,0
1083,2025,31344184,Varzelândia,121,42.857142857142854,🟡 Médio Risco,0,0,0
1084,2025,31344052,Alfenas,140,42.857142857142854,🟡 Médio Risco,0,0,0
1085,2025,31344036,São João do Oriente,141,42.857142857142854,🟡 Médio Risco,0,0,0
1086,2025,31344028,Inhapim,303,42.857142857142854,🟡 Médio Risco,0,0,0
1087,2025,31343951,Jacutinga,154,42.857142857142854,🟡 Médio Risco,0,0,0
1088,2025,31024899,Serro,186,42.857142857142854,🟡 Médio Risco,0,0,0
1089,2025,31024848,Serra Azul de Minas,55,42.857142857142854,🟡 Médio Risco,0,0,0
1090,2025,31024830,Serra Azul de Minas,83,42.857142857142854,🟡 Médio Risco,0,0,0
1091,2025,31343900,Cambuí,148,42.857142857142854,🟡 Médio Risco,0,0,0
1092,2025,31343820,Varjão de Minas,194,42.857142857142854,🟡 Médio Risco,0,0,0
1093,2025,31343773,Pouso Alegre,181,42.857142857142854,🟡 Médio Risco,0,0,0
1094,2025,31343749,Ribeirão das Neves,246,42.857142857142854,🟡 Médio Risco,0,0,0
1095,2025,31343560,Várzea da Palma,233,42.857142857142854,🟡 Médio Risco,0,0,0
1096,2025,31343501,Mariana,104,42.857142857142854,🟡 Médio Risco,0,0,0
1097,2025,31343374,Varzelândia,155,42.857142857142854,🟡 Médio Risco,0,0,0
1098,2025,31343366,Varzelândia,49,42.857142857142854,🟡 Médio Risco,0,0,0
1099,2025,31343358,Varzelândia,51,42.857142857142854,🟡 Médio Risco,0,0,0
1100,2025,31343331,Carandaí,70,42.857142857142854,🟡 Médio Risco,0,0,0
1101,2025,31343277,Muriaé,168,42.857142857142854,🟡 Médio Risco,0,0,0
1102,2025,31343269,Coronel Fabriciano,206,42.857142857142854,🟡 Médio Risco,0,0,0
1103,2025,31343030,Carandaí,86,42.857142857142854,🟡 Médio Risco,0,0,0
1104,2025,31342963,Igarapé,209,42.857142857142854,🟡 Médio Risco,0,0,0
1105,2025,31342904,Pouso Alegre,141,42.857142857142854,🟡 Médio Risco,0,0,0
1106,2025,31342882,Contagem,181,42.857142857142854,🟡 Médio Risco,0,0,0
1107,2025,31342858,Caiana,56,42.857142857142854,🟡 Médio Risco,0,0,0
1108,2025,31342815,Abaeté,62,42.857142857142854,🟡 Médio Risco,0,0,0
1109,2025,31342750,Fervedouro,255,42.857142857142854,🟡 Médio Risco,0,0,0
1110,2025,31342696,Igarapé,161,42.857142857142854,🟡 Médio Risco,0,0,0
1111,2025,31342688,Igarapé,118,42.857142857142854,🟡 Médio Risco,0,0,0
1112,2025,31342610,Chapada Gaúcha,187,42.857142857142854,🟡 Médio Risco,0,0,0
1113,2025,31342521,Itapecerica,9,42.857142857142854,🟡 Médio Risco,0,0,0
1114,2025,31342513,Ribeirão das Neves,499,42.857142857142854,🟡 Médio Risco,0,0,0
1115,2025,31026239,Carbonita,9,42.857142857142854,🟡 Médio Risco,0,0,0
1116,2025,31025747,Capelinha,33,42.857142857142854,🟡 Médio Risco,0,0,0
1117,2025,31025658,Capelinha,46,42.857142857142854,🟡 Médio Risco,0,0,0
1118,2025,31025623,Capelinha,37,42.857142857142854,🟡 Médio Risco,0,0,0
1119,2025,31025607,Capelinha,11,42.857142857142854,🟡 Médio Risco,0,0,0
1120,2025,31025496,Angelândia,37,42.857142857142854,🟡 Médio Risco,0,0,0
1121,2025,31025445,Capelinha,182,42.857142857142854,🟡 Médio Risco,0,0,0
1122,2025,31025399,Capelinha,24,42.857142857142854,🟡 Médio Risco,0,0,0
1123,2025,31025283,Berilo,3,42.857142857142854,🟡 Médio Risco,0,0,0
1124,2025,31025267,Berilo,9,42.857142857142854,🟡 Médio Risco,0,0,0
1125,2025,31025208,Berilo,8,42.857142857142854,🟡 Médio Risco,0,0,0
1126,2025,31025160,José Gonçalves de Minas,10,42.857142857142854,🟡 Médio Risco,0,0,0
1127,2025,31342386,Divinópolis,276,42.857142857142854,🟡 Médio Risco,0,0,0
1128,2025,31342378,Pouso Alegre,164,42.857142857142854,🟡 Médio Risco,0,0,0
1129,2025,31342238,São Sebastião do Paraíso,157,42.857142857142854,🟡 Médio Risco,0,0,0
1130,2025,31342203,Monte Carmelo,54,42.857142857142854,🟡 Médio Risco,0,0,0
1131,2025,31342181,Três Pontas,202,42.857142857142854,🟡 Médio Risco,0,0,0
1132,2025,31342173,Leopoldina,24,42.857142857142854,🟡 Médio Risco,0,0,0
1133,2025,31342130,Cantagalo,24,42.857142857142854,🟡 Médio Risco,0,0,0
1134,2025,31342068,Orizânia,28,42.857142857142854,🟡 Médio Risco,0,0,0
1135,2025,31342050,Orizânia,234,42.857142857142854,🟡 Médio Risco,0,0,0
1136,2025,31342017,Uberlândia,136,42.857142857142854,🟡 Médio Risco,0,0,0
1137,2025,31342009,Uberlândia,259,42.857142857142854,🟡 Médio Risco,0,0,0
1138,2025,31026841,Conceição do Mato Dentro,14,42.857142857142854,🟡 Médio Risco,0,0,0
1139,2025,31026816,Conceição do Mato Dentro,7,42.857142857142854,🟡 Médio Risco,0,0,0
1140,2025,31026701,Chapada do Norte,21,42.857142857142854,🟡 Médio Risco,0,0,0
1141,2025,31026328,Chapada do Norte,6,42.857142857142854,🟡 Médio Risco,0,0,0
1142,2025,31028266,Francisco Badaró,17,42.857142857142854,🟡 Médio Risco,0,0,0
1143,2025,31028240,Jenipapo de Minas,20,42.857142857142854,🟡 Médio Risco,0,0,0
1144,2025,31028223,Francisco Badaró,14,42.857142857142854,🟡 Médio Risco,0,0,0
1145,2025,31028193,Jenipapo de Minas,11,42.857142857142854,🟡 Médio Risco,0,0,0
1146,2025,31028142,Francisco Badaró,10,42.857142857142854,🟡 Médio Risco,0,0,0
1147,2025,31028118,Jenipapo de Minas,35,42.857142857142854,🟡 Médio Risco,0,0,0
1148,2025,31028088,Jenipapo de Minas,13,42.857142857142854,🟡 Médio Risco,0,0,0
1149,2025,31028061,Jenipapo de Minas,16,42.857142857142854,🟡 Médio Risco,0,0,0
1150,2025,31028045,Francisco Badaró,6,42.857142857142854,🟡 Médio Risco,0,0,0
1151,2025,31028029,Francisco Badaró,21,42.857142857142854,🟡 Médio Risco,0,0,0
1152,2025,31028011,Francisco Badaró,13,42.857142857142854,🟡 Médio Risco,0,0,0
1153,2025,31027995,Francisco Badaró,35,42.857142857142854,🟡 Médio Risco,0,0,0
1154,2025,31027987,Francisco Badaró,12,42.857142857142854,🟡 Médio Risco,0,0,0
1155,2025,31341975,Uberlândia,142,42.857142857142854,🟡 Médio Risco,0,0,0
1156,2025,31341908,Uberlândia,146,42.857142857142854,🟡 Médio Risco,0,0,0
1157,2025,31341894,Uberlândia,52,42.857142857142854,🟡 Médio Risco,0,0,0
1158,2025,31341886,Uberlândia,97,42.857142857142854,🟡 Médio Risco,0,0,0
1159,2025,31341835,Virginópolis,44,42.857142857142854,🟡 Médio Risco,0,0,0
1160,2025,31029041,Itamarandiba,91,42.857142857142854,🟡 Médio Risco,0,0,0
1161,2025,31029025,Itamarandiba,22,42.857142857142854,🟡 Médio Risco,0,0,0
1162,2025,31028983,Itamarandiba,19,42.857142857142854,🟡 Médio Risco,0,0,0
1163,2025,31028894,Itamarandiba,14,42.857142857142854,🟡 Médio Risco,0,0,0
1164,2025,31028886,Itamarandiba,7,42.857142857142854,🟡 Médio Risco,0,0,0
1165,2025,31028860,Aricanduva,7,42.857142857142854,🟡 Médio Risco,0,0,0
1166,2025,31028614,Itamarandiba,17,42.857142857142854,🟡 Médio Risco,0,0,0
1167,2025,31371459,São Gonçalo do Sapucaí,14,42.857142857142854,🟡 Médio Risco,0,0,0
1168,2025,31371238,São Geraldo do Baixio,63,42.857142857142854,🟡 Médio Risco,0,0,0
1169,2025,31371203,Japaraíba,178,42.857142857142854,🟡 Médio Risco,0,0,0
1170,2025,31371173,Conquista,134,42.857142857142854,🟡 Médio Risco,0,0,0
1171,2025,31371165,Pará de Minas,231,42.857142857142854,🟡 Médio Risco,0,0,0
1172,2025,31371025,Uberaba,36,42.857142857142854,🟡 Médio Risco,0,0,0
1173,2025,31370967,Santa Cruz do Escalvado,62,42.857142857142854,🟡 Médio Risco,0,0,0
1174,2025,31370959,Pará de Minas,202,42.857142857142854,🟡 Médio Risco,0,0,0
1175,2025,31370908,Contagem,198,42.857142857142854,🟡 Médio Risco,0,0,0
1176,2025,31370878,Vieiras,126,42.857142857142854,🟡 Médio Risco,0,0,0
1177,2025,31370800,Esmeraldas,149,42.857142857142854,🟡 Médio Risco,0,0,0
1178,2025,31370797,Diogo de Vasconcelos,70,42.857142857142854,🟡 Médio Risco,0,0,0
1179,2025,31370762,Manhuaçu,83,42.857142857142854,🟡 Médio Risco,0,0,0
1180,2025,31370738,José Gonçalves de Minas,146,42.857142857142854,🟡 Médio Risco,0,0,0
1181,2025,31370720,Ibirité,364,42.857142857142854,🟡 Médio Risco,0,0,0
1182,2025,31370690,Sacramento,84,42.857142857142854,🟡 Médio Risco,0,0,0
1183,2025,31028461,Itamarandiba,23,42.857142857142854,🟡 Médio Risco,0,0,0
1184,2025,31028312,Jenipapo de Minas,9,42.857142857142854,🟡 Médio Risco,0,0,0
1185,2025,31029424,Minas Novas,5,42.857142857142854,🟡 Médio Risco,0,0,0
1186,2025,31029394,Minas Novas,21,42.857142857142854,🟡 Médio Risco,0,0,0
1187,2025,31029289,Minas Novas,10,42.857142857142854,🟡 Médio Risco,0,0,0
1188,2025,31029238,Minas Novas,93,42.857142857142854,🟡 Médio Risco,0,0,0
1189,2025,31029122,Minas Novas,45,42.857142857142854,🟡 Médio Risco,0,0,0
1190,2025,31029114,Minas Novas,92,42.857142857142854,🟡 Médio Risco,0,0,0
1191,2025,31029050,Itamarandiba,6,42.857142857142854,🟡 Médio Risco,0,0,0
1192,2025,31341754,Aricanduva,103,42.857142857142854,🟡 Médio Risco,0,0,0
1193,2025,31341746,Piranguinho,110,42.857142857142854,🟡 Médio Risco,0,0,0
1194,2025,31341649,Papagaios,124,42.857142857142854,🟡 Médio Risco,0,0,0
1195,2025,31341630,Raposos,115,42.857142857142854,🟡 Médio Risco,0,0,0
1196,2025,31341584,Mariana,234,42.857142857142854,🟡 Médio Risco,0,0,0
1197,2025,31341576,Medina,26,42.857142857142854,🟡 Médio Risco,0,0,0
1198,2025,31341452,Mariana,334,42.857142857142854,🟡 Médio Risco,0,0,0
1199,2025,31341312,Salinas,206,42.857142857142854,🟡 Médio Risco,0,0,0
1200,2025,31341193,Chapada Gaúcha,27,42.857142857142854,🟡 Médio Risco,0,0,0
1201,2025,31030821,Serro,59,42.857142857142854,🟡 Médio Risco,0,0,0
1202,2025,31030724,Serra Azul de Minas,16,42.857142857142854,🟡 Médio Risco,0,0,0
1203,2025,31030660,Serra Azul de Minas,3,42.857142857142854,🟡 Médio Risco,0,0,0
1204,2025,31030244,Rio Vermelho,13,42.857142857142854,🟡 Médio Risco,0,0,0
1205,2025,31030198,Rio Vermelho,10,42.857142857142854,🟡 Médio Risco,0,0,0
1206,2025,31030180,Rio Vermelho,30,42.857142857142854,🟡 Médio Risco,0,0,0
1207,2025,31030171,Rio Vermelho,309,42.857142857142854,🟡 Médio Risco,0,0,0
1208,2025,31030121,Rio Vermelho,17,42.857142857142854,🟡 Médio Risco,0,0,0
1209,2025,31030082,Rio Vermelho,14,42.857142857142854,🟡 Médio Risco,0,0,0
1210,2025,31030074,Rio Vermelho,85,42.857142857142854,🟡 Médio Risco,0,0,0
1211,2025,31030031,Rio Vermelho,42,42.857142857142854,🟡 Médio Risco,0,0,0
1212,2025,31031861,Abaeté,15,42.857142857142854,🟡 Médio Risco,0,0,0
1213,2025,31031810,Abaeté,7,42.857142857142854,🟡 Médio Risco,0,0,0
1214,2025,31031054,Serro,52,42.857142857142854,🟡 Médio Risco,0,0,0
1215,2025,31372587,Dores do Turvo,94,42.857142857142854,🟡 Médio Risco,0,0,0
1216,2025,31372579,Ouro Fino,63,42.857142857142854,🟡 Médio Risco,0,0,0
1217,2025,31372560,Ouro Fino,100,42.857142857142854,🟡 Médio Risco,0,0,0
1218,2025,31372552,Januária,164,42.857142857142854,🟡 Médio Risco,0,0,0
1219,2025,31372439,Pimenta,73,42.857142857142854,🟡 Médio Risco,0,0,0
1220,2025,31372226,Caratinga,53,42.857142857142854,🟡 Médio Risco,0,0,0
1221,2025,31372200,São João Nepomuceno,138,42.857142857142854,🟡 Médio Risco,0,0,0
1222,2025,31372188,São João Nepomuceno,112,42.857142857142854,🟡 Médio Risco,0,0,0
1223,2025,31372161,Tocos do Moji,66,42.857142857142854,🟡 Médio Risco,0,0,0
1224,2025,31008265,Brumadinho,45,42.857142857142854,🟡 Médio Risco,0,0,0
1225,2025,31008257,Brumadinho,68,42.857142857142854,🟡 Médio Risco,0,0,0
1226,2025,31008231,Brumadinho,344,42.857142857142854,🟡 Médio Risco,0,0,0
1227,2025,31371866,Araporã,256,42.857142857142854,🟡 Médio Risco,0,0,0
1228,2025,31371637,Nova Porteirinha,33,42.857142857142854,🟡 Médio Risco,0,0,0
1229,2025,31371629,Serra dos Aimorés,115,42.857142857142854,🟡 Médio Risco,0,0,0
1230,2025,31032000,Arcos,202,42.857142857142854,🟡 Médio Risco,0,0,0
1231,2025,31031895,Abaeté,92,42.857142857142854,🟡 Médio Risco,0,0,0
1232,2025,31341150,Uberlândia,470,42.857142857142854,🟡 Médio Risco,0,0,0
1233,2025,31341142,Uberlândia,103,42.857142857142854,🟡 Médio Risco,0,0,0
1234,2025,31341134,Uberlândia,83,42.857142857142854,🟡 Médio Risco,0,0,0
1235,2025,31341037,Lagoa Formosa,87,42.857142857142854,🟡 Médio Risco,0,0,0
1236,2025,31340995,Carmo de Minas,29,42.857142857142854,🟡 Médio Risco,0,0,0
1237,2025,31340812,Tiradentes,114,42.857142857142854,🟡 Médio Risco,0,0,0
1238,2025,31340693,Piumhi,70,42.857142857142854,🟡 Médio Risco,0,0,0
1239,2025,31340685,Formiga,180,42.857142857142854,🟡 Médio Risco,0,0,0
1240,2025,31340529,Ninheira,29,42.857142857142854,🟡 Médio Risco,0,0,0
1241,2025,31340464,Betim,267,42.857142857142854,🟡 Médio Risco,0,0,0
1242,2025,31340359,Lagoa da Prata,114,42.857142857142854,🟡 Médio Risco,0,0,0
1243,2025,31340324,Caxambu,64,42.857142857142854,🟡 Médio Risco,0,0,0
1244,2025,31340235,Governador Valadares,143,42.857142857142854,🟡 Médio Risco,0,0,0
1245,2025,31340219,Uberaba,98,42.857142857142854,🟡 Médio Risco,0,0,0
1246,2025,31340090,Tupaciguara,154,42.857142857142854,🟡 Médio Risco,0,0,0
1247,2025,31340081,Abre Campo,215,42.857142857142854,🟡 Médio Risco,0,0,0
1248,2025,31340006,Pará de Minas,254,42.857142857142854,🟡 Médio Risco,0,0,0
1249,2025,31339911,Pirapetinga,131,42.857142857142854,🟡 Médio Risco,0,0,0
1250,2025,31339822,Juiz de Fora,259,42.857142857142854,🟡 Médio Risco,0,0,0
1251,2025,31339814,Juiz de Fora,341,42.857142857142854,🟡 Médio Risco,0,0,0
1252,2025,31339601,Barbacena,233,42.857142857142854,🟡 Médio Risco,0,0,0
1253,2025,31339598,Barbacena,144,42.857142857142854,🟡 Médio Risco,0,0,0
1254,2025,31339440,Brasília de Minas,55,42.857142857142854,🟡 Médio Risco,0,0,0
1255,2025,31339113,Sobrália,30,42.857142857142854,🟡 Médio Risco,0,0,0
1256,2025,31339032,Pedra Bonita,169,42.857142857142854,🟡 Médio Risco,0,0,0
1257,2025,31339024,Pará de Minas,279,42.857142857142854,🟡 Médio Risco,0,0,0
1258,2025,31339016,Igaratinga,172,42.857142857142854,🟡 Médio Risco,0,0,0
1259,2025,31338990,Piranga,44,42.857142857142854,🟡 Médio Risco,0,0,0
1260,2025,31338974,Piranga,45,42.857142857142854,🟡 Médio Risco,0,0,0
1261,2025,31338966,Piranga,98,42.857142857142854,🟡 Médio Risco,0,0,0
1262,2025,31338931,São Francisco de Paula,140,42.857142857142854,🟡 Médio Risco,0,0,0
1263,2025,31338770,São João das Missões,156,42.857142857142854,🟡 Médio Risco,0,0,0
1264,2025,31338745,São João das Missões,142,42.857142857142854,🟡 Médio Risco,0,0,0
1265,2025,31338710,São Lourenço,27,42.857142857142854,🟡 Médio Risco,0,0,0
1266,2025,31338591,Carandaí,342,42.857142857142854,🟡 Médio Risco,0,0,0
1267,2025,31338567,Andrelândia,142,42.857142857142854,🟡 Médio Risco,0,0,0
1268,2025,31338532,Coração de Jesus,83,42.857142857142854,🟡 Médio Risco,0,0,0
1269,2025,31338516,Coração de Jesus,42,42.857142857142854,🟡 Médio Risco,0,0,0
1270,2025,31338508,Coração de Jesus,44,42.857142857142854,🟡 Médio Risco,0,0,0
1271,2025,31338494,Coração de Jesus,39,42.857142857142854,🟡 Médio Risco,0,0,0
1272,2025,31337994,Caparaó,12,42.857142857142854,🟡 Médio Risco,0,0,0
1273,2025,31337978,Caparaó,35,42.857142857142854,🟡 Médio Risco,0,0,0
1274,2025,31337897,Vargem Grande do Rio Pardo,99,42.857142857142854,🟡 Médio Risco,0,0,0
1275,2025,31337803,Santo Antônio do Amparo,43,42.857142857142854,🟡 Médio Risco,0,0,0
1276,2025,31337633,Pedro Leopoldo,22,42.857142857142854,🟡 Médio Risco,0,0,0
1277,2025,31033073,Divinópolis,366,42.857142857142854,🟡 Médio Risco,0,0,0
1278,2025,31337625,Pedro Leopoldo,46,42.857142857142854,🟡 Médio Risco,0,0,0
1279,2025,31337617,Pedro Leopoldo,60,42.857142857142854,🟡 Médio Risco,0,0,0
1280,2025,31337579,Senador Modestino Gonçalves,64,42.857142857142854,🟡 Médio Risco,0,0,0
1281,2025,31337471,Montes Claros,15,42.857142857142854,🟡 Médio Risco,0,0,0
1282,2025,31337455,Campo Azul,65,42.857142857142854,🟡 Médio Risco,0,0,0
1283,2025,31337447,Campo Azul,58,42.857142857142854,🟡 Médio Risco,0,0,0
1284,2025,31337366,Coração de Jesus,104,42.857142857142854,🟡 Médio Risco,0,0,0
1285,2025,31337269,Divinolândia de Minas,148,42.857142857142854,🟡 Médio Risco,0,0,0
1286,2025,31337129,Matozinhos,86,42.857142857142854,🟡 Médio Risco,0,0,0
1287,2025,31337110,Matozinhos,50,42.857142857142854,🟡 Médio Risco,0,0,0
1288,2025,31337102,Matozinhos,49,42.857142857142854,🟡 Médio Risco,0,0,0
1289,2025,31337099,Matozinhos,50,42.857142857142854,🟡 Médio Risco,0,0,0
1290,2025,31337080,Tarumirim,119,42.857142857142854,🟡 Médio Risco,0,0,0
1291,2025,31033308,Divinópolis,154,42.857142857142854,🟡 Médio Risco,0,0,0
1292,2025,31337072,Presidente Olegário,45,42.857142857142854,🟡 Médio Risco,0,0,0
1293,2025,31337056,Chapada Gaúcha,101,42.857142857142854,🟡 Médio Risco,0,0,0
1294,2025,31337048,Inconfidentes,57,42.857142857142854,🟡 Médio Risco,0,0,0
1295,2025,31336955,Gameleiras,49,42.857142857142854,🟡 Médio Risco,0,0,0
1296,2025,31336874,Pedro Leopoldo,80,42.857142857142854,🟡 Médio Risco,0,0,0
1297,2025,31336866,Pedro Leopoldo,65,42.857142857142854,🟡 Médio Risco,0,0,0
1298,2025,31336785,Juiz de Fora,88,42.857142857142854,🟡 Médio Risco,0,0,0
1299,2025,31336734,Riacho dos Machados,93,42.857142857142854,🟡 Médio Risco,0,0,0
1300,2025,31336700,Porteirinha,47,42.857142857142854,🟡 Médio Risco,0,0,0
1301,2025,31336653,Monte Azul,166,42.857142857142854,🟡 Médio Risco,0,0,0
1302,2025,31033391,Divinópolis,117,42.857142857142854,🟡 Médio Risco,0,0,0
1303,2025,31336645,Jacutinga,77,42.857142857142854,🟡 Médio Risco,0,0,0
1304,2025,31336572,Jaíba,147,42.857142857142854,🟡 Médio Risco,0,0,0
1305,2025,31336564,Jaíba,124,42.857142857142854,🟡 Médio Risco,0,0,0
1306,2025,31336556,Pai Pedro,24,42.857142857142854,🟡 Médio Risco,0,0,0
1307,2025,31336513,Machado,61,42.857142857142854,🟡 Médio Risco,0,0,0
1308,2025,31336327,Jaíba,134,42.857142857142854,🟡 Médio Risco,0,0,0
1309,2025,31336319,Jaíba,108,42.857142857142854,🟡 Médio Risco,0,0,0
1310,2025,31336270,Jaíba,73,42.857142857142854,🟡 Médio Risco,0,0,0
1311,2025,31336246,Barroso,64,42.857142857142854,🟡 Médio Risco,0,0,0
1312,2025,31336211,Jaíba,131,42.857142857142854,🟡 Médio Risco,0,0,0
1313,2025,31336203,Jaíba,326,42.857142857142854,🟡 Médio Risco,0,0,0
1314,2025,31335967,Betim,147,42.857142857142854,🟡 Médio Risco,0,0,0
1315,2025,31335851,Itabirito,130,42.857142857142854,🟡 Médio Risco,0,0,0
1316,2025,31335800,Itabirito,56,42.857142857142854,🟡 Médio Risco,0,0,0
1317,2025,31335770,Divinópolis,403,42.857142857142854,🟡 Médio Risco,0,0,0
1318,2025,31335754,Ouro Preto,178,42.857142857142854,🟡 Médio Risco,0,0,0
1319,2025,31335711,Imbé de Minas,128,42.857142857142854,🟡 Médio Risco,0,0,0
1320,2025,31335681,Salinas,99,42.857142857142854,🟡 Médio Risco,0,0,0
1321,2025,31335606,Salinas,41,42.857142857142854,🟡 Médio Risco,0,0,0
1322,2025,31335576,Salinas,37,42.857142857142854,🟡 Médio Risco,0,0,0
1323,2025,31335541,Novorizonte,13,42.857142857142854,🟡 Médio Risco,0,0,0
1324,2025,31335533,Novorizonte,34,42.857142857142854,🟡 Médio Risco,0,0,0
1325,2025,31335525,Novorizonte,74,42.857142857142854,🟡 Médio Risco,0,0,0
1326,2025,31335487,Itaobim,70,42.857142857142854,🟡 Médio Risco,0,0,0
1327,2025,31335410,Berilo,122,42.857142857142854,🟡 Médio Risco,0,0,0
1328,2025,31033707,Iguatama,90,42.857142857142854,🟡 Médio Risco,0,0,0
1329,2025,31033600,Igaratinga,22,42.857142857142854,🟡 Médio Risco,0,0,0
1330,2025,31335398,Ubaporanga,110,42.857142857142854,🟡 Médio Risco,0,0,0
1331,2025,31335380,Juiz de Fora,16,42.857142857142854,🟡 Médio Risco,0,0,0
1332,2025,31335240,Monte Santo de Minas,171,42.857142857142854,🟡 Médio Risco,0,0,0
1333,2025,31335215,Ouro Preto,54,42.857142857142854,🟡 Médio Risco,0,0,0
1334,2025,31335207,Ouro Preto,35,42.857142857142854,🟡 Médio Risco,0,0,0
1335,2025,31335193,Ouro Preto,36,42.857142857142854,🟡 Médio Risco,0,0,0
1336,2025,31335185,Ouro Preto,46,42.857142857142854,🟡 Médio Risco,0,0,0
1337,2025,31335177,Ouro Preto,42,42.857142857142854,🟡 Médio Risco,0,0,0
1338,2025,31335150,Ouro Preto,40,42.857142857142854,🟡 Médio Risco,0,0,0
1339,2025,31335142,Ouro Preto,114,42.857142857142854,🟡 Médio Risco,0,0,0
1340,2025,31335134,Ouro Preto,79,42.857142857142854,🟡 Médio Risco,0,0,0
1341,2025,31335045,Wenceslau Braz,72,42.857142857142854,🟡 Médio Risco,0,0,0
1342,2025,31335010,Ouro Preto,76,42.857142857142854,🟡 Médio Risco,0,0,0
1343,2025,31033898,Itaúna,388,42.857142857142854,🟡 Médio Risco,0,0,0
1344,2025,31033804,Itaúna,388,42.857142857142854,🟡 Médio Risco,0,0,0
1345,2025,31334995,Periquito,52,42.857142857142854,🟡 Médio Risco,0,0,0
1346,2025,31334979,Periquito,70,42.857142857142854,🟡 Médio Risco,0,0,0
1347,2025,31334960,Periquito,262,42.857142857142854,🟡 Médio Risco,0,0,0
1348,2025,31334952,Coromandel,33,42.857142857142854,🟡 Médio Risco,0,0,0
1349,2025,31334944,Santana de Cataguases,52,42.857142857142854,🟡 Médio Risco,0,0,0
1350,2025,31334847,Muzambinho,96,42.857142857142854,🟡 Médio Risco,0,0,0
1351,2025,31334740,Itajubá,70,42.857142857142854,🟡 Médio Risco,0,0,0
1352,2025,31334677,Betim,293,42.857142857142854,🟡 Médio Risco,0,0,0
1353,2025,31334669,Betim,131,42.857142857142854,🟡 Médio Risco,0,0,0
1354,2025,31334294,Pará de Minas,341,42.857142857142854,🟡 Médio Risco,0,0,0
1355,2025,31034151,Leandro Ferreira,20,42.857142857142854,🟡 Médio Risco,0,0,0
1356,2025,31034142,Leandro Ferreira,8,42.857142857142854,🟡 Médio Risco,0,0,0
1357,2025,31034011,Lagoa da Prata,69,42.857142857142854,🟡 Médio Risco,0,0,0
1358,2025,31033961,Itaúna,402,42.857142857142854,🟡 Médio Risco,0,0,0
1359,2025,31334065,Claro dos Poções,49,42.857142857142854,🟡 Médio Risco,0,0,0
1360,2025,31333972,Betim,299,42.857142857142854,🟡 Médio Risco,0,0,0
1361,2025,31333930,Governador Valadares,231,42.857142857142854,🟡 Médio Risco,0,0,0
1362,2025,31333689,Montes Claros,284,42.857142857142854,🟡 Médio Risco,0,0,0
1363,2025,31333638,Iapu,179,42.857142857142854,🟡 Médio Risco,0,0,0
1364,2025,31333611,Itacarambi,5,42.857142857142854,🟡 Médio Risco,0,0,0
1365,2025,31333506,Itabirinha,147,42.857142857142854,🟡 Médio Risco,0,0,0
1366,2025,31333468,Pedro Leopoldo,116,42.857142857142854,🟡 Médio Risco,0,0,0
1367,2025,31333417,Ubaporanga,14,42.857142857142854,🟡 Médio Risco,0,0,0
1368,2025,31034428,Juatuba,565,42.857142857142854,🟡 Médio Risco,0,0,0
1369,2025,31333328,Felixlândia,24,42.857142857142854,🟡 Médio Risco,0,0,0
1370,2025,31333204,Ribeirão das Neves,194,42.857142857142854,🟡 Médio Risco,0,0,0
1371,2025,31333191,Ribeirão das Neves,897,42.857142857142854,🟡 Médio Risco,0,0,0
1372,2025,31333182,Ribeirão das Neves,290,42.857142857142854,🟡 Médio Risco,0,0,0
1373,2025,31333174,Ribeirão das Neves,1094,42.857142857142854,🟡 Médio Risco,0,0,0
1374,2025,31333166,Ribeirão das Neves,111,42.857142857142854,🟡 Médio Risco,0,0,0
1375,2025,31333158,Ribeirão das Neves,388,42.857142857142854,🟡 Médio Risco,0,0,0
1376,2025,31333140,Santa Rita do Sapucaí,161,42.857142857142854,🟡 Médio Risco,0,0,0
1377,2025,31333123,Ribeirão das Neves,539,42.857142857142854,🟡 Médio Risco,0,0,0
1378,2025,31333069,Luminárias,206,42.857142857142854,🟡 Médio Risco,0,0,0
1379,2025,31333051,Fronteira,48,42.857142857142854,🟡 Médio Risco,0,0,0
1380,2025,31333042,Itapagipe,69,42.857142857142854,🟡 Médio Risco,0,0,0
1381,2025,31333000,Varginha,358,42.857142857142854,🟡 Médio Risco,0,0,0
1382,2025,31332810,Cabeceira Grande,159,42.857142857142854,🟡 Médio Risco,0,0,0
1383,2025,31332801,Cabeceira Grande,191,42.857142857142854,🟡 Médio Risco,0,0,0
1384,2025,31332798,Conselheiro Pena,83,42.857142857142854,🟡 Médio Risco,0,0,0
1385,2025,31332771,Unaí,272,42.857142857142854,🟡 Médio Risco,0,0,0
1386,2025,31332763,Unaí,192,42.857142857142854,🟡 Médio Risco,0,0,0
1387,2025,31332755,Rio Casca,247,42.857142857142854,🟡 Médio Risco,0,0,0
1388,2025,31331643,Cambuí,130,42.857142857142854,🟡 Médio Risco,0,0,0
1389,2025,31331571,Muriaé,218,42.857142857142854,🟡 Médio Risco,0,0,0
1390,2025,31331490,Tupaciguara,98,42.857142857142854,🟡 Médio Risco,0,0,0
1391,2025,31331481,Tupaciguara,116,42.857142857142854,🟡 Médio Risco,0,0,0
1392,2025,31331465,Matipó,183,42.857142857142854,🟡 Médio Risco,0,0,0
1393,2025,31331384,Buritis,142,42.857142857142854,🟡 Médio Risco,0,0,0
1394,2025,31034690,Onça de Pitangui,7,42.857142857142854,🟡 Médio Risco,0,0,0
1395,2025,31331287,Ibirité,698,42.857142857142854,🟡 Médio Risco,0,0,0
1396,2025,31331244,Coronel Fabriciano,326,42.857142857142854,🟡 Médio Risco,0,0,0
1397,2025,31331139,Poços de Caldas,226,42.857142857142854,🟡 Médio Risco,0,0,0
1398,2025,31330884,Ibirité,355,42.857142857142854,🟡 Médio Risco,0,0,0
1399,2025,31330809,Araçuaí,32,42.857142857142854,🟡 Médio Risco,0,0,0
1400,2025,31330451,Betim,364,42.857142857142854,🟡 Médio Risco,0,0,0
1401,2025,31330396,Iapu,27,42.857142857142854,🟡 Médio Risco,0,0,0
1402,2025,31330353,Vespasiano,33,42.857142857142854,🟡 Médio Risco,0,0,0
1403,2025,31330329,João Pinheiro,205,42.857142857142854,🟡 Médio Risco,0,0,0
1404,2025,31330221,Sarzedo,524,42.857142857142854,🟡 Médio Risco,0,0,0
1405,2025,31330183,Sarzedo,664,42.857142857142854,🟡 Médio Risco,0,0,0
1406,2025,31330159,Vargem Grande do Rio Pardo,69,42.857142857142854,🟡 Médio Risco,0,0,0
1407,2025,31330078,Sarzedo,187,42.857142857142854,🟡 Médio Risco,0,0,0
1408,2025,31329991,São João do Paraíso,82,42.857142857142854,🟡 Médio Risco,0,0,0
1409,2025,31329983,São João do Paraíso,100,42.857142857142854,🟡 Médio Risco,0,0,0
1410,2025,31329835,Ubaporanga,84,42.857142857142854,🟡 Médio Risco,0,0,0
1411,2025,31329827,Ubaporanga,19,42.857142857142854,🟡 Médio Risco,0,0,0
1412,2025,31329720,Itambé do Mato Dentro,75,42.857142857142854,🟡 Médio Risco,0,0,0
1413,2025,31329401,Passos,237,42.857142857142854,🟡 Médio Risco,0,0,0
1414,2025,31329231,São Sebastião da Vargem Alegre,58,42.857142857142854,🟡 Médio Risco,0,0,0
1415,2025,31329134,São João do Pacuí,82,42.857142857142854,🟡 Médio Risco,0,0,0
1416,2025,31329118,São João do Pacuí,29,42.857142857142854,🟡 Médio Risco,0,0,0
1417,2025,31035114,Pará de Minas,430,42.857142857142854,🟡 Médio Risco,0,0,0
1418,2025,31034991,Pará de Minas,95,42.857142857142854,🟡 Médio Risco,0,0,0
1419,2025,31034975,Pará de Minas,153,42.857142857142854,🟡 Médio Risco,0,0,0
1420,2025,31329029,Ibiaí,232,42.857142857142854,🟡 Médio Risco,0,0,0
1421,2025,31329011,Divinópolis,109,42.857142857142854,🟡 Médio Risco,0,0,0
1422,2025,31328596,Uberlândia,115,42.857142857142854,🟡 Médio Risco,0,0,0
1423,2025,31328553,Uberlândia,132,42.857142857142854,🟡 Médio Risco,0,0,0
1424,2025,31328545,Uberlândia,294,42.857142857142854,🟡 Médio Risco,0,0,0
1425,2025,31035416,Pitangui,38,42.857142857142854,🟡 Médio Risco,0,0,0
1426,2025,31035254,Pedra do Indaiá,45,42.857142857142854,🟡 Médio Risco,0,0,0
1427,2025,31328456,Berizal,23,42.857142857142854,🟡 Médio Risco,0,0,0
1428,2025,31328448,Poté,10,42.857142857142854,🟡 Médio Risco,0,0,0
1429,2025,31328430,Berizal,21,42.857142857142854,🟡 Médio Risco,0,0,0
1430,2025,31328421,Ouro Verde de Minas,132,42.857142857142854,🟡 Médio Risco,0,0,0
1431,2025,31328413,Juiz de Fora,109,42.857142857142854,🟡 Médio Risco,0,0,0
1432,2025,31328405,Novo Cruzeiro,77,42.857142857142854,🟡 Médio Risco,0,0,0
1433,2025,31328391,Novo Cruzeiro,106,42.857142857142854,🟡 Médio Risco,0,0,0
1434,2025,31328383,Novo Cruzeiro,117,42.857142857142854,🟡 Médio Risco,0,0,0
1435,2025,31328375,Novo Cruzeiro,289,42.857142857142854,🟡 Médio Risco,0,0,0
1436,2025,31328367,Novo Cruzeiro,296,42.857142857142854,🟡 Médio Risco,0,0,0
1437,2025,31328308,Igaratinga,304,42.857142857142854,🟡 Médio Risco,0,0,0
1438,2025,31328286,Heliodora,121,42.857142857142854,🟡 Médio Risco,0,0,0
1439,2025,31328111,Carangola,44,42.857142857142854,🟡 Médio Risco,0,0,0
1440,2025,31328103,Carangola,32,42.857142857142854,🟡 Médio Risco,0,0,0
1441,2025,31328081,Cambuí,137,42.857142857142854,🟡 Médio Risco,0,0,0
1442,2025,31328073,Cambuí,137,42.857142857142854,🟡 Médio Risco,0,0,0
1443,2025,31328065,Francisco Sá,77,42.857142857142854,🟡 Médio Risco,0,0,0
1444,2025,31328057,Francisco Sá,102,42.857142857142854,🟡 Médio Risco,0,0,0
1445,2025,31328006,Alto Caparaó,292,42.857142857142854,🟡 Médio Risco,0,0,0
1446,2025,31327981,Juatuba,98,42.857142857142854,🟡 Médio Risco,0,0,0
1447,2025,31327972,Visconde do Rio Branco,95,42.857142857142854,🟡 Médio Risco,0,0,0
1448,2025,31035696,Tapiraí,68,42.857142857142854,🟡 Médio Risco,0,0,0
1449,2025,31327948,Divinópolis,163,42.857142857142854,🟡 Médio Risco,0,0,0
1450,2025,31327841,Arcos,379,42.857142857142854,🟡 Médio Risco,0,0,0
1451,2025,31327832,Divinópolis,198,42.857142857142854,🟡 Médio Risco,0,0,0
1452,2025,31327701,Claro dos Poções,175,42.857142857142854,🟡 Médio Risco,0,0,0
1453,2025,31327697,Tocantins,51,42.857142857142854,🟡 Médio Risco,0,0,0
1454,2025,31327590,Patrocínio,169,42.857142857142854,🟡 Médio Risco,0,0,0
1455,2025,31327549,Paracatu,102,42.857142857142854,🟡 Médio Risco,0,0,0
1456,2025,31036781,Carmo da Mata,45,42.857142857142854,🟡 Médio Risco,0,0,0
1457,2025,31036145,Arcos,226,42.857142857142854,🟡 Médio Risco,0,0,0
1458,2025,31036099,Arcos,83,42.857142857142854,🟡 Médio Risco,0,0,0
1459,2025,31036072,Arcos,272,42.857142857142854,🟡 Médio Risco,0,0,0
1460,2025,31036048,Arcos,541,42.857142857142854,🟡 Médio Risco,0,0,0
1461,2025,31036005,Arcos,90,42.857142857142854,🟡 Médio Risco,0,0,0
1462,2025,31035807,Abaeté,9,42.857142857142854,🟡 Médio Risco,0,0,0
1463,2025,31035700,Tapiraí,133,42.857142857142854,🟡 Médio Risco,0,0,0
1464,2025,31327441,Ribeirão das Neves,397,42.857142857142854,🟡 Médio Risco,0,0,0
1465,2025,31327255,Monte Sião,91,42.857142857142854,🟡 Médio Risco,0,0,0
1466,2025,31327166,Ribeirão das Neves,219,42.857142857142854,🟡 Médio Risco,0,0,0
1467,2025,31327140,Ribeirão das Neves,141,42.857142857142854,🟡 Médio Risco,0,0,0
1468,2025,31327131,Ribeirão das Neves,207,42.857142857142854,🟡 Médio Risco,0,0,0
1469,2025,31327093,Bertópolis,27,42.857142857142854,🟡 Médio Risco,0,0,0
1470,2025,31327085,Montes Claros,206,42.857142857142854,🟡 Médio Risco,0,0,0
1471,2025,31037532,Divinópolis,176,42.857142857142854,🟡 Médio Risco,0,0,0
1472,2025,31037397,Divinópolis,397,42.857142857142854,🟡 Médio Risco,0,0,0
1473,2025,31037346,Divinópolis,230,42.857142857142854,🟡 Médio Risco,0,0,0
1474,2025,31037338,Divinópolis,334,42.857142857142854,🟡 Médio Risco,0,0,0
1475,2025,31037320,Divinópolis,190,42.857142857142854,🟡 Médio Risco,0,0,0
1476,2025,31037290,Divinópolis,308,42.857142857142854,🟡 Médio Risco,0,0,0
1477,2025,31037249,Divinópolis,152,42.857142857142854,🟡 Médio Risco,0,0,0
1478,2025,31037222,Divinópolis,698,42.857142857142854,🟡 Médio Risco,0,0,0
1479,2025,31037214,Divinópolis,182,42.857142857142854,🟡 Médio Risco,0,0,0
1480,2025,31327034,Astolfo Dutra,142,42.857142857142854,🟡 Médio Risco,0,0,0
1481,2025,31327000,Porto Firme,122,42.857142857142854,🟡 Médio Risco,0,0,0
1482,2025,31326984,Douradoquara,41,42.857142857142854,🟡 Médio Risco,0,0,0
1483,2025,31326712,Três Pontas,35,42.857142857142854,🟡 Médio Risco,0,0,0
1484,2025,31326666,Caratinga,130,42.857142857142854,🟡 Médio Risco,0,0,0
1485,2025,31326631,Carmo do Paranaíba,4,42.857142857142854,🟡 Médio Risco,0,0,0
1486,2025,31326399,Caratinga,57,42.857142857142854,🟡 Médio Risco,0,0,0
1487,2025,31326208,Manga,45,42.857142857142854,🟡 Médio Risco,0,0,0
1488,2025,31326186,Manga,116,42.857142857142854,🟡 Médio Risco,0,0,0
1489,2025,31326127,Nova Lima,421,42.857142857142854,🟡 Médio Risco,0,0,0
1490,2025,31326097,Itacambira,127,42.857142857142854,🟡 Médio Risco,0,0,0
1491,2025,31038440,Lagoa da Prata,229,42.857142857142854,🟡 Médio Risco,0,0,0
1492,2025,31038229,Itaúna,28,42.857142857142854,🟡 Médio Risco,0,0,0
1493,2025,31038199,Itaúna,52,42.857142857142854,🟡 Médio Risco,0,0,0
1494,2025,31326062,Nova Lima,139,42.857142857142854,🟡 Médio Risco,0,0,0
1495,2025,31326038,Taquaraçu de Minas,156,42.857142857142854,🟡 Médio Risco,0,0,0
1496,2025,31325996,Urucuia,239,42.857142857142854,🟡 Médio Risco,0,0,0
1497,2025,31325988,Extrema,370,42.857142857142854,🟡 Médio Risco,0,0,0
1498,2025,31325813,Ervália,80,42.857142857142854,🟡 Médio Risco,0,0,0
1499,2025,31325716,Montes Claros,479,42.857142857142854,🟡 Médio Risco,0,0,0
1500,2025,31373907,Nova Lima,135,42.857142857142854,🟡 Médio Risco,0,0,0
1501,2025,31373869,São Sebastião do Paraíso,206,42.857142857142854,🟡 Médio Risco,0,0,0
1502,2025,31373788,Resende Costa,302,42.857142857142854,🟡 Médio Risco,0,0,0
1503,2025,31373770,Unaí,219,42.857142857142854,🟡 Médio Risco,0,0,0
1504,2025,31373761,Presidente Bernardes,117,42.857142857142854,🟡 Médio Risco,0,0,0
1505,2025,31373710,Ituiutaba,164,42.857142857142854,🟡 Médio Risco,0,0,0
1506,2025,31373648,São Gonçalo do Sapucaí,194,42.857142857142854,🟡 Médio Risco,0,0,0
1507,2025,31373460,Extrema,252,42.857142857142854,🟡 Médio Risco,0,0,0
1508,2025,31373052,Timóteo,96,42.857142857142854,🟡 Médio Risco,0,0,0
1509,2025,31373044,Uruana de Minas,70,42.857142857142854,🟡 Médio Risco,0,0,0
1510,2025,31372960,Itapeva,348,42.857142857142854,🟡 Médio Risco,0,0,0
1511,2025,31372951,São José da Lapa,90,42.857142857142854,🟡 Médio Risco,0,0,0
1512,2025,31372943,São José da Lapa,147,42.857142857142854,🟡 Médio Risco,0,0,0
1513,2025,31372927,São José da Lapa,185,42.857142857142854,🟡 Médio Risco,0,0,0
1514,2025,31372862,Itabirito,185,42.857142857142854,🟡 Médio Risco,0,0,0
1515,2025,31372650,Ubá,143,42.857142857142854,🟡 Médio Risco,0,0,0
1516,2025,31325589,Ubaí,71,42.857142857142854,🟡 Médio Risco,0,0,0
1517,2025,31325562,Pintópolis,96,42.857142857142854,🟡 Médio Risco,0,0,0
1518,2025,31325511,Divinópolis,315,42.857142857142854,🟡 Médio Risco,0,0,0
1519,2025,31038768,Juatuba,403,42.857142857142854,🟡 Médio Risco,0,0,0
1520,2025,31038741,Mateus Leme,212,42.857142857142854,🟡 Médio Risco,0,0,0
1521,2025,31038733,Mateus Leme,1119,42.857142857142854,🟡 Médio Risco,0,0,0
1522,2025,31325490,Ubaí,144,42.857142857142854,🟡 Médio Risco,0,0,0
1523,2025,31325333,Guaraciaba,201,42.857142857142854,🟡 Médio Risco,0,0,0
1524,2025,31325091,Icaraí de Minas,118,42.857142857142854,🟡 Médio Risco,0,0,0
1525,2025,31325031,Joaíma,12,42.857142857142854,🟡 Médio Risco,0,0,0
1526,2025,31325023,Joaíma,21,42.857142857142854,🟡 Médio Risco,0,0,0
1527,2025,31324922,Montes Claros,184,42.857142857142854,🟡 Médio Risco,0,0,0
1528,2025,31324833,Montes Claros,114,42.857142857142854,🟡 Médio Risco,0,0,0
1529,2025,31324787,Pirapora,551,42.857142857142854,🟡 Médio Risco,0,0,0
1530,2025,31324736,Itabira,63,42.857142857142854,🟡 Médio Risco,0,0,0
1531,2025,31324604,Uberaba,136,42.857142857142854,🟡 Médio Risco,0,0,0
1532,2025,31324523,Sarzedo,498,42.857142857142854,🟡 Médio Risco,0,0,0
1533,2025,31324451,São Gonçalo do Sapucaí,337,42.857142857142854,🟡 Médio Risco,0,0,0
1534,2025,31040592,São José da Varginha,16,42.857142857142854,🟡 Médio Risco,0,0,0
1535,2025,31039608,Passa Tempo,19,42.857142857142854,🟡 Médio Risco,0,0,0
1536,2025,31039586,Pará de Minas,287,42.857142857142854,🟡 Médio Risco,0,0,0
1537,2025,31039535,Pará de Minas,107,42.857142857142854,🟡 Médio Risco,0,0,0
1538,2025,31324191,Vespasiano,379,42.857142857142854,🟡 Médio Risco,0,0,0
1539,2025,31324116,Vespasiano,175,42.857142857142854,🟡 Médio Risco,0,0,0
1540,2025,31324108,Ribeirão das Neves,373,42.857142857142854,🟡 Médio Risco,0,0,0
1541,2025,31323900,Pocrane,6,42.857142857142854,🟡 Médio Risco,0,0,0
1542,2025,31323896,Pocrane,15,42.857142857142854,🟡 Médio Risco,0,0,0
1543,2025,31323888,Pocrane,12,42.857142857142854,🟡 Médio Risco,0,0,0
1544,2025,31323861,Pará de Minas,179,42.857142857142854,🟡 Médio Risco,0,0,0
1545,2025,31041599,Açucena,91,42.857142857142854,🟡 Médio Risco,0,0,0
1546,2025,31041572,Açucena,20,42.857142857142854,🟡 Médio Risco,0,0,0
1547,2025,31041564,Açucena,9,42.857142857142854,🟡 Médio Risco,0,0,0
1548,2025,31040606,São José da Varginha,22,42.857142857142854,🟡 Médio Risco,0,0,0
1549,2025,31323802,Pará de Minas,517,42.857142857142854,🟡 Médio Risco,0,0,0
1550,2025,31323691,Coromandel,232,42.857142857142854,🟡 Médio Risco,0,0,0
1551,2025,31323683,Coromandel,20,42.857142857142854,🟡 Médio Risco,0,0,0
1552,2025,31323608,Monte Carmelo,63,42.857142857142854,🟡 Médio Risco,0,0,0
1553,2025,31323594,Monte Carmelo,51,42.857142857142854,🟡 Médio Risco,0,0,0
1554,2025,31323519,Iapu,198,42.857142857142854,🟡 Médio Risco,0,0,0
1555,2025,31323501,São Sebastião do Anta,91,42.857142857142854,🟡 Médio Risco,0,0,0
1556,2025,31323454,Três Pontas,172,42.857142857142854,🟡 Médio Risco,0,0,0
1557,2025,31323446,Divinópolis,183,42.857142857142854,🟡 Médio Risco,0,0,0
1558,2025,31323349,Virgolândia,114,42.857142857142854,🟡 Médio Risco,0,0,0
1559,2025,31323128,São João do Oriente,57,42.857142857142854,🟡 Médio Risco,0,0,0
1560,2025,31323101,Inhapim,50,42.857142857142854,🟡 Médio Risco,0,0,0
1561,2025,31322938,Varzelândia,50,42.857142857142854,🟡 Médio Risco,0,0,0
1562,2025,31041874,Aimorés,15,42.857142857142854,🟡 Médio Risco,0,0,0
1563,2025,31041831,Aimorés,157,42.857142857142854,🟡 Médio Risco,0,0,0
1564,2025,31322750,Itaú de Minas,118,42.857142857142854,🟡 Médio Risco,0,0,0
1565,2025,31322733,Alpinópolis,164,42.857142857142854,🟡 Médio Risco,0,0,0
1566,2025,31322717,Ibirité,686,42.857142857142854,🟡 Médio Risco,0,0,0
1567,2025,31322679,Divinópolis,216,42.857142857142854,🟡 Médio Risco,0,0,0
1568,2025,31322458,Toledo,169,42.857142857142854,🟡 Médio Risco,0,0,0
1569,2025,31322423,Pouso Alegre,223,42.857142857142854,🟡 Médio Risco,0,0,0
1570,2025,31322237,Três Pontas,295,42.857142857142854,🟡 Médio Risco,0,0,0
1571,2025,31322211,Caratinga,72,42.857142857142854,🟡 Médio Risco,0,0,0
1572,2025,31322164,Padre Paraíso,68,42.857142857142854,🟡 Médio Risco,0,0,0
1573,2025,31322105,São Domingos das Dores,107,42.857142857142854,🟡 Médio Risco,0,0,0
1574,2025,31322075,Turmalina,45,42.857142857142854,🟡 Médio Risco,0,0,0
1575,2025,31321907,Perdões,189,42.857142857142854,🟡 Médio Risco,0,0,0
1576,2025,31321711,Divinópolis,310,42.857142857142854,🟡 Médio Risco,0,0,0
1577,2025,31321699,Turmalina,21,42.857142857142854,🟡 Médio Risco,0,0,0
1578,2025,31321524,Mariana,661,42.857142857142854,🟡 Médio Risco,0,0,0
1579,2025,31321494,Turmalina,20,42.857142857142854,🟡 Médio Risco,0,0,0
1580,2025,31321486,Turmalina,46,42.857142857142854,🟡 Médio Risco,0,0,0
1581,2025,31321443,Divinópolis,233,42.857142857142854,🟡 Médio Risco,0,0,0
1582,2025,31321435,Mário Campos,398,42.857142857142854,🟡 Médio Risco,0,0,0
1583,2025,31321397,Turmalina,10,42.857142857142854,🟡 Médio Risco,0,0,0
1584,2025,31321290,Pouso Alegre,144,42.857142857142854,🟡 Médio Risco,0,0,0
1585,2025,31321281,Rio Novo,92,42.857142857142854,🟡 Médio Risco,0,0,0
1586,2025,31321176,Sete Lagoas,315,42.857142857142854,🟡 Médio Risco,0,0,0
1587,2025,31321141,Glaucilândia,82,42.857142857142854,🟡 Médio Risco,0,0,0
1588,2025,31321087,Coronel Fabriciano,262,42.857142857142854,🟡 Médio Risco,0,0,0
1589,2025,31320978,São Tiago,246,42.857142857142854,🟡 Médio Risco,0,0,0
1590,2025,31320811,Lagamar,48,42.857142857142854,🟡 Médio Risco,0,0,0
1591,2025,31320676,Francisco Sá,187,42.857142857142854,🟡 Médio Risco,0,0,0
1592,2025,31320641,Itajubá,99,42.857142857142854,🟡 Médio Risco,0,0,0
1593,2025,31320633,Jacutinga,130,42.857142857142854,🟡 Médio Risco,0,0,0
1594,2025,31320609,Miravânia,30,42.857142857142854,🟡 Médio Risco,0,0,0
1595,2025,31320595,Miravânia,33,42.857142857142854,🟡 Médio Risco,0,0,0
1596,2025,31320480,Uberaba,348,42.857142857142854,🟡 Médio Risco,0,0,0
1597,2025,31320471,Uberaba,311,42.857142857142854,🟡 Médio Risco,0,0,0
1598,2025,31042218,Conselheiro Pena,33,42.857142857142854,🟡 Médio Risco,0,0,0
1599,2025,31320447,Uberaba,287,42.857142857142854,🟡 Médio Risco,0,0,0
1600,2025,31320439,Uberaba,373,42.857142857142854,🟡 Médio Risco,0,0,0
1601,2025,31320391,Divinópolis,192,42.857142857142854,🟡 Médio Risco,0,0,0
1602,2025,31320382,Divinópolis,251,42.857142857142854,🟡 Médio Risco,0,0,0
1603,2025,31320374,Divinópolis,228,42.857142857142854,🟡 Médio Risco,0,0,0
1604,2025,31320366,Soledade de Minas,68,42.857142857142854,🟡 Médio Risco,0,0,0
1605,2025,31320277,Araguari,129,42.857142857142854,🟡 Médio Risco,0,0,0
1606,2025,31320064,Verdelândia,103,42.857142857142854,🟡 Médio Risco,0,0,0
1607,2025,31320048,Verdelândia,102,42.857142857142854,🟡 Médio Risco,0,0,0
1608,2025,31319929,Indaiabira,72,42.857142857142854,🟡 Médio Risco,0,0,0
1609,2025,31042561,Dom Joaquim,10,42.857142857142854,🟡 Médio Risco,0,0,0
1610,2025,31319864,Indaiabira,35,42.857142857142854,🟡 Médio Risco,0,0,0
1611,2025,31319775,Itabirinha,213,42.857142857142854,🟡 Médio Risco,0,0,0
1612,2025,31319724,Ibiraci,66,42.857142857142854,🟡 Médio Risco,0,0,0
1613,2025,31319694,Manhuaçu,108,42.857142857142854,🟡 Médio Risco,0,0,0
1614,2025,31319660,Manhuaçu,65,42.857142857142854,🟡 Médio Risco,0,0,0
1615,2025,31319643,Mato Verde,25,42.857142857142854,🟡 Médio Risco,0,0,0
1616,2025,31319627,Manhuaçu,78,42.857142857142854,🟡 Médio Risco,0,0,0
1617,2025,31319619,Manhuaçu,99,42.857142857142854,🟡 Médio Risco,0,0,0
1618,2025,31319601,Manhuaçu,54,42.857142857142854,🟡 Médio Risco,0,0,0
1619,2025,31319597,Manhuaçu,98,42.857142857142854,🟡 Médio Risco,0,0,0
1620,2025,31319571,Manhuaçu,95,42.857142857142854,🟡 Médio Risco,0,0,0
1621,2025,31319554,Manhuaçu,113,42.857142857142854,🟡 Médio Risco,0,0,0
1622,2025,31319546,Manhuaçu,313,42.857142857142854,🟡 Médio Risco,0,0,0
1623,2025,31319538,Manhuaçu,40,42.857142857142854,🟡 Médio Risco,0,0,0
1624,2025,31319511,Manhuaçu,43,42.857142857142854,🟡 Médio Risco,0,0,0
1625,2025,31319503,Manhuaçu,53,42.857142857142854,🟡 Médio Risco,0,0,0
1626,2025,31319465,Conselheiro Lafaiete,99,42.857142857142854,🟡 Médio Risco,0,0,0
1627,2025,31319392,Monte Sião,146,42.857142857142854,🟡 Médio Risco,0,0,0
1628,2025,31319384,Monte Sião,108,42.857142857142854,🟡 Médio Risco,0,0,0
1629,2025,31319279,Governador Valadares,162,42.857142857142854,🟡 Médio Risco,0,0,0
1630,2025,31319252,Monte Sião,156,42.857142857142854,🟡 Médio Risco,0,0,0
1631,2025,31319244,Unaí,196,42.857142857142854,🟡 Médio Risco,0,0,0
1632,2025,31319228,Santa Rita do Itueto,144,42.857142857142854,🟡 Médio Risco,0,0,0
1633,2025,31319201,Frutal,171,42.857142857142854,🟡 Médio Risco,0,0,0
1634,2025,31319139,Santa Rita do Itueto,85,42.857142857142854,🟡 Médio Risco,0,0,0
1635,2025,31319058,São João das Missões,195,42.857142857142854,🟡 Médio Risco,0,0,0
1636,2025,31318981,Mato Verde,99,42.857142857142854,🟡 Médio Risco,0,0,0
1637,2025,31318868,São Gonçalo do Sapucaí,67,42.857142857142854,🟡 Médio Risco,0,0,0
1638,2025,31318604,Congonhas do Norte,306,42.857142857142854,🟡 Médio Risco,0,0,0
1639,2025,31318477,Acaiaca,161,42.857142857142854,🟡 Médio Risco,0,0,0
1640,2025,31318051,Januária,35,42.857142857142854,🟡 Médio Risco,0,0,0
1641,2025,31318043,Januária,89,42.857142857142854,🟡 Médio Risco,0,0,0
1642,2025,31317683,Martins Soares,119,42.857142857142854,🟡 Médio Risco,0,0,0
1643,2025,31317667,Matias Cardoso,12,42.857142857142854,🟡 Médio Risco,0,0,0
1644,2025,31317641,Itapeva,299,42.857142857142854,🟡 Médio Risco,0,0,0
1645,2025,31317608,Senador Firmino,270,42.857142857142854,🟡 Médio Risco,0,0,0
1646,2025,31317489,Ribeirão das Neves,154,42.857142857142854,🟡 Médio Risco,0,0,0
1647,2025,31317306,Igarapé,165,42.857142857142854,🟡 Médio Risco,0,0,0
1648,2025,31317276,Veredinha,44,42.857142857142854,🟡 Médio Risco,0,0,0
1649,2025,31317233,Visconde do Rio Branco,146,42.857142857142854,🟡 Médio Risco,0,0,0
1650,2025,31317187,Olhos-d'Água,110,42.857142857142854,🟡 Médio Risco,0,0,0
1651,2025,31317080,Veredinha,94,42.857142857142854,🟡 Médio Risco,0,0,0
1652,2025,31317071,Itajubá,53,42.857142857142854,🟡 Médio Risco,0,0,0
1653,2025,31317055,Serranópolis de Minas,80,42.857142857142854,🟡 Médio Risco,0,0,0
1654,2025,31317047,Serranópolis de Minas,58,42.857142857142854,🟡 Médio Risco,0,0,0
1655,2025,31316938,Formiga,54,42.857142857142854,🟡 Médio Risco,0,0,0
1656,2025,31316920,Formiga,265,42.857142857142854,🟡 Médio Risco,0,0,0
1657,2025,31316911,Igarapé,208,42.857142857142854,🟡 Médio Risco,0,0,0
1658,2025,31316679,Juatuba,63,42.857142857142854,🟡 Médio Risco,0,0,0
1659,2025,31316636,Araçuaí,82,42.857142857142854,🟡 Médio Risco,0,0,0
1660,2025,31316598,Formiga,156,42.857142857142854,🟡 Médio Risco,0,0,0
1661,2025,31316482,Janaúba,162,42.857142857142854,🟡 Médio Risco,0,0,0
1662,2025,31316474,Janaúba,33,42.857142857142854,🟡 Médio Risco,0,0,0
1663,2025,31316466,Janaúba,110,42.857142857142854,🟡 Médio Risco,0,0,0
1664,2025,31316431,Araguari,55,42.857142857142854,🟡 Médio Risco,0,0,0
1665,2025,31316385,Albertina,96,42.857142857142854,🟡 Médio Risco,0,0,0
1666,2025,31316369,Montes Claros,220,42.857142857142854,🟡 Médio Risco,0,0,0
1667,2025,31316270,Chalé,30,42.857142857142854,🟡 Médio Risco,0,0,0
1668,2025,31316229,Januária,9,42.857142857142854,🟡 Médio Risco,0,0,0
1669,2025,31316199,Monte Formoso,7,42.857142857142854,🟡 Médio Risco,0,0,0
1670,2025,31316024,Carmo do Rio Claro,286,42.857142857142854,🟡 Médio Risco,0,0,0
1671,2025,31315940,Patrocínio,56,42.857142857142854,🟡 Médio Risco,0,0,0
1672,2025,31315907,Taiobeiras,220,42.857142857142854,🟡 Médio Risco,0,0,0
1673,2025,31315893,Taiobeiras,98,42.857142857142854,🟡 Médio Risco,0,0,0
1674,2025,31315834,Ribeirão das Neves,336,42.857142857142854,🟡 Médio Risco,0,0,0
1675,2025,31315826,Ribeirão das Neves,402,42.857142857142854,🟡 Médio Risco,0,0,0
1676,2025,31315630,Mathias Lobato,91,42.857142857142854,🟡 Médio Risco,0,0,0
1677,2025,31315613,Brasília de Minas,38,42.857142857142854,🟡 Médio Risco,0,0,0
1678,2025,31315605,Brasília de Minas,68,42.857142857142854,🟡 Médio Risco,0,0,0
1679,2025,31315508,Taiobeiras,35,42.857142857142854,🟡 Médio Risco,0,0,0
1680,2025,31314978,Juiz de Fora,160,42.857142857142854,🟡 Médio Risco,0,0,0
1681,2025,31314714,Reduto,160,42.857142857142854,🟡 Médio Risco,0,0,0
1682,2025,31314463,Mutum,30,42.857142857142854,🟡 Médio Risco,0,0,0
1683,2025,31314404,Simonésia,151,42.857142857142854,🟡 Médio Risco,0,0,0
1684,2025,31314358,Simonésia,40,42.857142857142854,🟡 Médio Risco,0,0,0
1685,2025,31044016,Itueta,15,42.857142857142854,🟡 Médio Risco,0,0,0
1686,2025,31043877,Capitão Andrade,34,42.857142857142854,🟡 Médio Risco,0,0,0
1687,2025,31314331,Mutum,62,42.857142857142854,🟡 Médio Risco,0,0,0
1688,2025,31314277,Mutum,27,42.857142857142854,🟡 Médio Risco,0,0,0
1689,2025,31314200,Miraí,125,42.857142857142854,🟡 Médio Risco,0,0,0
1690,2025,31314102,Cordislândia,49,42.857142857142854,🟡 Médio Risco,0,0,0
1691,2025,31314072,Divinópolis,369,42.857142857142854,🟡 Médio Risco,0,0,0
1692,2025,31313998,Josenópolis,67,42.857142857142854,🟡 Médio Risco,0,0,0
1693,2025,31313912,Camanducaia,72,42.857142857142854,🟡 Médio Risco,0,0,0
1694,2025,31313904,Martins Soares,147,42.857142857142854,🟡 Médio Risco,0,0,0
1695,2025,31044393,Nova Belém,14,42.857142857142854,🟡 Médio Risco,0,0,0
1696,2025,31313807,Alto Jequitibá,47,42.857142857142854,🟡 Médio Risco,0,0,0
1697,2025,31313688,Alfenas,151,42.857142857142854,🟡 Médio Risco,0,0,0
1698,2025,31313670,Alfenas,207,42.857142857142854,🟡 Médio Risco,0,0,0
1699,2025,31313661,Campanha,235,42.857142857142854,🟡 Médio Risco,0,0,0
1700,2025,31313653,Divinópolis,237,42.857142857142854,🟡 Médio Risco,0,0,0
1701,2025,31313491,Porteirinha,116,42.857142857142854,🟡 Médio Risco,0,0,0
1702,2025,31313394,São Bento Abade,295,42.857142857142854,🟡 Médio Risco,0,0,0
1703,2025,31313262,Abadia dos Dourados,130,42.857142857142854,🟡 Médio Risco,0,0,0
1704,2025,31313220,Monte Carmelo,56,42.857142857142854,🟡 Médio Risco,0,0,0
1705,2025,31313122,Monjolos,12,42.857142857142854,🟡 Médio Risco,0,0,0
1706,2025,31313114,Monjolos,19,42.857142857142854,🟡 Médio Risco,0,0,0
1707,2025,31312851,Andradas,454,42.857142857142854,🟡 Médio Risco,0,0,0
1708,2025,31312444,Ataléia,23,42.857142857142854,🟡 Médio Risco,0,0,0
1709,2025,31312428,Alto Caparaó,223,42.857142857142854,🟡 Médio Risco,0,0,0
1710,2025,31312185,Cabeceira Grande,303,42.857142857142854,🟡 Médio Risco,0,0,0
1711,2025,31312169,Águas Formosas,191,42.857142857142854,🟡 Médio Risco,0,0,0
1712,2025,31044873,Resplendor,66,42.857142857142854,🟡 Médio Risco,0,0,0
1713,2025,31044768,Cantagalo,31,42.857142857142854,🟡 Médio Risco,0,0,0
1714,2025,31311847,Morro da Garça,119,42.857142857142854,🟡 Médio Risco,0,0,0
1715,2025,31311812,Pompéu,270,42.857142857142854,🟡 Médio Risco,0,0,0
1716,2025,31311804,Araxá,123,42.857142857142854,🟡 Médio Risco,0,0,0
1717,2025,31311791,Araxá,83,42.857142857142854,🟡 Médio Risco,0,0,0
1718,2025,31311766,Abaeté,444,42.857142857142854,🟡 Médio Risco,0,0,0
1719,2025,31311669,Formiga,99,42.857142857142854,🟡 Médio Risco,0,0,0
1720,2025,31311618,Olhos-d'Água,149,42.857142857142854,🟡 Médio Risco,0,0,0
1721,2025,31311561,Abre Campo,30,42.857142857142854,🟡 Médio Risco,0,0,0
1722,2025,31311499,Lagoa Formosa,224,42.857142857142854,🟡 Médio Risco,0,0,0
1723,2025,31311324,Itamarandiba,7,42.857142857142854,🟡 Médio Risco,0,0,0
1724,2025,31311031,Ribeirão das Neves,499,42.857142857142854,🟡 Médio Risco,0,0,0
1725,2025,31311022,Ribeirão das Neves,272,42.857142857142854,🟡 Médio Risco,0,0,0
1726,2025,31310743,Aricanduva,134,42.857142857142854,🟡 Médio Risco,0,0,0
1727,2025,31310352,Teófilo Otoni,590,42.857142857142854,🟡 Médio Risco,0,0,0
1728,2025,31310115,Araguari,138,42.857142857142854,🟡 Médio Risco,0,0,0
1729,2025,31309877,Divinópolis,307,42.857142857142854,🟡 Médio Risco,0,0,0
1730,2025,31308218,Urucuia,155,42.857142857142854,🟡 Médio Risco,0,0,0
1731,2025,31308188,Carmo do Paranaíba,14,42.857142857142854,🟡 Médio Risco,0,0,0
1732,2025,31308111,Espinosa,85,42.857142857142854,🟡 Médio Risco,0,0,0
1733,2025,31308102,Espinosa,34,42.857142857142854,🟡 Médio Risco,0,0,0
1734,2025,31308081,Espinosa,46,42.857142857142854,🟡 Médio Risco,0,0,0
1735,2025,31308064,Espinosa,40,42.857142857142854,🟡 Médio Risco,0,0,0
1736,2025,31308056,Espinosa,32,42.857142857142854,🟡 Médio Risco,0,0,0
1737,2025,31308048,Mirabela,45,42.857142857142854,🟡 Médio Risco,0,0,0
1738,2025,31307971,Alvinópolis,69,42.857142857142854,🟡 Médio Risco,0,0,0
1739,2025,31307939,Januária,8,42.857142857142854,🟡 Médio Risco,0,0,0
1740,2025,31307874,Ibirité,299,42.857142857142854,🟡 Médio Risco,0,0,0
1741,2025,31307823,Bom Sucesso,28,42.857142857142854,🟡 Médio Risco,0,0,0
1742,2025,31045209,Santa Rita do Itueto,102,42.857142857142854,🟡 Médio Risco,0,0,0
1743,2025,31045187,Santa Rita do Itueto,48,42.857142857142854,🟡 Médio Risco,0,0,0
1744,2025,31307661,Porteirinha,43,42.857142857142854,🟡 Médio Risco,0,0,0
1745,2025,31307611,Paracatu,341,42.857142857142854,🟡 Médio Risco,0,0,0
1746,2025,31307602,Paracatu,193,42.857142857142854,🟡 Médio Risco,0,0,0
1747,2025,31307246,Itaipé,306,42.857142857142854,🟡 Médio Risco,0,0,0
1748,2025,31307165,Ribeirão das Neves,553,42.857142857142854,🟡 Médio Risco,0,0,0
1749,2025,31307157,Ribeirão das Neves,229,42.857142857142854,🟡 Médio Risco,0,0,0
1750,2025,31307149,Ribeirão das Neves,171,42.857142857142854,🟡 Médio Risco,0,0,0
1751,2025,31307114,Turmalina,427,42.857142857142854,🟡 Médio Risco,0,0,0
1752,2025,31306983,Campos Gerais,426,42.857142857142854,🟡 Médio Risco,0,0,0
1753,2025,31306738,São Sebastião do Paraíso,165,42.857142857142854,🟡 Médio Risco,0,0,0
1754,2025,31306568,Araguari,279,42.857142857142854,🟡 Médio Risco,0,0,0
1755,2025,31306550,Araguari,86,42.857142857142854,🟡 Médio Risco,0,0,0
1756,2025,31306541,Araguari,122,42.857142857142854,🟡 Médio Risco,0,0,0
1757,2025,31306533,Araguari,115,42.857142857142854,🟡 Médio Risco,0,0,0
1758,2025,31306525,Araguari,60,42.857142857142854,🟡 Médio Risco,0,0,0
1759,2025,31045462,São José do Jacuri,137,42.857142857142854,🟡 Médio Risco,0,0,0
1760,2025,31045454,São José do Jacuri,69,42.857142857142854,🟡 Médio Risco,0,0,0
1761,2025,31306517,Araguari,93,42.857142857142854,🟡 Médio Risco,0,0,0
1762,2025,31306509,Araguari,137,42.857142857142854,🟡 Médio Risco,0,0,0
1763,2025,31306461,Araguari,90,42.857142857142854,🟡 Médio Risco,0,0,0
1764,2025,31306452,Araguari,218,42.857142857142854,🟡 Médio Risco,0,0,0
1765,2025,31306444,Araguari,68,42.857142857142854,🟡 Médio Risco,0,0,0
1766,2025,31306304,Santa Rita do Sapucaí,180,42.857142857142854,🟡 Médio Risco,0,0,0
1767,2025,31306134,Barbacena,250,42.857142857142854,🟡 Médio Risco,0,0,0
1768,2025,31306100,Guaxupé,113,42.857142857142854,🟡 Médio Risco,0,0,0
1769,2025,31305952,Ponte Nova,345,42.857142857142854,🟡 Médio Risco,0,0,0
1770,2025,31305910,Montes Claros,279,42.857142857142854,🟡 Médio Risco,0,0,0
1771,2025,31305863,Jequeri,255,42.857142857142854,🟡 Médio Risco,0,0,0
1772,2025,31305855,Abre Campo,92,42.857142857142854,🟡 Médio Risco,0,0,0
1773,2025,31305839,Várzea da Palma,146,42.857142857142854,🟡 Médio Risco,0,0,0
1774,2025,31305812,Várzea da Palma,353,42.857142857142854,🟡 Médio Risco,0,0,0
1775,2025,31305588,Miravânia,18,42.857142857142854,🟡 Médio Risco,0,0,0
1776,2025,31305472,Alfenas,192,42.857142857142854,🟡 Médio Risco,0,0,0
1777,2025,31046001,Açucena,17,42.857142857142854,🟡 Médio Risco,0,0,0
1778,2025,31045837,Virgolândia,103,42.857142857142854,🟡 Médio Risco,0,0,0
1779,2025,31045683,Senhora do Porto,48,42.857142857142854,🟡 Médio Risco,0,0,0
1780,2025,31305308,Felisburgo,14,42.857142857142854,🟡 Médio Risco,0,0,0
1781,2025,31305049,Belo Oriente,228,42.857142857142854,🟡 Médio Risco,0,0,0
1782,2025,31304689,Porteirinha,98,42.857142857142854,🟡 Médio Risco,0,0,0
1783,2025,31304654,Porteirinha,59,42.857142857142854,🟡 Médio Risco,0,0,0
1784,2025,31304646,Porteirinha,87,42.857142857142854,🟡 Médio Risco,0,0,0
1785,2025,31304620,Porteirinha,72,42.857142857142854,🟡 Médio Risco,0,0,0
1786,2025,31304603,Porteirinha,80,42.857142857142854,🟡 Médio Risco,0,0,0
1787,2025,31304590,Capitão Enéas,62,42.857142857142854,🟡 Médio Risco,0,0,0
1788,2025,31304581,Capitão Enéas,43,42.857142857142854,🟡 Médio Risco,0,0,0
1789,2025,31304565,Capitão Enéas,20,42.857142857142854,🟡 Médio Risco,0,0,0
1790,2025,31304531,Bocaiúva,217,42.857142857142854,🟡 Médio Risco,0,0,0
1791,2025,31304506,Gameleiras,14,42.857142857142854,🟡 Médio Risco,0,0,0
1792,2025,31304417,Várzea da Palma,96,42.857142857142854,🟡 Médio Risco,0,0,0
1793,2025,31046990,Coluna,81,42.857142857142854,🟡 Médio Risco,0,0,0
1794,2025,31046809,Alpercata,64,42.857142857142854,🟡 Médio Risco,0,0,0
1795,2025,31046795,Aimorés,16,42.857142857142854,🟡 Médio Risco,0,0,0
1796,2025,31046779,Aimorés,14,42.857142857142854,🟡 Médio Risco,0,0,0
1797,2025,31046744,Aimorés,23,42.857142857142854,🟡 Médio Risco,0,0,0
1798,2025,31046604,Aimorés,8,42.857142857142854,🟡 Médio Risco,0,0,0
1799,2025,31375284,Araguari,178,42.857142857142854,🟡 Médio Risco,0,0,0
1800,2025,31374989,Arinos,288,42.857142857142854,🟡 Médio Risco,0,0,0
1801,2025,31374911,Mar de Espanha,52,42.857142857142854,🟡 Médio Risco,0,0,0
1802,2025,31374903,Pará de Minas,110,42.857142857142854,🟡 Médio Risco,0,0,0
1803,2025,31374806,Ibirité,238,42.857142857142854,🟡 Médio Risco,0,0,0
1804,2025,31374784,Ibiá,94,42.857142857142854,🟡 Médio Risco,0,0,0
1805,2025,31374776,Fama,42,42.857142857142854,🟡 Médio Risco,0,0,0
1806,2025,31374750,Alfenas,159,42.857142857142854,🟡 Médio Risco,0,0,0
1807,2025,31374695,Tiradentes,81,42.857142857142854,🟡 Médio Risco,0,0,0
1808,2025,31374601,Carvalhos,40,42.857142857142854,🟡 Médio Risco,0,0,0
1809,2025,31374580,Borda da Mata,100,42.857142857142854,🟡 Médio Risco,0,0,0
1810,2025,31374547,Rodeiro,184,42.857142857142854,🟡 Médio Risco,0,0,0
1811,2025,31374512,Ouro Fino,649,42.857142857142854,🟡 Médio Risco,0,0,0
1812,2025,31374261,Paraisópolis,246,42.857142857142854,🟡 Médio Risco,0,0,0
1813,2025,31374156,Capelinha,44,42.857142857142854,🟡 Médio Risco,0,0,0
1814,2025,31373931,Leopoldina,90,42.857142857142854,🟡 Médio Risco,0,0,0
1815,2025,31046337,Água Boa,27,42.857142857142854,🟡 Médio Risco,0,0,0
1816,2025,31046051,Açucena,15,42.857142857142854,🟡 Médio Risco,0,0,0
1817,2025,31047732,Dom Joaquim,11,42.857142857142854,🟡 Médio Risco,0,0,0
1818,2025,31047686,Divinolândia de Minas,125,42.857142857142854,🟡 Médio Risco,0,0,0
1819,2025,31047554,Coroaci,55,42.857142857142854,🟡 Médio Risco,0,0,0
1820,2025,31047171,Conselheiro Pena,20,42.857142857142854,🟡 Médio Risco,0,0,0
1821,2025,31303551,Matozinhos,147,42.857142857142854,🟡 Médio Risco,0,0,0
1822,2025,31303518,São João da Ponte,46,42.857142857142854,🟡 Médio Risco,0,0,0
1823,2025,31302881,Delfim Moreira,151,42.857142857142854,🟡 Médio Risco,0,0,0
1824,2025,31302805,Betim,168,42.857142857142854,🟡 Médio Risco,0,0,0
1825,2025,31302716,Natalândia,213,42.857142857142854,🟡 Médio Risco,0,0,0
1826,2025,31302457,Patos de Minas,15,42.857142857142854,🟡 Médio Risco,0,0,0
1827,2025,31048496,Governador Valadares,205,42.857142857142854,🟡 Médio Risco,0,0,0
1828,2025,31048453,Governador Valadares,222,42.857142857142854,🟡 Médio Risco,0,0,0
1829,2025,31048372,Gonzaga,28,42.857142857142854,🟡 Médio Risco,0,0,0
1830,2025,31302449,Patos de Minas,66,42.857142857142854,🟡 Médio Risco,0,0,0
1831,2025,31302431,Patos de Minas,7,42.857142857142854,🟡 Médio Risco,0,0,0
1832,2025,31302392,Matutina,49,42.857142857142854,🟡 Médio Risco,0,0,0
1833,2025,31302252,Ribeirão das Neves,77,42.857142857142854,🟡 Médio Risco,0,0,0
1834,2025,31302121,Uberaba,405,42.857142857142854,🟡 Médio Risco,0,0,0
1835,2025,31301981,São José do Goiabal,100,42.857142857142854,🟡 Médio Risco,0,0,0
1836,2025,31300888,João Monlevade,354,42.857142857142854,🟡 Médio Risco,0,0,0
1837,2025,31300870,João Monlevade,435,42.857142857142854,🟡 Médio Risco,0,0,0
1838,2025,31300314,Ribeirão das Neves,284,42.857142857142854,🟡 Médio Risco,0,0,0
1839,2025,31300195,Capitólio,12,42.857142857142854,🟡 Médio Risco,0,0,0
1840,2025,31299570,Coromandel,26,42.857142857142854,🟡 Médio Risco,0,0,0
1841,2025,31048917,Governador Valadares,14,42.857142857142854,🟡 Médio Risco,0,0,0
1842,2025,31048771,Governador Valadares,60,42.857142857142854,🟡 Médio Risco,0,0,0
1843,2025,31048763,Governador Valadares,60,42.857142857142854,🟡 Médio Risco,0,0,0
1844,2025,31048607,Governador Valadares,59,42.857142857142854,🟡 Médio Risco,0,0,0
1845,2025,31299561,Coromandel,86,42.857142857142854,🟡 Médio Risco,0,0,0
1846,2025,31299553,Coromandel,47,42.857142857142854,🟡 Médio Risco,0,0,0
1847,2025,31299481,Coromandel,81,42.857142857142854,🟡 Médio Risco,0,0,0
1848,2025,31299405,Coromandel,8,42.857142857142854,🟡 Médio Risco,0,0,0
1849,2025,31299383,Além Paraíba,40,42.857142857142854,🟡 Médio Risco,0,0,0
1850,2025,31299341,Aguanil,83,42.857142857142854,🟡 Médio Risco,0,0,0
1851,2025,31299081,Veredinha,302,42.857142857142854,🟡 Médio Risco,0,0,0
1852,2025,31299073,Barbacena,792,42.857142857142854,🟡 Médio Risco,0,0,0
1853,2025,31299065,Ibirité,226,42.857142857142854,🟡 Médio Risco,0,0,0
1854,2025,31050725,Peçanha,97,42.857142857142854,🟡 Médio Risco,0,0,0
1855,2025,31050580,Peçanha,13,42.857142857142854,🟡 Médio Risco,0,0,0
1856,2025,31049913,Materlândia,74,42.857142857142854,🟡 Médio Risco,0,0,0
1857,2025,31298638,Januária,18,42.857142857142854,🟡 Médio Risco,0,0,0
1858,2025,31298603,Januária,43,42.857142857142854,🟡 Médio Risco,0,0,0
1859,2025,31298590,Januária,6,42.857142857142854,🟡 Médio Risco,0,0,0
1860,2025,31298557,Montalvânia,185,42.857142857142854,🟡 Médio Risco,0,0,0
1861,2025,31298409,Cônego Marinho,23,42.857142857142854,🟡 Médio Risco,0,0,0
1862,2025,31298395,Senador Modestino Gonçalves,74,42.857142857142854,🟡 Médio Risco,0,0,0
1863,2025,31297992,Cruzeiro da Fortaleza,94,42.857142857142854,🟡 Médio Risco,0,0,0
1864,2025,31297976,Itaúna,128,42.857142857142854,🟡 Médio Risco,0,0,0
1865,2025,31297968,Itaúna,77,42.857142857142854,🟡 Médio Risco,0,0,0
1866,2025,31297950,Itaúna,153,42.857142857142854,🟡 Médio Risco,0,0,0
1867,2025,31052175,Santa Rita do Itueto,113,42.857142857142854,🟡 Médio Risco,0,0,0
1868,2025,31052132,Santa Rita do Itueto,15,42.857142857142854,🟡 Médio Risco,0,0,0
1869,2025,31052108,Santa Rita do Itueto,20,42.857142857142854,🟡 Médio Risco,0,0,0
1870,2025,31052051,Santa Rita do Itueto,25,42.857142857142854,🟡 Médio Risco,0,0,0
1871,2025,31052027,Santa Rita do Itueto,81,42.857142857142854,🟡 Médio Risco,0,0,0
1872,2025,31051772,José Raydan,57,42.857142857142854,🟡 Médio Risco,0,0,0
1873,2025,31051705,Santa Maria do Suaçuí,33,42.857142857142854,🟡 Médio Risco,0,0,0
1874,2025,31051659,Santa Maria do Suaçuí,15,42.857142857142854,🟡 Médio Risco,0,0,0
1875,2025,31297941,Patrocínio,154,42.857142857142854,🟡 Médio Risco,0,0,0
1876,2025,31297917,Januária,24,42.857142857142854,🟡 Médio Risco,0,0,0
1877,2025,31297755,Araporã,112,42.857142857142854,🟡 Médio Risco,0,0,0
1878,2025,31297666,São João da Ponte,23,42.857142857142854,🟡 Médio Risco,0,0,0
1879,2025,31297658,Juatuba,650,42.857142857142854,🟡 Médio Risco,0,0,0
1880,2025,31297275,Itambacuri,134,42.857142857142854,🟡 Médio Risco,0,0,0
1881,2025,31375705,Coronel Fabriciano,86,42.857142857142854,🟡 Médio Risco,0,0,0
1882,2025,31375640,Montes Claros,117,42.857142857142854,🟡 Médio Risco,0,0,0
1883,2025,31375632,Baldim,26,42.857142857142854,🟡 Médio Risco,0,0,0
1884,2025,31375519,Capelinha,65,42.857142857142854,🟡 Médio Risco,0,0,0
1885,2025,31375470,Montes Claros,221,42.857142857142854,🟡 Médio Risco,0,0,0
1886,2025,31375454,Patos de Minas,176,42.857142857142854,🟡 Médio Risco,0,0,0
1887,2025,31375438,Ipatinga,148,42.857142857142854,🟡 Médio Risco,0,0,0
1888,2025,31007722,Barão de Cocais,869,42.857142857142854,🟡 Médio Risco,0,0,0
1889,2025,31007676,Barão de Cocais,142,42.857142857142854,🟡 Médio Risco,0,0,0
1890,2025,31375420,Ipatinga,270,42.857142857142854,🟡 Médio Risco,0,0,0
1891,2025,31375403,Lagoa Santa,276,42.857142857142854,🟡 Médio Risco,0,0,0
1892,2025,31375381,Itanhomi,370,42.857142857142854,🟡 Médio Risco,0,0,0
1893,2025,31375357,Lagoa Formosa,62,42.857142857142854,🟡 Médio Risco,0,0,0
1894,2025,31375314,Senador Firmino,112,42.857142857142854,🟡 Médio Risco,0,0,0
1895,2025,31375306,Teófilo Otoni,200,42.857142857142854,🟡 Médio Risco,0,0,0
1896,2025,31375292,Araguari,391,42.857142857142854,🟡 Médio Risco,0,0,0
1897,2025,31297143,Campos Gerais,132,42.857142857142854,🟡 Médio Risco,0,0,0
1898,2025,31296899,Manhuaçu,169,42.857142857142854,🟡 Médio Risco,0,0,0
1899,2025,31296881,Manhuaçu,64,42.857142857142854,🟡 Médio Risco,0,0,0
1900,2025,31053309,Senhora do Porto,76,42.857142857142854,🟡 Médio Risco,0,0,0
1901,2025,31052914,São Sebastião do Maranhão,26,42.857142857142854,🟡 Médio Risco,0,0,0
1902,2025,31052892,São Sebastião do Maranhão,20,42.857142857142854,🟡 Médio Risco,0,0,0
1903,2025,31052515,Frei Lagonegro,72,42.857142857142854,🟡 Médio Risco,0,0,0
1904,2025,31052485,Frei Lagonegro,20,42.857142857142854,🟡 Médio Risco,0,0,0
1905,2025,31296643,Sete Lagoas,208,42.857142857142854,🟡 Médio Risco,0,0,0
1906,2025,31296601,Luisburgo,206,42.857142857142854,🟡 Médio Risco,0,0,0
1907,2025,31296589,Maripá de Minas,120,42.857142857142854,🟡 Médio Risco,0,0,0
1908,2025,31296392,Juiz de Fora,72,42.857142857142854,🟡 Médio Risco,0,0,0
1909,2025,31296333,Manga,78,42.857142857142854,🟡 Médio Risco,0,0,0
1910,2025,31296180,Unaí,183,42.857142857142854,🟡 Médio Risco,0,0,0
1911,2025,31296171,Unaí,81,42.857142857142854,🟡 Médio Risco,0,0,0
1912,2025,31295906,Matipó,76,42.857142857142854,🟡 Médio Risco,0,0,0
1913,2025,31295884,Matipó,172,42.857142857142854,🟡 Médio Risco,0,0,0
1914,2025,31054429,Brazópolis,206,42.857142857142854,🟡 Médio Risco,0,0,0
1915,2025,31053660,Virginópolis,173,42.857142857142854,🟡 Médio Risco,0,0,0
1916,2025,31053449,Tumiritinga,12,42.857142857142854,🟡 Médio Risco,0,0,0
1917,2025,31295833,Poços de Caldas,70,42.857142857142854,🟡 Médio Risco,0,0,0
1918,2025,31295825,Poços de Caldas,83,42.857142857142854,🟡 Médio Risco,0,0,0
1919,2025,31295817,Botelhos,40,42.857142857142854,🟡 Médio Risco,0,0,0
1920,2025,31295809,Botelhos,75,42.857142857142854,🟡 Médio Risco,0,0,0
1921,2025,31295795,Manhuaçu,74,42.857142857142854,🟡 Médio Risco,0,0,0
1922,2025,31295787,Manhuaçu,103,42.857142857142854,🟡 Médio Risco,0,0,0
1923,2025,31295752,São José do Mantimento,36,42.857142857142854,🟡 Médio Risco,0,0,0
1924,2025,31295701,Itueta,99,42.857142857142854,🟡 Médio Risco,0,0,0
1925,2025,31295663,Manhuaçu,135,42.857142857142854,🟡 Médio Risco,0,0,0
1926,2025,31295647,Cascalho Rico,34,42.857142857142854,🟡 Médio Risco,0,0,0
1927,2025,31054674,Camanducaia,260,42.857142857142854,🟡 Médio Risco,0,0,0
1928,2025,31295582,Manhuaçu,25,42.857142857142854,🟡 Médio Risco,0,0,0
1929,2025,31295566,Manhuaçu,109,42.857142857142854,🟡 Médio Risco,0,0,0
1930,2025,31295540,Piumhi,66,42.857142857142854,🟡 Médio Risco,0,0,0
1931,2025,31295094,Manhuaçu,159,42.857142857142854,🟡 Médio Risco,0,0,0
1932,2025,31295019,Salinas,12,42.857142857142854,🟡 Médio Risco,0,0,0
1933,2025,31294748,Aimorés,391,42.857142857142854,🟡 Médio Risco,0,0,0
1934,2025,31294535,Araçuaí,285,42.857142857142854,🟡 Médio Risco,0,0,0
1935,2025,31294527,Ladainha,232,42.857142857142854,🟡 Médio Risco,0,0,0
1936,2025,31293997,Caratinga,139,42.857142857142854,🟡 Médio Risco,0,0,0
1937,2025,31293962,Vespasiano,479,42.857142857142854,🟡 Médio Risco,0,0,0
1938,2025,31293652,Contagem,193,42.857142857142854,🟡 Médio Risco,0,0,0
1939,2025,31293121,Luislândia,21,42.857142857142854,🟡 Médio Risco,0,0,0
1940,2025,31293016,Januária,18,42.857142857142854,🟡 Médio Risco,0,0,0
1941,2025,31292958,Muriaé,44,42.857142857142854,🟡 Médio Risco,0,0,0
1942,2025,31292923,Muriaé,269,42.857142857142854,🟡 Médio Risco,0,0,0
1943,2025,31292915,Muriaé,289,42.857142857142854,🟡 Médio Risco,0,0,0
1944,2025,31292885,Muriaé,70,42.857142857142854,🟡 Médio Risco,0,0,0
1945,2025,31292877,Muriaé,311,42.857142857142854,🟡 Médio Risco,0,0,0
1946,2025,31292869,Muriaé,66,42.857142857142854,🟡 Médio Risco,0,0,0
1947,2025,31292851,Muriaé,314,42.857142857142854,🟡 Médio Risco,0,0,0
1948,2025,31292842,Muriaé,90,42.857142857142854,🟡 Médio Risco,0,0,0
1949,2025,31292681,Pompéu,20,42.857142857142854,🟡 Médio Risco,0,0,0
1950,2025,31292672,Pompéu,195,42.857142857142854,🟡 Médio Risco,0,0,0
1951,2025,31292664,Pompéu,146,42.857142857142854,🟡 Médio Risco,0,0,0
1952,2025,31054747,Cambuí,560,42.857142857142854,🟡 Médio Risco,0,0,0
1953,2025,31054691,Cambuí,362,42.857142857142854,🟡 Médio Risco,0,0,0
1954,2025,31292478,Ibiracatu,9,42.857142857142854,🟡 Médio Risco,0,0,0
1955,2025,31292427,Barão do Monte Alto,22,42.857142857142854,🟡 Médio Risco,0,0,0
1956,2025,31292419,Barão do Monte Alto,45,42.857142857142854,🟡 Médio Risco,0,0,0
1957,2025,31292401,Barão do Monte Alto,31,42.857142857142854,🟡 Médio Risco,0,0,0
1958,2025,31292397,Mateus Leme,447,42.857142857142854,🟡 Médio Risco,0,0,0
1959,2025,31292273,Patrocínio,107,42.857142857142854,🟡 Médio Risco,0,0,0
1960,2025,31292257,Iraí de Minas,123,42.857142857142854,🟡 Médio Risco,0,0,0
1961,2025,31292249,Iraí de Minas,130,42.857142857142854,🟡 Médio Risco,0,0,0
1962,2025,31292206,Patrocínio,67,42.857142857142854,🟡 Médio Risco,0,0,0
1963,2025,31292133,Poços de Caldas,135,42.857142857142854,🟡 Médio Risco,0,0,0
1964,2025,31292125,Muzambinho,69,42.857142857142854,🟡 Médio Risco,0,0,0
1965,2025,31055123,Extrema,1089,42.857142857142854,🟡 Médio Risco,0,0,0
1966,2025,31055115,Estiva,97,42.857142857142854,🟡 Médio Risco,0,0,0
1967,2025,31055085,Estiva,149,42.857142857142854,🟡 Médio Risco,0,0,0
1968,2025,31055051,Espírito Santo do Dourado,181,42.857142857142854,🟡 Médio Risco,0,0,0
1969,2025,31055034,Delfim Moreira,39,42.857142857142854,🟡 Médio Risco,0,0,0
1970,2025,31292095,Minas Novas,101,42.857142857142854,🟡 Médio Risco,0,0,0
1971,2025,31292087,Minas Novas,51,42.857142857142854,🟡 Médio Risco,0,0,0
1972,2025,31291960,Paineiras,74,42.857142857142854,🟡 Médio Risco,0,0,0
1973,2025,31291897,Itajubá,100,42.857142857142854,🟡 Médio Risco,0,0,0
1974,2025,31291781,Pedro Leopoldo,107,42.857142857142854,🟡 Médio Risco,0,0,0
1975,2025,31291773,Pedro Leopoldo,47,42.857142857142854,🟡 Médio Risco,0,0,0
1976,2025,31291765,Pedro Leopoldo,66,42.857142857142854,🟡 Médio Risco,0,0,0
1977,2025,31291714,Josenópolis,94,42.857142857142854,🟡 Médio Risco,0,0,0
1978,2025,31291650,Ribeirão das Neves,948,42.857142857142854,🟡 Médio Risco,0,0,0
1979,2025,31291641,Ribeirão das Neves,226,42.857142857142854,🟡 Médio Risco,0,0,0
1980,2025,31291421,Boa Esperança,187,42.857142857142854,🟡 Médio Risco,0,0,0
1981,2025,31055484,Itajubá,309,42.857142857142854,🟡 Médio Risco,0,0,0
1982,2025,31055417,Itajubá,257,42.857142857142854,🟡 Médio Risco,0,0,0
1983,2025,31055409,Itajubá,176,42.857142857142854,🟡 Médio Risco,0,0,0
1984,2025,31055387,Itajubá,336,42.857142857142854,🟡 Médio Risco,0,0,0
1985,2025,31055328,Itajubá,155,42.857142857142854,🟡 Médio Risco,0,0,0
1986,2025,31291382,Ibirité,360,42.857142857142854,🟡 Médio Risco,0,0,0
1987,2025,31291366,Ervália,316,42.857142857142854,🟡 Médio Risco,0,0,0
1988,2025,31291293,Gameleiras,39,42.857142857142854,🟡 Médio Risco,0,0,0
1989,2025,31291188,Pará de Minas,105,42.857142857142854,🟡 Médio Risco,0,0,0
1990,2025,31291161,Pará de Minas,137,42.857142857142854,🟡 Médio Risco,0,0,0
1991,2025,31291129,Pará de Minas,141,42.857142857142854,🟡 Médio Risco,0,0,0
1992,2025,31291111,Pará de Minas,190,42.857142857142854,🟡 Médio Risco,0,0,0
1993,2025,31291081,Pará de Minas,113,42.857142857142854,🟡 Médio Risco,0,0,0
1994,2025,31291072,Pará de Minas,221,42.857142857142854,🟡 Médio Risco,0,0,0
1995,2025,31291013,Comendador Gomes,121,42.857142857142854,🟡 Médio Risco,0,0,0
1996,2025,31290980,Ribeirão das Neves,151,42.857142857142854,🟡 Médio Risco,0,0,0
1997,2025,31290955,Miradouro,25,42.857142857142854,🟡 Médio Risco,0,0,0
1998,2025,31055581,Itajubá,36,42.857142857142854,🟡 Médio Risco,0,0,0
1999,2025,31290921,Juiz de Fora,130,42.857142857142854,🟡 Médio Risco,0,0,0
2000,2025,31290912,Juiz de Fora,93,42.857142857142854,🟡 Médio Risco,0,0,0
2001,2025,31290904,Carbonita,88,42.857142857142854,🟡 Médio Risco,0,0,0
2002,2025,31290891,Diamantina,174,42.857142857142854,🟡 Médio Risco,0,0,0
2003,2025,31290823,Itamarandiba,78,42.857142857142854,🟡 Médio Risco,0,0,0
2004,2025,31290793,Presidente Olegário,225,42.857142857142854,🟡 Médio Risco,0,0,0
2005,2025,31290785,Presidente Olegário,15,42.857142857142854,🟡 Médio Risco,0,0,0
2006,2025,31290751,Vazante,34,42.857142857142854,🟡 Médio Risco,0,0,0
2007,2025,31290742,Vazante,32,42.857142857142854,🟡 Médio Risco,0,0,0
2008,2025,31290726,Vazante,92,42.857142857142854,🟡 Médio Risco,0,0,0
2009,2025,31290581,Araxá,84,42.857142857142854,🟡 Médio Risco,0,0,0
2010,2025,31055956,Ouro Fino,381,42.857142857142854,🟡 Médio Risco,0,0,0
2011,2025,31290564,Araxá,102,42.857142857142854,🟡 Médio Risco,0,0,0
2012,2025,31290483,Frutal,96,42.857142857142854,🟡 Médio Risco,0,0,0
2013,2025,31290459,Fronteira,116,42.857142857142854,🟡 Médio Risco,0,0,0
2014,2025,31289809,Nanuque,126,42.857142857142854,🟡 Médio Risco,0,0,0
2015,2025,31289795,Águas Formosas,177,42.857142857142854,🟡 Médio Risco,0,0,0
2016,2025,31289779,Francisco Badaró,29,42.857142857142854,🟡 Médio Risco,0,0,0
2017,2025,31289761,Patrocínio,65,42.857142857142854,🟡 Médio Risco,0,0,0
2018,2025,31289752,Patrocínio,56,42.857142857142854,🟡 Médio Risco,0,0,0
2019,2025,31289728,Patrocínio,125,42.857142857142854,🟡 Médio Risco,0,0,0
2020,2025,31056251,Piranguçu,43,42.857142857142854,🟡 Médio Risco,0,0,0
2021,2025,31056197,Pedralva,30,42.857142857142854,🟡 Médio Risco,0,0,0
2022,2025,31056189,Pedralva,93,42.857142857142854,🟡 Médio Risco,0,0,0
2023,2025,31056120,Pedralva,28,42.857142857142854,🟡 Médio Risco,0,0,0
2024,2025,31056073,Pedralva,556,42.857142857142854,🟡 Médio Risco,0,0,0
2025,2025,31289477,Crisólita,47,42.857142857142854,🟡 Médio Risco,0,0,0
2026,2025,31289469,Crisólita,62,42.857142857142854,🟡 Médio Risco,0,0,0
2027,2025,31289353,Caraí,42,42.857142857142854,🟡 Médio Risco,0,0,0
2028,2025,31289345,Caraí,25,42.857142857142854,🟡 Médio Risco,0,0,0
2029,2025,31289299,Nanuque,56,42.857142857142854,🟡 Médio Risco,0,0,0
2030,2025,31289272,Palma,94,42.857142857142854,🟡 Médio Risco,0,0,0
2031,2025,31289264,São Sebastião da Vargem Alegre,54,42.857142857142854,🟡 Médio Risco,0,0,0
2032,2025,31289248,Miraí,21,42.857142857142854,🟡 Médio Risco,0,0,0
2033,2025,31289230,Miraí,33,42.857142857142854,🟡 Médio Risco,0,0,0
2034,2025,31289221,Itajubá,64,42.857142857142854,🟡 Médio Risco,0,0,0
2035,2025,31289205,Comercinho,104,42.857142857142854,🟡 Médio Risco,0,0,0
2036,2025,31289159,Arantina,56,42.857142857142854,🟡 Médio Risco,0,0,0
2037,2025,31289078,Carmo do Paranaíba,62,42.857142857142854,🟡 Médio Risco,0,0,0
2038,2025,31289060,Carmo do Paranaíba,83,42.857142857142854,🟡 Médio Risco,0,0,0
2039,2025,31056472,Pouso Alegre,107,42.857142857142854,🟡 Médio Risco,0,0,0
2040,2025,31056421,Pouso Alegre,372,42.857142857142854,🟡 Médio Risco,0,0,0
2041,2025,31289051,Patos de Minas,20,42.857142857142854,🟡 Médio Risco,0,0,0
2042,2025,31289043,Patos de Minas,87,42.857142857142854,🟡 Médio Risco,0,0,0
2043,2025,31289035,Patos de Minas,113,42.857142857142854,🟡 Médio Risco,0,0,0
2044,2025,31289027,Patos de Minas,115,42.857142857142854,🟡 Médio Risco,0,0,0
2045,2025,31289001,Patos de Minas,105,42.857142857142854,🟡 Médio Risco,0,0,0
2046,2025,31288977,Patos de Minas,73,42.857142857142854,🟡 Médio Risco,0,0,0
2047,2025,31288942,Patos de Minas,226,42.857142857142854,🟡 Médio Risco,0,0,0
2048,2025,31288764,Patos de Minas,81,42.857142857142854,🟡 Médio Risco,0,0,0
2049,2025,31288713,Senador Cortes,71,42.857142857142854,🟡 Médio Risco,0,0,0
2050,2025,31288705,Rio Novo,120,42.857142857142854,🟡 Médio Risco,0,0,0
2051,2025,31288691,Santana do Deserto,27,42.857142857142854,🟡 Médio Risco,0,0,0
2052,2025,31288641,Patos de Minas,103,42.857142857142854,🟡 Médio Risco,0,0,0
2053,2025,31056847,Bom Repouso,32,42.857142857142854,🟡 Médio Risco,0,0,0
2054,2025,31056685,Sapucaí-Mirim,38,42.857142857142854,🟡 Médio Risco,0,0,0
2055,2025,31056642,São João da Mata,228,42.857142857142854,🟡 Médio Risco,0,0,0
2056,2025,31056618,Santa Rita do Sapucaí,994,42.857142857142854,🟡 Médio Risco,0,0,0
2057,2025,31288632,Coroaci,115,42.857142857142854,🟡 Médio Risco,0,0,0
2058,2025,31288586,Descoberto,98,42.857142857142854,🟡 Médio Risco,0,0,0
2059,2025,31288519,Santa Bárbara do Monte Verde,53,42.857142857142854,🟡 Médio Risco,0,0,0
2060,2025,31288497,Santa Rosa da Serra,53,42.857142857142854,🟡 Médio Risco,0,0,0
2061,2025,31288411,Andradas,31,42.857142857142854,🟡 Médio Risco,0,0,0
2062,2025,31288403,Andradas,246,42.857142857142854,🟡 Médio Risco,0,0,0
2063,2025,31288390,Ouro Fino,118,42.857142857142854,🟡 Médio Risco,0,0,0
2064,2025,31288373,Andradas,295,42.857142857142854,🟡 Médio Risco,0,0,0
2065,2025,31288349,Reduto,131,42.857142857142854,🟡 Médio Risco,0,0,0
2066,2025,31288314,Rio Paranaíba,11,42.857142857142854,🟡 Médio Risco,0,0,0
2067,2025,31288161,Campanha,46,42.857142857142854,🟡 Médio Risco,0,0,0
2068,2025,31058408,Conceição dos Ouros,129,42.857142857142854,🟡 Médio Risco,0,0,0
2069,2025,31057991,Cambuí,58,42.857142857142854,🟡 Médio Risco,0,0,0
2070,2025,31057151,Tocos do Moji,156,42.857142857142854,🟡 Médio Risco,0,0,0
2071,2025,31057037,Tocos do Moji,108,42.857142857142854,🟡 Médio Risco,0,0,0
2072,2025,31056928,Bom Repouso,22,42.857142857142854,🟡 Médio Risco,0,0,0
2073,2025,31288152,Santo Antônio do Amparo,50,42.857142857142854,🟡 Médio Risco,0,0,0
2074,2025,31288080,Cristais,180,42.857142857142854,🟡 Médio Risco,0,0,0
2075,2025,31288071,Cristais,139,42.857142857142854,🟡 Médio Risco,0,0,0
2076,2025,31288039,Candeias,327,42.857142857142854,🟡 Médio Risco,0,0,0
2077,2025,31288021,Fortuna de Minas,98,42.857142857142854,🟡 Médio Risco,0,0,0
2078,2025,31287946,Aguanil,162,42.857142857142854,🟡 Médio Risco,0,0,0
2079,2025,31287938,Matozinhos,78,42.857142857142854,🟡 Médio Risco,0,0,0
2080,2025,31287920,Santos Dumont,78,42.857142857142854,🟡 Médio Risco,0,0,0
2081,2025,31287903,Baldim,38,42.857142857142854,🟡 Médio Risco,0,0,0
2082,2025,31287873,Arinos,31,42.857142857142854,🟡 Médio Risco,0,0,0
2083,2025,31059561,Itajubá,115,42.857142857142854,🟡 Médio Risco,0,0,0
2084,2025,31059480,Itajubá,112,42.857142857142854,🟡 Médio Risco,0,0,0
2085,2025,31059048,Estiva,261,42.857142857142854,🟡 Médio Risco,0,0,0
2086,2025,31059013,Estiva,107,42.857142857142854,🟡 Médio Risco,0,0,0
2087,2025,31058939,Estiva,56,42.857142857142854,🟡 Médio Risco,0,0,0
2088,2025,31058912,Estiva,51,42.857142857142854,🟡 Médio Risco,0,0,0
2089,2025,31287733,Itajubá,113,42.857142857142854,🟡 Médio Risco,0,0,0
2090,2025,31287717,Carmo de Minas,139,42.857142857142854,🟡 Médio Risco,0,0,0
2091,2025,31287687,Buritis,75,42.857142857142854,🟡 Médio Risco,0,0,0
2092,2025,31287679,Arinos,174,42.857142857142854,🟡 Médio Risco,0,0,0
2093,2025,31287652,Teixeiras,75,42.857142857142854,🟡 Médio Risco,0,0,0
2094,2025,31287628,Urucânia,212,42.857142857142854,🟡 Médio Risco,0,0,0
2095,2025,31287385,Diamantina,124,42.857142857142854,🟡 Médio Risco,0,0,0
2096,2025,31287377,Serra Azul de Minas,49,42.857142857142854,🟡 Médio Risco,0,0,0
2097,2025,31287270,Diamantina,201,42.857142857142854,🟡 Médio Risco,0,0,0
2098,2025,31287199,Piracema,115,42.857142857142854,🟡 Médio Risco,0,0,0
2099,2025,31287156,Itaúna,268,42.857142857142854,🟡 Médio Risco,0,0,0
2100,2025,31060917,Pouso Alegre,330,42.857142857142854,🟡 Médio Risco,0,0,0
2101,2025,31060887,Pouso Alegre,139,42.857142857142854,🟡 Médio Risco,0,0,0
2102,2025,31060607,Pedralva,20,42.857142857142854,🟡 Médio Risco,0,0,0
2103,2025,31059960,Marmelópolis,23,42.857142857142854,🟡 Médio Risco,0,0,0
2104,2025,31059927,Marmelópolis,8,42.857142857142854,🟡 Médio Risco,0,0,0
2105,2025,31059846,Maria da Fé,57,42.857142857142854,🟡 Médio Risco,0,0,0
2106,2025,31287105,São José da Varginha,86,42.857142857142854,🟡 Médio Risco,0,0,0
2107,2025,31287083,Santo Antônio do Monte,79,42.857142857142854,🟡 Médio Risco,0,0,0
2108,2025,31287067,Santo Antônio do Monte,97,42.857142857142854,🟡 Médio Risco,0,0,0
2109,2025,31287041,Nova Serrana,247,42.857142857142854,🟡 Médio Risco,0,0,0
2110,2025,31287032,Divinópolis,158,42.857142857142854,🟡 Médio Risco,0,0,0
2111,2025,31287024,Itamarandiba,169,42.857142857142854,🟡 Médio Risco,0,0,0
2112,2025,31286982,Morada Nova de Minas,54,42.857142857142854,🟡 Médio Risco,0,0,0
2113,2025,31286974,Gouveia,393,42.857142857142854,🟡 Médio Risco,0,0,0
2114,2025,31286966,Nova Serrana,474,42.857142857142854,🟡 Médio Risco,0,0,0
2115,2025,31286923,Divinópolis,214,42.857142857142854,🟡 Médio Risco,0,0,0
2116,2025,31286915,São Pedro dos Ferros,170,42.857142857142854,🟡 Médio Risco,0,0,0
2117,2025,31286826,Santo Antônio do Grama,110,42.857142857142854,🟡 Médio Risco,0,0,0
2118,2025,31061654,Sapucaí-Mirim,62,42.857142857142854,🟡 Médio Risco,0,0,0
2119,2025,31061590,Sapucaí-Mirim,23,42.857142857142854,🟡 Médio Risco,0,0,0
2120,2025,31061557,São Sebastião da Bela Vista,56,42.857142857142854,🟡 Médio Risco,0,0,0
2121,2025,31061361,Santa Rita do Sapucaí,175,42.857142857142854,🟡 Médio Risco,0,0,0
2122,2025,31286745,Datas,124,42.857142857142854,🟡 Médio Risco,0,0,0
2123,2025,31286737,Lagoa da Prata,60,42.857142857142854,🟡 Médio Risco,0,0,0
2124,2025,31286729,Couto de Magalhães de Minas,111,42.857142857142854,🟡 Médio Risco,0,0,0
2125,2025,31286702,Rio Casca,207,42.857142857142854,🟡 Médio Risco,0,0,0
2126,2025,31286672,Itaúna,203,42.857142857142854,🟡 Médio Risco,0,0,0
2127,2025,31286656,Ponte Nova,50,42.857142857142854,🟡 Médio Risco,0,0,0
2128,2025,31286648,Capelinha,139,42.857142857142854,🟡 Médio Risco,0,0,0
2129,2025,31286621,Ponte Nova,218,42.857142857142854,🟡 Médio Risco,0,0,0
2130,2025,31286605,Arcos,137,42.857142857142854,🟡 Médio Risco,0,0,0
2131,2025,31286567,Lagoa da Prata,218,42.857142857142854,🟡 Médio Risco,0,0,0
2132,2025,31286508,Dores do Indaiá,73,42.857142857142854,🟡 Médio Risco,0,0,0
2133,2025,31286494,Oratórios,141,42.857142857142854,🟡 Médio Risco,0,0,0
2134,2025,31286478,Córrego Danta,35,42.857142857142854,🟡 Médio Risco,0,0,0
2135,2025,31286460,Piedade de Ponte Nova,103,42.857142857142854,🟡 Médio Risco,0,0,0
2136,2025,31286443,Luz,74,42.857142857142854,🟡 Médio Risco,0,0,0
2137,2025,31286435,Luz,97,42.857142857142854,🟡 Médio Risco,0,0,0
2138,2025,31286427,Luz,170,42.857142857142854,🟡 Médio Risco,0,0,0
2139,2025,31286389,Bom Despacho,136,42.857142857142854,🟡 Médio Risco,0,0,0
2140,2025,31286371,Ponte Nova,94,42.857142857142854,🟡 Médio Risco,0,0,0
2141,2025,31286346,Ponte Nova,53,42.857142857142854,🟡 Médio Risco,0,0,0
2142,2025,31286320,Leme do Prado,75,42.857142857142854,🟡 Médio Risco,0,0,0
2143,2025,31286290,Ponte Nova,144,42.857142857142854,🟡 Médio Risco,0,0,0
2144,2025,31286265,Santana do Paraíso,185,42.857142857142854,🟡 Médio Risco,0,0,0
2145,2025,31286257,Ponte Nova,72,42.857142857142854,🟡 Médio Risco,0,0,0
2146,2025,31286184,Água Boa,248,42.857142857142854,🟡 Médio Risco,0,0,0
2147,2025,31286176,São Sebastião do Paraíso,99,42.857142857142854,🟡 Médio Risco,0,0,0
2148,2025,31062634,Pedras de Maria da Cruz,60,42.857142857142854,🟡 Médio Risco,0,0,0
2149,2025,31286168,São Sebastião do Paraíso,148,42.857142857142854,🟡 Médio Risco,0,0,0
2150,2025,31286061,Itajubá,43,42.857142857142854,🟡 Médio Risco,0,0,0
2151,2025,31286052,Itajubá,43,42.857142857142854,🟡 Médio Risco,0,0,0
2152,2025,31286010,Guaranésia,61,42.857142857142854,🟡 Médio Risco,0,0,0
2153,2025,31286001,Claraval,145,42.857142857142854,🟡 Médio Risco,0,0,0
2154,2025,31285960,Cássia,59,42.857142857142854,🟡 Médio Risco,0,0,0
2155,2025,31285951,São Tomás de Aquino,179,42.857142857142854,🟡 Médio Risco,0,0,0
2156,2025,31285838,Poço Fundo,141,42.857142857142854,🟡 Médio Risco,0,0,0
2157,2025,31285714,São Gonçalo do Rio Preto,120,42.857142857142854,🟡 Médio Risco,0,0,0
2158,2025,31285684,Espinosa,96,42.857142857142854,🟡 Médio Risco,0,0,0
2159,2025,31285676,Água Boa,190,42.857142857142854,🟡 Médio Risco,0,0,0
2160,2025,31285480,Santana da Vargem,88,42.857142857142854,🟡 Médio Risco,0,0,0
2161,2025,31062707,Januária,254,42.857142857142854,🟡 Médio Risco,0,0,0
2162,2025,31285471,Lambari,231,42.857142857142854,🟡 Médio Risco,0,0,0
2163,2025,31285455,Abaeté,72,42.857142857142854,🟡 Médio Risco,0,0,0
2164,2025,31285447,Abaeté,188,42.857142857142854,🟡 Médio Risco,0,0,0
2165,2025,31285293,Nova Resende,76,42.857142857142854,🟡 Médio Risco,0,0,0
2166,2025,31285285,Itaú de Minas,85,42.857142857142854,🟡 Médio Risco,0,0,0
2167,2025,31285269,Monte Belo,153,42.857142857142854,🟡 Médio Risco,0,0,0
2168,2025,31285251,Ibitiúra de Minas,93,42.857142857142854,🟡 Médio Risco,0,0,0
2169,2025,31285170,Santa Margarida,342,42.857142857142854,🟡 Médio Risco,0,0,0
2170,2025,31285030,Juruaia,161,42.857142857142854,🟡 Médio Risco,0,0,0
2171,2025,31285013,Carmo do Rio Claro,10,42.857142857142854,🟡 Médio Risco,0,0,0
2172,2025,31285005,Juruaia,67,42.857142857142854,🟡 Médio Risco,0,0,0
2173,2025,31284998,Capitólio,142,42.857142857142854,🟡 Médio Risco,0,0,0
2174,2025,31284891,Rio Piracicaba,72,42.857142857142854,🟡 Médio Risco,0,0,0
2175,2025,31284823,Itabira,63,42.857142857142854,🟡 Médio Risco,0,0,0
2176,2025,31284696,São Francisco,347,42.857142857142854,🟡 Médio Risco,0,0,0
2177,2025,31284670,Itamogi,138,42.857142857142854,🟡 Médio Risco,0,0,0
2178,2025,31284581,Recreio,238,42.857142857142854,🟡 Médio Risco,0,0,0
2179,2025,31284572,Ipuiúna,175,42.857142857142854,🟡 Médio Risco,0,0,0
2180,2025,31284564,Piumhi,55,42.857142857142854,🟡 Médio Risco,0,0,0
2181,2025,31284548,Piumhi,141,42.857142857142854,🟡 Médio Risco,0,0,0
2182,2025,31284505,Piumhi,52,42.857142857142854,🟡 Médio Risco,0,0,0
2183,2025,31284459,Além Paraíba,74,42.857142857142854,🟡 Médio Risco,0,0,0
2184,2025,31376515,Conceição do Mato Dentro,242,42.857142857142854,🟡 Médio Risco,0,0,0
2185,2025,31376493,Governador Valadares,252,42.857142857142854,🟡 Médio Risco,0,0,0
2186,2025,31376256,Contagem,342,42.857142857142854,🟡 Médio Risco,0,0,0
2187,2025,31376248,Contagem,239,42.857142857142854,🟡 Médio Risco,0,0,0
2188,2025,31376230,Guanhães,51,42.857142857142854,🟡 Médio Risco,0,0,0
2189,2025,31376221,Guanhães,42,42.857142857142854,🟡 Médio Risco,0,0,0
2190,2025,31376213,Guanhães,20,42.857142857142854,🟡 Médio Risco,0,0,0
2191,2025,31376124,Ervália,280,42.857142857142854,🟡 Médio Risco,0,0,0
2192,2025,31376035,João Monlevade,83,42.857142857142854,🟡 Médio Risco,0,0,0
2193,2025,31376027,Fronteira,132,42.857142857142854,🟡 Médio Risco,0,0,0
2194,2025,31375993,Piumhi,162,42.857142857142854,🟡 Médio Risco,0,0,0
2195,2025,31375977,Extrema,373,42.857142857142854,🟡 Médio Risco,0,0,0
2196,2025,31375896,Muriaé,91,42.857142857142854,🟡 Médio Risco,0,0,0
2197,2025,31375870,Manhuaçu,85,42.857142857142854,🟡 Médio Risco,0,0,0
2198,2025,31375845,Contagem,130,42.857142857142854,🟡 Médio Risco,0,0,0
2199,2025,31284441,Borda da Mata,120,42.857142857142854,🟡 Médio Risco,0,0,0
2200,2025,31284351,Itabirito,97,42.857142857142854,🟡 Médio Risco,0,0,0
2201,2025,31284319,Ouro Preto,60,42.857142857142854,🟡 Médio Risco,0,0,0
2202,2025,31284297,Pouso Alegre,232,42.857142857142854,🟡 Médio Risco,0,0,0
2203,2025,31284289,Pouso Alegre,301,42.857142857142854,🟡 Médio Risco,0,0,0
2204,2025,31284254,Alvarenga,63,42.857142857142854,🟡 Médio Risco,0,0,0
2205,2025,31284181,Paracatu,39,42.857142857142854,🟡 Médio Risco,0,0,0
2206,2025,31284165,Paracatu,122,42.857142857142854,🟡 Médio Risco,0,0,0
2207,2025,31284157,Paracatu,148,42.857142857142854,🟡 Médio Risco,0,0,0
2208,2025,31284131,Formoso,207,42.857142857142854,🟡 Médio Risco,0,0,0
2209,2025,31284092,Coqueiral,73,42.857142857142854,🟡 Médio Risco,0,0,0
2210,2025,31284068,Caratinga,146,42.857142857142854,🟡 Médio Risco,0,0,0
2211,2025,31284050,Caratinga,165,42.857142857142854,🟡 Médio Risco,0,0,0
2212,2025,31284017,Caratinga,42,42.857142857142854,🟡 Médio Risco,0,0,0
2213,2025,31283991,Caratinga,49,42.857142857142854,🟡 Médio Risco,0,0,0
2214,2025,31283983,Caratinga,158,42.857142857142854,🟡 Médio Risco,0,0,0
2215,2025,31283932,Uberlândia,108,42.857142857142854,🟡 Médio Risco,0,0,0
2216,2025,31283860,Cruzília,99,42.857142857142854,🟡 Médio Risco,0,0,0
2217,2025,31283851,Caxambu,79,42.857142857142854,🟡 Médio Risco,0,0,0
2218,2025,31283819,Caxambu,67,42.857142857142854,🟡 Médio Risco,0,0,0
2219,2025,31283801,Aiuruoca,105,42.857142857142854,🟡 Médio Risco,0,0,0
2220,2025,31283789,São Tomé das Letras,111,42.857142857142854,🟡 Médio Risco,0,0,0
2221,2025,31283771,Baependi,144,42.857142857142854,🟡 Médio Risco,0,0,0
2222,2025,31283762,Cruzília,108,42.857142857142854,🟡 Médio Risco,0,0,0
2223,2025,31283711,Extrema,274,42.857142857142854,🟡 Médio Risco,0,0,0
2224,2025,31283452,Manhuaçu,66,42.857142857142854,🟡 Médio Risco,0,0,0
2225,2025,31283398,Santo Hipólito,43,42.857142857142854,🟡 Médio Risco,0,0,0
2226,2025,31283380,Presidente Juscelino,60,42.857142857142854,🟡 Médio Risco,0,0,0
2227,2025,31283321,Ouro Preto,75,42.857142857142854,🟡 Médio Risco,0,0,0
2228,2025,31283312,Ouro Preto,70,42.857142857142854,🟡 Médio Risco,0,0,0
2229,2025,31283266,Ipanema,306,42.857142857142854,🟡 Médio Risco,0,0,0
2230,2025,31283231,Santa Rita de Minas,281,42.857142857142854,🟡 Médio Risco,0,0,0
2231,2025,31283185,Canápolis,192,42.857142857142854,🟡 Médio Risco,0,0,0
2232,2025,31283169,Ipiaçu,119,42.857142857142854,🟡 Médio Risco,0,0,0
2233,2025,31283142,Cachoeira Dourada,99,42.857142857142854,🟡 Médio Risco,0,0,0
2234,2025,31283096,Morro da Garça,46,42.857142857142854,🟡 Médio Risco,0,0,0
2235,2025,31064297,Januária,4,42.857142857142854,🟡 Médio Risco,0,0,0
2236,2025,31064271,Cônego Marinho,13,42.857142857142854,🟡 Médio Risco,0,0,0
2237,2025,31064149,Januária,126,42.857142857142854,🟡 Médio Risco,0,0,0
2238,2025,31063908,Januária,9,42.857142857142854,🟡 Médio Risco,0,0,0
2239,2025,31063878,Januária,22,42.857142857142854,🟡 Médio Risco,0,0,0
2240,2025,31063771,Januária,19,42.857142857142854,🟡 Médio Risco,0,0,0
2241,2025,31063584,Ibiracatu,16,42.857142857142854,🟡 Médio Risco,0,0,0
2242,2025,31283088,Divino,167,42.857142857142854,🟡 Médio Risco,0,0,0
2243,2025,31283061,Monte Carmelo,44,42.857142857142854,🟡 Médio Risco,0,0,0
2244,2025,31282782,Santo Hipólito,17,42.857142857142854,🟡 Médio Risco,0,0,0
2245,2025,31282731,Carangola,60,42.857142857142854,🟡 Médio Risco,0,0,0
2246,2025,31282723,Orizânia,207,42.857142857142854,🟡 Médio Risco,0,0,0
2247,2025,31282715,Espera Feliz,173,42.857142857142854,🟡 Médio Risco,0,0,0
2248,2025,31282677,Carangola,46,42.857142857142854,🟡 Médio Risco,0,0,0
2249,2025,31282669,Caparaó,162,42.857142857142854,🟡 Médio Risco,0,0,0
2250,2025,31282634,Conselheiro Lafaiete,64,42.857142857142854,🟡 Médio Risco,0,0,0
2251,2025,31282626,Conselheiro Lafaiete,50,42.857142857142854,🟡 Médio Risco,0,0,0
2252,2025,31282618,Conselheiro Lafaiete,64,42.857142857142854,🟡 Médio Risco,0,0,0
2253,2025,31282596,Conselheiro Lafaiete,142,42.857142857142854,🟡 Médio Risco,0,0,0
2254,2025,31064696,Januária,22,42.857142857142854,🟡 Médio Risco,0,0,0
2255,2025,31064670,Januária,26,42.857142857142854,🟡 Médio Risco,0,0,0
2256,2025,31064513,Januária,9,42.857142857142854,🟡 Médio Risco,0,0,0
2257,2025,31066401,Chapada Gaúcha,80,42.857142857142854,🟡 Médio Risco,0,0,0
2258,2025,31066222,São Francisco,51,42.857142857142854,🟡 Médio Risco,0,0,0
2259,2025,31128554,Canaã,83,42.857142857142854,🟡 Médio Risco,0,0,0
2260,2025,31389434,Peçanha,88,42.857142857142854,🟡 Médio Risco,0,0,0
2261,2025,31065391,Montalvânia,6,42.857142857142854,🟡 Médio Risco,0,0,0
2262,2025,31065331,Manga,54,42.857142857142854,🟡 Médio Risco,0,0,0
2263,2025,31282588,Conselheiro Lafaiete,64,42.857142857142854,🟡 Médio Risco,0,0,0
2264,2025,31282570,Conselheiro Lafaiete,64,42.857142857142854,🟡 Médio Risco,0,0,0
2265,2025,31282561,Tiradentes,110,42.857142857142854,🟡 Médio Risco,0,0,0
2266,2025,31282171,Santana do Manhuaçu,182,42.857142857142854,🟡 Médio Risco,0,0,0
2267,2025,31282154,Areado,54,42.857142857142854,🟡 Médio Risco,0,0,0
2268,2025,31282146,Divisa Nova,148,42.857142857142854,🟡 Médio Risco,0,0,0
2269,2025,31282138,Cabo Verde,26,42.857142857142854,🟡 Médio Risco,0,0,0
2270,2025,31282120,Cabo Verde,126,42.857142857142854,🟡 Médio Risco,0,0,0
2271,2025,31282065,Piranguinho,215,42.857142857142854,🟡 Médio Risco,0,0,0
2272,2025,31282049,Conceição dos Ouros,164,42.857142857142854,🟡 Médio Risco,0,0,0
2273,2025,31281689,Capitão Andrade,8,42.857142857142854,🟡 Médio Risco,0,0,0
2274,2025,31281654,Capitão Andrade,294,42.857142857142854,🟡 Médio Risco,0,0,0
2275,2025,31067636,Verdelândia,76,42.857142857142854,🟡 Médio Risco,0,0,0
2276,2025,31067601,Jaíba,99,42.857142857142854,🟡 Médio Risco,0,0,0
2277,2025,31067547,Varzelândia,92,42.857142857142854,🟡 Médio Risco,0,0,0
2278,2025,31067491,Varzelândia,58,42.857142857142854,🟡 Médio Risco,0,0,0
2279,2025,31066681,São Francisco,34,42.857142857142854,🟡 Médio Risco,0,0,0
2280,2025,31066630,São Francisco,33,42.857142857142854,🟡 Médio Risco,0,0,0
2281,2025,31066567,Chapada Gaúcha,113,42.857142857142854,🟡 Médio Risco,0,0,0
2282,2025,31068152,Carvalhos,17,42.857142857142854,🟡 Médio Risco,0,0,0
2283,2025,31068098,Bom Jardim de Minas,423,42.857142857142854,🟡 Médio Risco,0,0,0
2284,2025,31068055,Bocaina de Minas,322,42.857142857142854,🟡 Médio Risco,0,0,0
2285,2025,31067857,São Francisco,45,42.857142857142854,🟡 Médio Risco,0,0,0
2286,2025,31067661,Varzelândia,24,42.857142857142854,🟡 Médio Risco,0,0,0
2287,2025,31281239,São João Nepomuceno,20,42.857142857142854,🟡 Médio Risco,0,0,0
2288,2025,31281191,Juramento,108,42.857142857142854,🟡 Médio Risco,0,0,0
2289,2025,31281166,Lagamar,176,42.857142857142854,🟡 Médio Risco,0,0,0
2290,2025,31281131,Piedade dos Gerais,73,42.857142857142854,🟡 Médio Risco,0,0,0
2291,2025,31280976,Joanésia,87,42.857142857142854,🟡 Médio Risco,0,0,0
2292,2025,31280739,Chapada do Norte,49,42.857142857142854,🟡 Médio Risco,0,0,0
2293,2025,31280721,Chapada do Norte,145,42.857142857142854,🟡 Médio Risco,0,0,0
2294,2025,31280551,Salinas,3,42.857142857142854,🟡 Médio Risco,0,0,0
2295,2025,31280534,Salinas,106,42.857142857142854,🟡 Médio Risco,0,0,0
2296,2025,31280321,Galiléia,143,42.857142857142854,🟡 Médio Risco,0,0,0
2297,2025,31280208,Papagaios,155,42.857142857142854,🟡 Médio Risco,0,0,0
2298,2025,31279668,Montes Claros,11,42.857142857142854,🟡 Médio Risco,0,0,0
2299,2025,31279650,Montes Claros,13,42.857142857142854,🟡 Médio Risco,0,0,0
2300,2025,31279641,Montes Claros,14,42.857142857142854,🟡 Médio Risco,0,0,0
2301,2025,31279447,Cônego Marinho,9,42.857142857142854,🟡 Médio Risco,0,0,0
2302,2025,31068209,Chiador,198,42.857142857142854,🟡 Médio Risco,0,0,0
2303,2025,31279285,Raposos,176,42.857142857142854,🟡 Médio Risco,0,0,0
2304,2025,31279218,Cuparaque,174,42.857142857142854,🟡 Médio Risco,0,0,0
2305,2025,31278807,Viçosa,330,42.857142857142854,🟡 Médio Risco,0,0,0
2306,2025,31278777,Santana do Manhuaçu,144,42.857142857142854,🟡 Médio Risco,0,0,0
2307,2025,31278696,Igarapé,79,42.857142857142854,🟡 Médio Risco,0,0,0
2308,2025,31278220,Varzelândia,44,42.857142857142854,🟡 Médio Risco,0,0,0
2309,2025,31277649,Divinópolis,424,42.857142857142854,🟡 Médio Risco,0,0,0
2310,2025,31277631,Divinópolis,293,42.857142857142854,🟡 Médio Risco,0,0,0
2311,2025,31377287,Cambuquira,84,42.857142857142854,🟡 Médio Risco,0,0,0
2312,2025,31377260,Uberaba,200,42.857142857142854,🟡 Médio Risco,0,0,0
2313,2025,31377139,Ervália,365,42.857142857142854,🟡 Médio Risco,0,0,0
2314,2025,31376965,Extrema,320,42.857142857142854,🟡 Médio Risco,0,0,0
2315,2025,31376957,Juatuba,53,42.857142857142854,🟡 Médio Risco,0,0,0
2316,2025,31376930,Seritinga,82,42.857142857142854,🟡 Médio Risco,0,0,0
2317,2025,31376841,Itinga,188,42.857142857142854,🟡 Médio Risco,0,0,0
2318,2025,31376787,Santa Luzia,288,42.857142857142854,🟡 Médio Risco,0,0,0
2319,2025,31376779,Piraúba,74,42.857142857142854,🟡 Médio Risco,0,0,0
2320,2025,31376736,Contagem,140,42.857142857142854,🟡 Médio Risco,0,0,0
2321,2025,31376728,Contagem,348,42.857142857142854,🟡 Médio Risco,0,0,0
2322,2025,31376710,Contagem,155,42.857142857142854,🟡 Médio Risco,0,0,0
2323,2025,31376701,Contagem,285,42.857142857142854,🟡 Médio Risco,0,0,0
2324,2025,31376620,Araguari,156,42.857142857142854,🟡 Médio Risco,0,0,0
2325,2025,31376558,Varginha,124,42.857142857142854,🟡 Médio Risco,0,0,0
2326,2025,31376523,Conceição do Mato Dentro,72,42.857142857142854,🟡 Médio Risco,0,0,0
2327,2025,31277380,Bocaiúva,25,42.857142857142854,🟡 Médio Risco,0,0,0
2328,2025,31277371,Bocaiúva,15,42.857142857142854,🟡 Médio Risco,0,0,0
2329,2025,31277363,Bocaiúva,68,42.857142857142854,🟡 Médio Risco,0,0,0
2330,2025,31277339,Bocaiúva,21,42.857142857142854,🟡 Médio Risco,0,0,0
2331,2025,31277312,São João do Paraíso,103,42.857142857142854,🟡 Médio Risco,0,0,0
2332,2025,31277304,Montezuma,130,42.857142857142854,🟡 Médio Risco,0,0,0
2333,2025,31277088,Santa Cruz de Salinas,237,42.857142857142854,🟡 Médio Risco,0,0,0
2334,2025,31276961,Rubelita,14,42.857142857142854,🟡 Médio Risco,0,0,0
2335,2025,31276740,São João da Ponte,65,42.857142857142854,🟡 Médio Risco,0,0,0
2336,2025,31276570,Araxá,133,42.857142857142854,🟡 Médio Risco,0,0,0
2337,2025,31276251,Bom Sucesso,66,42.857142857142854,🟡 Médio Risco,0,0,0
2338,2025,31276154,Mata Verde,193,42.857142857142854,🟡 Médio Risco,0,0,0
2339,2025,31275930,Varginha,210,42.857142857142854,🟡 Médio Risco,0,0,0
2340,2025,31275778,São João das Missões,67,42.857142857142854,🟡 Médio Risco,0,0,0
2341,2025,31275735,Presidente Olegário,143,42.857142857142854,🟡 Médio Risco,0,0,0
2342,2025,31275654,Várzea da Palma,156,42.857142857142854,🟡 Médio Risco,0,0,0
2343,2025,31275484,Pedras de Maria da Cruz,222,42.857142857142854,🟡 Médio Risco,0,0,0
2344,2025,31275417,São João Nepomuceno,189,42.857142857142854,🟡 Médio Risco,0,0,0
2345,2025,31275352,Serro,28,42.857142857142854,🟡 Médio Risco,0,0,0
2346,2025,31275344,Serro,79,42.857142857142854,🟡 Médio Risco,0,0,0
2347,2025,31275336,Serro,120,42.857142857142854,🟡 Médio Risco,0,0,0
2348,2025,31275280,Januária,57,42.857142857142854,🟡 Médio Risco,0,0,0
2349,2025,31275263,Januária,60,42.857142857142854,🟡 Médio Risco,0,0,0
2350,2025,31275239,Setubinha,71,42.857142857142854,🟡 Médio Risco,0,0,0
2351,2025,31275204,Juiz de Fora,246,42.857142857142854,🟡 Médio Risco,0,0,0
2352,2025,31275182,Coronel Pacheco,69,42.857142857142854,🟡 Médio Risco,0,0,0
2353,2025,31274941,Capela Nova,66,42.857142857142854,🟡 Médio Risco,0,0,0
2354,2025,31389407,Rio Espera,13,42.857142857142854,🟡 Médio Risco,0,0,0
2355,2025,31274461,Montezuma,50,42.857142857142854,🟡 Médio Risco,0,0,0
2356,2025,31274437,Montezuma,15,42.857142857142854,🟡 Médio Risco,0,0,0
2357,2025,31274402,Montezuma,70,42.857142857142854,🟡 Médio Risco,0,0,0
2358,2025,31274119,Lavras,22,42.857142857142854,🟡 Médio Risco,0,0,0
2359,2025,31273937,Ponto dos Volantes,347,42.857142857142854,🟡 Médio Risco,0,0,0
2360,2025,31069124,Lima Duarte,106,42.857142857142854,🟡 Médio Risco,0,0,0
2361,2025,31069108,Lima Duarte,348,42.857142857142854,🟡 Médio Risco,0,0,0
2362,2025,31069086,Lima Duarte,134,42.857142857142854,🟡 Médio Risco,0,0,0
2363,2025,31273872,Francisco Badaró,54,42.857142857142854,🟡 Médio Risco,0,0,0
2364,2025,31273830,Papagaios,11,42.857142857142854,🟡 Médio Risco,0,0,0
2365,2025,31273538,Alto Caparaó,212,42.857142857142854,🟡 Médio Risco,0,0,0
2366,2025,31273503,Nova Módica,185,42.857142857142854,🟡 Médio Risco,0,0,0
2367,2025,31273473,Coroaci,44,42.857142857142854,🟡 Médio Risco,0,0,0
2368,2025,31273457,Coroaci,20,42.857142857142854,🟡 Médio Risco,0,0,0
2369,2025,31273341,Rubelita,172,42.857142857142854,🟡 Médio Risco,0,0,0
2370,2025,31273333,Bela Vista de Minas,197,42.857142857142854,🟡 Médio Risco,0,0,0
2371,2025,31273201,Tocos do Moji,93,42.857142857142854,🟡 Médio Risco,0,0,0
2372,2025,31273040,Grão Mogol,72,42.857142857142854,🟡 Médio Risco,0,0,0
2373,2025,31069493,Rio Novo,251,42.857142857142854,🟡 Médio Risco,0,0,0
2374,2025,31069451,Pequeri,203,42.857142857142854,🟡 Médio Risco,0,0,0
2375,2025,31069442,Pequeri,211,42.857142857142854,🟡 Médio Risco,0,0,0
2376,2025,31272841,Chapada Gaúcha,107,42.857142857142854,🟡 Médio Risco,0,0,0
2377,2025,31272752,Almenara,93,42.857142857142854,🟡 Médio Risco,0,0,0
2378,2025,31272710,Tiradentes,250,42.857142857142854,🟡 Médio Risco,0,0,0
2379,2025,31272680,Veredinha,122,42.857142857142854,🟡 Médio Risco,0,0,0
2380,2025,31272591,Glaucilândia,41,42.857142857142854,🟡 Médio Risco,0,0,0
2381,2025,31272574,Campo Azul,130,42.857142857142854,🟡 Médio Risco,0,0,0
2382,2025,31272345,Estrela do Sul,124,42.857142857142854,🟡 Médio Risco,0,0,0
2383,2025,31272329,Rio Novo,192,42.857142857142854,🟡 Médio Risco,0,0,0
2384,2025,31272281,Bugre,97,42.857142857142854,🟡 Médio Risco,0,0,0
2385,2025,31272230,Inhapim,39,42.857142857142854,🟡 Médio Risco,0,0,0
2386,2025,31272213,Inhapim,65,42.857142857142854,🟡 Médio Risco,0,0,0
2387,2025,31272183,Inhapim,18,42.857142857142854,🟡 Médio Risco,0,0,0
2388,2025,31069884,Santa Rita de Jacutinga,7,42.857142857142854,🟡 Médio Risco,0,0,0
2389,2025,31069621,Rio Preto,5,42.857142857142854,🟡 Médio Risco,0,0,0
2390,2025,31069531,Rio Novo,103,42.857142857142854,🟡 Médio Risco,0,0,0
2391,2025,31272116,Catas Altas,288,42.857142857142854,🟡 Médio Risco,0,0,0
2392,2025,31272094,Piedade dos Gerais,131,42.857142857142854,🟡 Médio Risco,0,0,0
2393,2025,31271934,Seritinga,198,42.857142857142854,🟡 Médio Risco,0,0,0
2394,2025,31271870,Abadia dos Dourados,337,42.857142857142854,🟡 Médio Risco,0,0,0
2395,2025,31271705,Pedra do Indaiá,48,42.857142857142854,🟡 Médio Risco,0,0,0
2396,2025,31271691,Pedra do Indaiá,293,42.857142857142854,🟡 Médio Risco,0,0,0
2397,2025,31271675,São Sebastião do Oeste,528,42.857142857142854,🟡 Médio Risco,0,0,0
2398,2025,31271659,Vargem Bonita,75,42.857142857142854,🟡 Médio Risco,0,0,0
2399,2025,31271497,Vargem Grande do Rio Pardo,145,42.857142857142854,🟡 Médio Risco,0,0,0
2400,2025,31271420,Cristália,302,42.857142857142854,🟡 Médio Risco,0,0,0
2401,2025,31271411,Berizal,144,42.857142857142854,🟡 Médio Risco,0,0,0
2402,2025,31271268,Três Marias,115,42.857142857142854,🟡 Médio Risco,0,0,0
2403,2025,31271179,Braúnas,247,42.857142857142854,🟡 Médio Risco,0,0,0
2404,2025,31070050,Santos Dumont,36,42.857142857142854,🟡 Médio Risco,0,0,0
2405,2025,31389403,Riacho dos Machados,50,42.857142857142854,🟡 Médio Risco,0,0,0
2406,2025,31271080,Três Marias,307,42.857142857142854,🟡 Médio Risco,0,0,0
2407,2025,31271063,Inimutaba,136,42.857142857142854,🟡 Médio Risco,0,0,0
2408,2025,31271039,Rosário da Limeira,484,42.857142857142854,🟡 Médio Risco,0,0,0
2409,2025,31271021,Monjolos,125,42.857142857142854,🟡 Médio Risco,0,0,0
2410,2025,31270890,Viçosa,330,42.857142857142854,🟡 Médio Risco,0,0,0
2411,2025,31270831,Carneirinho,49,42.857142857142854,🟡 Médio Risco,0,0,0
2412,2025,31270792,São João da Mata,253,42.857142857142854,🟡 Médio Risco,0,0,0
2413,2025,31270610,Santo Antônio do Aventureiro,233,42.857142857142854,🟡 Médio Risco,0,0,0
2414,2025,31270580,Santo Hipólito,32,42.857142857142854,🟡 Médio Risco,0,0,0
2415,2025,31270555,Pedra do Anta,122,42.857142857142854,🟡 Médio Risco,0,0,0
2416,2025,31270342,São João do Manteninha,187,42.857142857142854,🟡 Médio Risco,0,0,0
2417,2025,31270300,Caratinga,101,42.857142857142854,🟡 Médio Risco,0,0,0
2418,2025,31270296,Caratinga,126,42.857142857142854,🟡 Médio Risco,0,0,0
2419,2025,31270288,Setubinha,8,42.857142857142854,🟡 Médio Risco,0,0,0
2420,2025,31270270,Caratinga,50,42.857142857142854,🟡 Médio Risco,0,0,0
2421,2025,31071005,Chiador,20,42.857142857142854,🟡 Médio Risco,0,0,0
2422,2025,31070939,Chácara,141,42.857142857142854,🟡 Médio Risco,0,0,0
2423,2025,31070793,Carvalhos,16,42.857142857142854,🟡 Médio Risco,0,0,0
2424,2025,31070726,Bom Jardim de Minas,53,42.857142857142854,🟡 Médio Risco,0,0,0
2425,2025,31070459,Bocaina de Minas,6,42.857142857142854,🟡 Médio Risco,0,0,0
2426,2025,31070343,Belmiro Braga,46,42.857142857142854,🟡 Médio Risco,0,0,0
2427,2025,31270211,Caratinga,148,42.857142857142854,🟡 Médio Risco,0,0,0
2428,2025,31270202,Mateus Leme,243,42.857142857142854,🟡 Médio Risco,0,0,0
2429,2025,31270199,Caratinga,67,42.857142857142854,🟡 Médio Risco,0,0,0
2430,2025,31270091,Santana do Manhuaçu,37,42.857142857142854,🟡 Médio Risco,0,0,0
2431,2025,31071315,Juiz de Fora,245,42.857142857142854,🟡 Médio Risco,0,0,0
2432,2025,31071269,Juiz de Fora,191,42.857142857142854,🟡 Médio Risco,0,0,0
2433,2025,31071226,Juiz de Fora,116,42.857142857142854,🟡 Médio Risco,0,0,0
2434,2025,31269972,Toledo,420,42.857142857142854,🟡 Médio Risco,0,0,0
2435,2025,31269824,Vieiras,311,42.857142857142854,🟡 Médio Risco,0,0,0
2436,2025,31269808,Patrocínio do Muriaé,399,42.857142857142854,🟡 Médio Risco,0,0,0
2437,2025,31269786,Palma,29,42.857142857142854,🟡 Médio Risco,0,0,0
2438,2025,31269760,Barão do Monte Alto,168,42.857142857142854,🟡 Médio Risco,0,0,0
2439,2025,31269751,Barão do Monte Alto,233,42.857142857142854,🟡 Médio Risco,0,0,0
2440,2025,31269573,Marmelópolis,243,42.857142857142854,🟡 Médio Risco,0,0,0
2441,2025,31269417,Santa Rita de Minas,370,42.857142857142854,🟡 Médio Risco,0,0,0
2442,2025,31269280,Entre Rios de Minas,149,42.857142857142854,🟡 Médio Risco,0,0,0
2443,2025,31269182,Espírito Santo do Dourado,186,42.857142857142854,🟡 Médio Risco,0,0,0
2444,2025,31269085,Galiléia,47,42.857142857142854,🟡 Médio Risco,0,0,0
2445,2025,31071471,Juiz de Fora,113,42.857142857142854,🟡 Médio Risco,0,0,0
2446,2025,31071455,Juiz de Fora,231,42.857142857142854,🟡 Médio Risco,0,0,0
2447,2025,31071412,Juiz de Fora,378,42.857142857142854,🟡 Médio Risco,0,0,0
2448,2025,31071391,Juiz de Fora,83,42.857142857142854,🟡 Médio Risco,0,0,0
2449,2025,31071374,Juiz de Fora,211,42.857142857142854,🟡 Médio Risco,0,0,0
2450,2025,31269018,Claraval,273,42.857142857142854,🟡 Médio Risco,0,0,0
2451,2025,31268950,Marliéria,319,42.857142857142854,🟡 Médio Risco,0,0,0
2452,2025,31268895,Desterro do Melo,351,42.857142857142854,🟡 Médio Risco,0,0,0
2453,2025,31268712,Raul Soares,26,42.857142857142854,🟡 Médio Risco,0,0,0
2454,2025,31268674,Viçosa,113,42.857142857142854,🟡 Médio Risco,0,0,0
2455,2025,31268666,Sem-Peixe,129,42.857142857142854,🟡 Médio Risco,0,0,0
2456,2025,31268526,Tiros,123,42.857142857142854,🟡 Médio Risco,0,0,0
2457,2025,31268461,Itaúna,901,42.857142857142854,🟡 Médio Risco,0,0,0
2458,2025,31268381,Leopoldina,375,42.857142857142854,🟡 Médio Risco,0,0,0
2459,2025,31268216,Matias Cardoso,51,42.857142857142854,🟡 Médio Risco,0,0,0
2460,2025,31268178,Matias Cardoso,51,42.857142857142854,🟡 Médio Risco,0,0,0
2461,2025,31268151,Ibiracatu,151,42.857142857142854,🟡 Médio Risco,0,0,0
2462,2025,31268071,Ibiracatu,43,42.857142857142854,🟡 Médio Risco,0,0,0
2463,2025,31268054,Ibiracatu,51,42.857142857142854,🟡 Médio Risco,0,0,0
2464,2025,31268046,Cônego Marinho,54,42.857142857142854,🟡 Médio Risco,0,0,0
2465,2025,31268020,Cônego Marinho,53,42.857142857142854,🟡 Médio Risco,0,0,0
2466,2025,31268011,Cônego Marinho,24,42.857142857142854,🟡 Médio Risco,0,0,0
2467,2025,31071706,Juiz de Fora,159,42.857142857142854,🟡 Médio Risco,0,0,0
2468,2025,31071641,Juiz de Fora,159,42.857142857142854,🟡 Médio Risco,0,0,0
2469,2025,31071617,Juiz de Fora,96,42.857142857142854,🟡 Médio Risco,0,0,0
2470,2025,31267481,Campanário,126,42.857142857142854,🟡 Médio Risco,0,0,0
2471,2025,31267422,Ribeirão das Neves,346,42.857142857142854,🟡 Médio Risco,0,0,0
2472,2025,31267384,Descoberto,115,42.857142857142854,🟡 Médio Risco,0,0,0
2473,2025,31267376,Jenipapo de Minas,102,42.857142857142854,🟡 Médio Risco,0,0,0
2474,2025,31267368,Uberlândia,269,42.857142857142854,🟡 Médio Risco,0,0,0
2475,2025,31267287,Divisa Alegre,375,42.857142857142854,🟡 Médio Risco,0,0,0
2476,2025,31267261,Uberlândia,181,42.857142857142854,🟡 Médio Risco,0,0,0
2477,2025,31073601,Santos Dumont,46,42.857142857142854,🟡 Médio Risco,0,0,0
2478,2025,31073571,Santos Dumont,16,42.857142857142854,🟡 Médio Risco,0,0,0
2479,2025,31073474,Santos Dumont,16,42.857142857142854,🟡 Médio Risco,0,0,0
2480,2025,31073024,Goianá,113,42.857142857142854,🟡 Médio Risco,0,0,0
2481,2025,31072010,Juiz de Fora,148,42.857142857142854,🟡 Médio Risco,0,0,0
2482,2025,31266876,Poços de Caldas,93,42.857142857142854,🟡 Médio Risco,0,0,0
2483,2025,31266868,Poços de Caldas,83,42.857142857142854,🟡 Médio Risco,0,0,0
2484,2025,31266850,Poços de Caldas,91,42.857142857142854,🟡 Médio Risco,0,0,0
2485,2025,31266841,Miradouro,89,42.857142857142854,🟡 Médio Risco,0,0,0
2486,2025,31266833,Miradouro,57,42.857142857142854,🟡 Médio Risco,0,0,0
2487,2025,31266795,Brasília de Minas,56,42.857142857142854,🟡 Médio Risco,0,0,0
2488,2025,31378631,Perdões,199,42.857142857142854,🟡 Médio Risco,0,0,0
2489,2025,31378305,Santana do Manhuaçu,312,42.857142857142854,🟡 Médio Risco,0,0,0
2490,2025,31378275,Virgem da Lapa,127,42.857142857142854,🟡 Médio Risco,0,0,0
2491,2025,31378178,Três Pontas,121,42.857142857142854,🟡 Médio Risco,0,0,0
2492,2025,31377910,Araxá,93,42.857142857142854,🟡 Médio Risco,0,0,0
2493,2025,31377830,Ingaí,65,42.857142857142854,🟡 Médio Risco,0,0,0
2494,2025,31377791,Paraguaçu,85,42.857142857142854,🟡 Médio Risco,0,0,0
2495,2025,31377724,Araguari,181,42.857142857142854,🟡 Médio Risco,0,0,0
2496,2025,31377660,Santa Luzia,148,42.857142857142854,🟡 Médio Risco,0,0,0
2497,2025,31377562,Maria da Fé,78,42.857142857142854,🟡 Médio Risco,0,0,0
2498,2025,31377554,Fruta de Leite,158,42.857142857142854,🟡 Médio Risco,0,0,0
2499,2025,31377538,Conceição dos Ouros,104,42.857142857142854,🟡 Médio Risco,0,0,0
2500,2025,31377457,Muriaé,250,42.857142857142854,🟡 Médio Risco,0,0,0
2501,2025,31377392,Ouro Fino,43,42.857142857142854,🟡 Médio Risco,0,0,0
2502,2025,31377309,Monsenhor Paulo,112,42.857142857142854,🟡 Médio Risco,0,0,0
2503,2025,31377295,Paraguaçu,53,42.857142857142854,🟡 Médio Risco,0,0,0
2504,2025,31266779,Rio Vermelho,99,42.857142857142854,🟡 Médio Risco,0,0,0
2505,2025,31266710,Mesquita,69,42.857142857142854,🟡 Médio Risco,0,0,0
2506,2025,31074357,Juiz de Fora,190,42.857142857142854,🟡 Médio Risco,0,0,0
2507,2025,31074241,Juiz de Fora,108,42.857142857142854,🟡 Médio Risco,0,0,0
2508,2025,31073920,Belmiro Braga,162,42.857142857142854,🟡 Médio Risco,0,0,0
2509,2025,31073849,Simão Pereira,108,42.857142857142854,🟡 Médio Risco,0,0,0
2510,2025,31266574,Juruaia,281,42.857142857142854,🟡 Médio Risco,0,0,0
2511,2025,31266507,Carangola,34,42.857142857142854,🟡 Médio Risco,0,0,0
2512,2025,31266426,Carangola,45,42.857142857142854,🟡 Médio Risco,0,0,0
2513,2025,31266400,Carangola,82,42.857142857142854,🟡 Médio Risco,0,0,0
2514,2025,31266281,Nova União,51,42.857142857142854,🟡 Médio Risco,0,0,0
2515,2025,31266001,Piranguçu,130,42.857142857142854,🟡 Médio Risco,0,0,0
2516,2025,31265853,Itamarandiba,627,42.857142857142854,🟡 Médio Risco,0,0,0
2517,2025,31265756,Nova Lima,346,42.857142857142854,🟡 Médio Risco,0,0,0
2518,2025,31265730,Caeté,135,42.857142857142854,🟡 Médio Risco,0,0,0
2519,2025,31265721,Caeté,140,42.857142857142854,🟡 Médio Risco,0,0,0
2520,2025,31265713,Caeté,134,42.857142857142854,🟡 Médio Risco,0,0,0
2521,2025,31265683,Santana do Riacho,70,42.857142857142854,🟡 Médio Risco,0,0,0
2522,2025,31265616,Montes Claros,168,42.857142857142854,🟡 Médio Risco,0,0,0
2523,2025,31265594,Montes Claros,203,42.857142857142854,🟡 Médio Risco,0,0,0
2524,2025,31265527,Varginha,264,42.857142857142854,🟡 Médio Risco,0,0,0
2525,2025,31265489,Caraí,37,42.857142857142854,🟡 Médio Risco,0,0,0
2526,2025,31265471,Caraí,86,42.857142857142854,🟡 Médio Risco,0,0,0
2527,2025,31265462,Caraí,33,42.857142857142854,🟡 Médio Risco,0,0,0
2528,2025,31265365,Varjão de Minas,449,42.857142857142854,🟡 Médio Risco,0,0,0
2529,2025,31265241,Malacacheta,68,42.857142857142854,🟡 Médio Risco,0,0,0
2530,2025,31265209,Malacacheta,212,42.857142857142854,🟡 Médio Risco,0,0,0
2531,2025,31265179,Conceição da Barra de Minas,99,42.857142857142854,🟡 Médio Risco,0,0,0
2532,2025,31265098,Belo Oriente,213,42.857142857142854,🟡 Médio Risco,0,0,0
2533,2025,31265063,Bom Jesus do Galho,23,42.857142857142854,🟡 Médio Risco,0,0,0
2534,2025,31265047,Bom Jesus do Galho,145,42.857142857142854,🟡 Médio Risco,0,0,0
2535,2025,31265012,Caratinga,407,42.857142857142854,🟡 Médio Risco,0,0,0
2536,2025,31264849,Tarumirim,28,42.857142857142854,🟡 Médio Risco,0,0,0
2537,2025,31264768,Santa Vitória,117,42.857142857142854,🟡 Médio Risco,0,0,0
2538,2025,31264750,Águas Formosas,111,42.857142857142854,🟡 Médio Risco,0,0,0
2539,2025,31264741,Alvarenga,97,42.857142857142854,🟡 Médio Risco,0,0,0
2540,2025,31264661,Paracatu,95,42.857142857142854,🟡 Médio Risco,0,0,0
2541,2025,31264407,Lima Duarte,50,42.857142857142854,🟡 Médio Risco,0,0,0
2542,2025,31264377,Lima Duarte,17,42.857142857142854,🟡 Médio Risco,0,0,0
2543,2025,31264351,Lima Duarte,173,42.857142857142854,🟡 Médio Risco,0,0,0
2544,2025,31264261,Novo Cruzeiro,210,42.857142857142854,🟡 Médio Risco,0,0,0
2545,2025,31264237,Berilo,43,42.857142857142854,🟡 Médio Risco,0,0,0
2546,2025,31264202,Berilo,26,42.857142857142854,🟡 Médio Risco,0,0,0
2547,2025,31264181,Berilo,9,42.857142857142854,🟡 Médio Risco,0,0,0
2548,2025,31264105,Berilo,16,42.857142857142854,🟡 Médio Risco,0,0,0
2549,2025,31263982,Poté,64,42.857142857142854,🟡 Médio Risco,0,0,0
2550,2025,31263974,Poté,52,42.857142857142854,🟡 Médio Risco,0,0,0
2551,2025,31263958,São Sebastião do Maranhão,218,42.857142857142854,🟡 Médio Risco,0,0,0
2552,2025,31263931,Paulistas,374,42.857142857142854,🟡 Médio Risco,0,0,0
2553,2025,31075418,Manhumirim,216,42.857142857142854,🟡 Médio Risco,0,0,0
2554,2025,31263907,Mathias Lobato,76,42.857142857142854,🟡 Médio Risco,0,0,0
2555,2025,31263877,Sobrália,161,42.857142857142854,🟡 Médio Risco,0,0,0
2556,2025,31263818,Congonhal,230,42.857142857142854,🟡 Médio Risco,0,0,0
2557,2025,31263770,Chapada Gaúcha,152,42.857142857142854,🟡 Médio Risco,0,0,0
2558,2025,31263737,São Geraldo do Baixio,77,42.857142857142854,🟡 Médio Risco,0,0,0
2559,2025,31263711,Mendes Pimentel,71,42.857142857142854,🟡 Médio Risco,0,0,0
2560,2025,31263699,Icaraí de Minas,22,42.857142857142854,🟡 Médio Risco,0,0,0
2561,2025,31263656,Icaraí de Minas,135,42.857142857142854,🟡 Médio Risco,0,0,0
2562,2025,31075795,Santana do Manhuaçu,60,42.857142857142854,🟡 Médio Risco,0,0,0
2563,2025,31075752,Santa Margarida,57,42.857142857142854,🟡 Médio Risco,0,0,0
2564,2025,31075671,Mutum,299,42.857142857142854,🟡 Médio Risco,0,0,0
2565,2025,31263621,Itacarambi,64,42.857142857142854,🟡 Médio Risco,0,0,0
2566,2025,31263613,Itacarambi,181,42.857142857142854,🟡 Médio Risco,0,0,0
2567,2025,31263583,Itacarambi,142,42.857142857142854,🟡 Médio Risco,0,0,0
2568,2025,31263559,Juvenília,121,42.857142857142854,🟡 Médio Risco,0,0,0
2569,2025,31263524,Miravânia,121,42.857142857142854,🟡 Médio Risco,0,0,0
2570,2025,31379964,Teófilo Otoni,321,42.857142857142854,🟡 Médio Risco,0,0,0
2571,2025,31379646,Astolfo Dutra,189,42.857142857142854,🟡 Médio Risco,0,0,0
2572,2025,31379581,Bertópolis,70,42.857142857142854,🟡 Médio Risco,0,0,0
2573,2025,31379476,Presidente Olegário,16,42.857142857142854,🟡 Médio Risco,0,0,0
2574,2025,31379158,Santa Margarida,250,42.857142857142854,🟡 Médio Risco,0,0,0
2575,2025,31379085,Matias Cardoso,58,42.857142857142854,🟡 Médio Risco,0,0,0
2576,2025,31379034,Dores de Guanhães,50,42.857142857142854,🟡 Médio Risco,0,0,0
2577,2025,31378950,Itaúna,138,42.857142857142854,🟡 Médio Risco,0,0,0
2578,2025,31378933,Curvelo,84,42.857142857142854,🟡 Médio Risco,0,0,0
2579,2025,31378860,Ipaba,167,42.857142857142854,🟡 Médio Risco,0,0,0
2580,2025,31378836,Inhapim,59,42.857142857142854,🟡 Médio Risco,0,0,0
2581,2025,31378755,Caratinga,195,42.857142857142854,🟡 Médio Risco,0,0,0
2582,2025,31378720,Caratinga,182,42.857142857142854,🟡 Médio Risco,0,0,0
2583,2025,31263516,Miravânia,15,42.857142857142854,🟡 Médio Risco,0,0,0
2584,2025,31263494,São Francisco,285,42.857142857142854,🟡 Médio Risco,0,0,0
2585,2025,31263371,São João das Missões,51,42.857142857142854,🟡 Médio Risco,0,0,0
2586,2025,31263311,Ubaí,149,42.857142857142854,🟡 Médio Risco,0,0,0
2587,2025,31263257,Varzelândia,38,42.857142857142854,🟡 Médio Risco,0,0,0
2588,2025,31076040,Chalé,9,42.857142857142854,🟡 Médio Risco,0,0,0
2589,2025,31076007,Caputira,18,42.857142857142854,🟡 Médio Risco,0,0,0
2590,2025,31075850,São José do Mantimento,43,42.857142857142854,🟡 Médio Risco,0,0,0
2591,2025,31075833,Santana do Manhuaçu,104,42.857142857142854,🟡 Médio Risco,0,0,0
2592,2025,31263192,Naque,401,42.857142857142854,🟡 Médio Risco,0,0,0
2593,2025,31263176,Tapiraí,30,42.857142857142854,🟡 Médio Risco,0,0,0
2594,2025,31263168,Rio do Prado,105,42.857142857142854,🟡 Médio Risco,0,0,0
2595,2025,31263133,Brás Pires,79,42.857142857142854,🟡 Médio Risco,0,0,0
2596,2025,31263125,Inconfidentes,158,42.857142857142854,🟡 Médio Risco,0,0,0
2597,2025,31263095,Dores do Turvo,111,42.857142857142854,🟡 Médio Risco,0,0,0
2598,2025,31263087,Carangola,30,42.857142857142854,🟡 Médio Risco,0,0,0
2599,2025,31262960,Conceição da Aparecida,130,42.857142857142854,🟡 Médio Risco,0,0,0
2600,2025,31262951,Poços de Caldas,56,42.857142857142854,🟡 Médio Risco,0,0,0
2601,2025,31262854,Unaí,260,42.857142857142854,🟡 Médio Risco,0,0,0
2602,2025,31262838,Unaí,280,42.857142857142854,🟡 Médio Risco,0,0,0
2603,2025,31076287,Conceição de Ipanema,39,42.857142857142854,🟡 Médio Risco,0,0,0
2604,2025,31076279,Conceição de Ipanema,47,42.857142857142854,🟡 Médio Risco,0,0,0
2605,2025,31389400,Itueta,42,42.857142857142854,🟡 Médio Risco,0,0,0
2606,2025,31076171,Chalé,11,42.857142857142854,🟡 Médio Risco,0,0,0
2607,2025,31076147,Chalé,7,42.857142857142854,🟡 Médio Risco,0,0,0
2608,2025,31076121,Chalé,273,42.857142857142854,🟡 Médio Risco,0,0,0
2609,2025,31076104,Chalé,7,42.857142857142854,🟡 Médio Risco,0,0,0
2610,2025,31076864,Manhuaçu,27,42.857142857142854,🟡 Médio Risco,0,0,0
2611,2025,31076783,Manhuaçu,38,42.857142857142854,🟡 Médio Risco,0,0,0
2612,2025,31076767,Manhuaçu,48,42.857142857142854,🟡 Médio Risco,0,0,0
2613,2025,31076759,Manhuaçu,21,42.857142857142854,🟡 Médio Risco,0,0,0
2614,2025,31076741,Manhuaçu,94,42.857142857142854,🟡 Médio Risco,0,0,0
2615,2025,31076732,Manhuaçu,102,42.857142857142854,🟡 Médio Risco,0,0,0
2616,2025,31076724,Manhuaçu,140,42.857142857142854,🟡 Médio Risco,0,0,0
2617,2025,31076708,Manhuaçu,44,42.857142857142854,🟡 Médio Risco,0,0,0
2618,2025,31381292,Cássia,57,42.857142857142854,🟡 Médio Risco,0,0,0
2619,2025,31381284,Ribeirão das Neves,411,42.857142857142854,🟡 Médio Risco,0,0,0
2620,2025,31381276,Ribeirão das Neves,426,42.857142857142854,🟡 Médio Risco,0,0,0
2621,2025,31381187,Nova Lima,303,42.857142857142854,🟡 Médio Risco,0,0,0
2622,2025,31381179,Nova Lima,390,42.857142857142854,🟡 Médio Risco,0,0,0
2623,2025,31381160,Itapeva,107,42.857142857142854,🟡 Médio Risco,0,0,0
2624,2025,31381063,Alpinópolis,116,42.857142857142854,🟡 Médio Risco,0,0,0
2625,2025,31381055,Extrema,438,42.857142857142854,🟡 Médio Risco,0,0,0
2626,2025,31380946,Ribeirão das Neves,794,42.857142857142854,🟡 Médio Risco,0,0,0
2627,2025,31380911,Ribeirão das Neves,959,42.857142857142854,🟡 Médio Risco,0,0,0
2628,2025,31380628,Pavão,105,42.857142857142854,🟡 Médio Risco,0,0,0
2629,2025,31380490,Ribeirão das Neves,637,42.857142857142854,🟡 Médio Risco,0,0,0
2630,2025,31380482,Ribeirão das Neves,119,42.857142857142854,🟡 Médio Risco,0,0,0
2631,2025,31380245,Passa Vinte,82,42.857142857142854,🟡 Médio Risco,0,0,0
2632,2025,31380148,Patos de Minas,256,42.857142857142854,🟡 Médio Risco,0,0,0
2633,2025,31380032,São Domingos do Prata,197,42.857142857142854,🟡 Médio Risco,0,0,0
2634,2025,31076511,Lajinha,25,42.857142857142854,🟡 Médio Risco,0,0,0
2635,2025,31077208,Manhuaçu,84,42.857142857142854,🟡 Médio Risco,0,0,0
2636,2025,31077194,Manhuaçu,72,42.857142857142854,🟡 Médio Risco,0,0,0
2637,2025,31389399,Morada Nova de Minas,47,42.857142857142854,🟡 Médio Risco,0,0,0
2638,2025,31077160,Manhuaçu,35,42.857142857142854,🟡 Médio Risco,0,0,0
2639,2025,31077101,Manhuaçu,68,42.857142857142854,🟡 Médio Risco,0,0,0
2640,2025,31077020,Reduto,39,42.857142857142854,🟡 Médio Risco,0,0,0
2641,2025,31077003,Reduto,77,42.857142857142854,🟡 Médio Risco,0,0,0
2642,2025,31076937,Luisburgo,37,42.857142857142854,🟡 Médio Risco,0,0,0
2643,2025,31076911,Luisburgo,58,42.857142857142854,🟡 Médio Risco,0,0,0
2644,2025,31076902,Luisburgo,101,42.857142857142854,🟡 Médio Risco,0,0,0
2645,2025,31076881,Luisburgo,44,42.857142857142854,🟡 Médio Risco,0,0,0
2646,2025,31262803,Unaí,197,42.857142857142854,🟡 Médio Risco,0,0,0
2647,2025,31262510,Frei Gaspar,312,42.857142857142854,🟡 Médio Risco,0,0,0
2648,2025,31262196,Passa Quatro,223,42.857142857142854,🟡 Médio Risco,0,0,0
2649,2025,31262161,Corinto,463,42.857142857142854,🟡 Médio Risco,0,0,0
2650,2025,31262013,Unaí,84,42.857142857142854,🟡 Médio Risco,0,0,0
2651,2025,31261963,Caparaó,5,42.857142857142854,🟡 Médio Risco,0,0,0
2652,2025,31261955,Caparaó,10,42.857142857142854,🟡 Médio Risco,0,0,0
2653,2025,31077500,Manhumirim,112,42.857142857142854,🟡 Médio Risco,0,0,0
2654,2025,31077437,Martins Soares,25,42.857142857142854,🟡 Médio Risco,0,0,0
2655,2025,31077429,Martins Soares,29,42.857142857142854,🟡 Médio Risco,0,0,0
2656,2025,31077411,Martins Soares,18,42.857142857142854,🟡 Médio Risco,0,0,0
2657,2025,31382086,Conselheiro Lafaiete,109,42.857142857142854,🟡 Médio Risco,0,0,0
2658,2025,31382035,Itumirim,20,42.857142857142854,🟡 Médio Risco,0,0,0
2659,2025,31382027,Brasilândia de Minas,61,42.857142857142854,🟡 Médio Risco,0,0,0
2660,2025,31382019,Brasilândia de Minas,67,42.857142857142854,🟡 Médio Risco,0,0,0
2661,2025,31381837,Itumirim,59,42.857142857142854,🟡 Médio Risco,0,0,0
2662,2025,31381764,Pouso Alegre,123,42.857142857142854,🟡 Médio Risco,0,0,0
2663,2025,31381667,Carangola,122,42.857142857142854,🟡 Médio Risco,0,0,0
2664,2025,31381543,Santo Antônio do Retiro,120,42.857142857142854,🟡 Médio Risco,0,0,0
2665,2025,31381519,Pitangui,356,42.857142857142854,🟡 Médio Risco,0,0,0
2666,2025,31381420,Rio Piracicaba,172,42.857142857142854,🟡 Médio Risco,0,0,0
2667,2025,31381390,São João del Rei,202,42.857142857142854,🟡 Médio Risco,0,0,0
2668,2025,31381381,São João del Rei,130,42.857142857142854,🟡 Médio Risco,0,0,0
2669,2025,31381373,São João del Rei,75,42.857142857142854,🟡 Médio Risco,0,0,0
2670,2025,31389397,Oliveira,3,42.857142857142854,🟡 Médio Risco,0,0,0
2671,2025,31389396,Frei Gaspar,84,42.857142857142854,🟡 Médio Risco,0,0,0
2672,2025,31077313,Martins Soares,33,42.857142857142854,🟡 Médio Risco,0,0,0
2673,2025,31078077,Mutum,56,42.857142857142854,🟡 Médio Risco,0,0,0
2674,2025,31077704,Mutum,21,42.857142857142854,🟡 Médio Risco,0,0,0
2675,2025,31077691,Matipó,270,42.857142857142854,🟡 Médio Risco,0,0,0
2676,2025,31261467,Frei Inocêncio,189,42.857142857142854,🟡 Médio Risco,0,0,0
2677,2025,31261386,Pedro Leopoldo,74,42.857142857142854,🟡 Médio Risco,0,0,0
2678,2025,31261378,Ribeirão das Neves,521,42.857142857142854,🟡 Médio Risco,0,0,0
2679,2025,31261343,Ribeirão das Neves,621,42.857142857142854,🟡 Médio Risco,0,0,0
2680,2025,31261157,Arapuá,47,42.857142857142854,🟡 Médio Risco,0,0,0
2681,2025,31260924,Rio Casca,72,42.857142857142854,🟡 Médio Risco,0,0,0
2682,2025,31078697,Santana do Manhuaçu,7,42.857142857142854,🟡 Médio Risco,0,0,0
2683,2025,31078611,Santana do Manhuaçu,19,42.857142857142854,🟡 Médio Risco,0,0,0
2684,2025,31078506,Santa Margarida,102,42.857142857142854,🟡 Médio Risco,0,0,0
2685,2025,31078492,Santa Margarida,16,42.857142857142854,🟡 Médio Risco,0,0,0
2686,2025,31078476,Santa Margarida,15,42.857142857142854,🟡 Médio Risco,0,0,0
2687,2025,31078425,Santa Margarida,49,42.857142857142854,🟡 Médio Risco,0,0,0
2688,2025,31078417,Santa Margarida,63,42.857142857142854,🟡 Médio Risco,0,0,0
2689,2025,31078409,Santa Margarida,34,42.857142857142854,🟡 Médio Risco,0,0,0
2690,2025,31078387,Santa Margarida,5,42.857142857142854,🟡 Médio Risco,0,0,0
2691,2025,31078361,Santa Margarida,16,42.857142857142854,🟡 Médio Risco,0,0,0
2692,2025,31078328,Santa Margarida,6,42.857142857142854,🟡 Médio Risco,0,0,0
2693,2025,31078255,Alto Jequitibá,71,42.857142857142854,🟡 Médio Risco,0,0,0
2694,2025,31078239,Alto Jequitibá,79,42.857142857142854,🟡 Médio Risco,0,0,0
2695,2025,31078166,Alto Jequitibá,26,42.857142857142854,🟡 Médio Risco,0,0,0
2696,2025,31079073,Simonésia,59,42.857142857142854,🟡 Médio Risco,0,0,0
2697,2025,31079049,Simonésia,35,42.857142857142854,🟡 Médio Risco,0,0,0
2698,2025,31079031,Simonésia,66,42.857142857142854,🟡 Médio Risco,0,0,0
2699,2025,31079014,Simonésia,46,42.857142857142854,🟡 Médio Risco,0,0,0
2700,2025,31078981,Simonésia,12,42.857142857142854,🟡 Médio Risco,0,0,0
2701,2025,31078956,Simonésia,12,42.857142857142854,🟡 Médio Risco,0,0,0
2702,2025,31078948,Simonésia,14,42.857142857142854,🟡 Médio Risco,0,0,0
2703,2025,31078930,Simonésia,11,42.857142857142854,🟡 Médio Risco,0,0,0
2704,2025,31078921,Simonésia,47,42.857142857142854,🟡 Médio Risco,0,0,0
2705,2025,31078875,Simonésia,44,42.857142857142854,🟡 Médio Risco,0,0,0
2706,2025,31078867,Simonésia,150,42.857142857142854,🟡 Médio Risco,0,0,0
2707,2025,31078808,São José do Mantimento,243,42.857142857142854,🟡 Médio Risco,0,0,0
2708,2025,31078794,São José do Mantimento,17,42.857142857142854,🟡 Médio Risco,0,0,0
2709,2025,31078786,São José do Mantimento,20,42.857142857142854,🟡 Médio Risco,0,0,0
2710,2025,31078778,São José do Mantimento,13,42.857142857142854,🟡 Médio Risco,0,0,0
2711,2025,31079197,Simonésia,15,42.857142857142854,🟡 Médio Risco,0,0,0
2712,2025,31079189,Simonésia,90,42.857142857142854,🟡 Médio Risco,0,0,0
2713,2025,31079171,Simonésia,23,42.857142857142854,🟡 Médio Risco,0,0,0
2714,2025,31079162,Simonésia,72,42.857142857142854,🟡 Médio Risco,0,0,0
2715,2025,31079146,Simonésia,12,42.857142857142854,🟡 Médio Risco,0,0,0
2716,2025,31260339,Lagoa Formosa,322,42.857142857142854,🟡 Médio Risco,0,0,0
2717,2025,31260321,Mariana,87,42.857142857142854,🟡 Médio Risco,0,0,0
2718,2025,31260266,Orizânia,51,42.857142857142854,🟡 Médio Risco,0,0,0
2719,2025,31260223,Orizânia,100,42.857142857142854,🟡 Médio Risco,0,0,0
2720,2025,31260169,Oliveira Fortes,59,42.857142857142854,🟡 Médio Risco,0,0,0
2721,2025,31260037,Santa Luzia,1074,42.857142857142854,🟡 Médio Risco,0,0,0
2722,2025,31260002,Pirapora,78,42.857142857142854,🟡 Médio Risco,0,0,0
2723,2025,31259993,Pirapora,110,42.857142857142854,🟡 Médio Risco,0,0,0
2724,2025,31259977,Pirapora,93,42.857142857142854,🟡 Médio Risco,0,0,0
2725,2025,31259969,Pirapora,34,42.857142857142854,🟡 Médio Risco,0,0,0
2726,2025,31259951,Pirapora,75,42.857142857142854,🟡 Médio Risco,0,0,0
2727,2025,31259942,Pirapora,60,42.857142857142854,🟡 Médio Risco,0,0,0
2728,2025,31259888,Campanário,131,42.857142857142854,🟡 Médio Risco,0,0,0
2729,2025,31259853,Nova Lima,61,42.857142857142854,🟡 Médio Risco,0,0,0
2730,2025,31259845,Caeté,60,42.857142857142854,🟡 Médio Risco,0,0,0
2731,2025,31259691,Três Marias,52,42.857142857142854,🟡 Médio Risco,0,0,0
2732,2025,31259683,Planura,246,42.857142857142854,🟡 Médio Risco,0,0,0
2733,2025,31259616,Virgínia,251,42.857142857142854,🟡 Médio Risco,0,0,0
2734,2025,31259543,Ponte Nova,209,42.857142857142854,🟡 Médio Risco,0,0,0
2735,2025,31259535,Ponte Nova,129,42.857142857142854,🟡 Médio Risco,0,0,0
2736,2025,31259233,Juiz de Fora,166,42.857142857142854,🟡 Médio Risco,0,0,0
2737,2025,31259080,Santo Antônio do Retiro,148,42.857142857142854,🟡 Médio Risco,0,0,0
2738,2025,31259071,São José do Divino,201,42.857142857142854,🟡 Médio Risco,0,0,0
2739,2025,31258971,Abre Campo,710,42.857142857142854,🟡 Médio Risco,0,0,0
2740,2025,31258890,Barão de Cocais,320,42.857142857142854,🟡 Médio Risco,0,0,0
2741,2025,31258784,São José da Lapa,310,42.857142857142854,🟡 Médio Risco,0,0,0
2742,2025,31258741,Juatuba,306,42.857142857142854,🟡 Médio Risco,0,0,0
2743,2025,31079766,Buritizeiro,26,42.857142857142854,🟡 Médio Risco,0,0,0
2744,2025,31258661,Barão de Cocais,74,42.857142857142854,🟡 Médio Risco,0,0,0
2745,2025,31257761,Japonvar,67,42.857142857142854,🟡 Médio Risco,0,0,0
2746,2025,31257753,Luislândia,24,42.857142857142854,🟡 Médio Risco,0,0,0
2747,2025,31257737,Campo Azul,63,42.857142857142854,🟡 Médio Risco,0,0,0
2748,2025,31257729,Brasília de Minas,101,42.857142857142854,🟡 Médio Risco,0,0,0
2749,2025,31257702,Brasília de Minas,538,42.857142857142854,🟡 Médio Risco,0,0,0
2750,2025,31257699,Brasília de Minas,246,42.857142857142854,🟡 Médio Risco,0,0,0
2751,2025,31257346,Itabirinha,608,42.857142857142854,🟡 Médio Risco,0,0,0
2752,2025,31257338,Alpercata,111,42.857142857142854,🟡 Médio Risco,0,0,0
2753,2025,31257290,São João da Mata,64,42.857142857142854,🟡 Médio Risco,0,0,0
2754,2025,31257231,Itajubá,315,42.857142857142854,🟡 Médio Risco,0,0,0
2755,2025,31257222,Itajubá,669,42.857142857142854,🟡 Médio Risco,0,0,0
2756,2025,31257176,Itajubá,88,42.857142857142854,🟡 Médio Risco,0,0,0
2757,2025,31257079,Andradas,249,42.857142857142854,🟡 Médio Risco,0,0,0
2758,2025,31257001,Paulistas,103,42.857142857142854,🟡 Médio Risco,0,0,0
2759,2025,31256978,Fervedouro,29,42.857142857142854,🟡 Médio Risco,0,0,0
2760,2025,31080071,Engenheiro Navarro,269,42.857142857142854,🟡 Médio Risco,0,0,0
2761,2025,31080063,Engenheiro Navarro,55,42.857142857142854,🟡 Médio Risco,0,0,0
2762,2025,31256854,Joaíma,62,42.857142857142854,🟡 Médio Risco,0,0,0
2763,2025,31256820,Poços de Caldas,315,42.857142857142854,🟡 Médio Risco,0,0,0
2764,2025,31256803,Poços de Caldas,155,42.857142857142854,🟡 Médio Risco,0,0,0
2765,2025,31256790,Poços de Caldas,72,42.857142857142854,🟡 Médio Risco,0,0,0
2766,2025,31256781,Poços de Caldas,66,42.857142857142854,🟡 Médio Risco,0,0,0
2767,2025,31256765,Poços de Caldas,85,42.857142857142854,🟡 Médio Risco,0,0,0
2768,2025,31256757,Poços de Caldas,211,42.857142857142854,🟡 Médio Risco,0,0,0
2769,2025,31256749,Poços de Caldas,88,42.857142857142854,🟡 Médio Risco,0,0,0
2770,2025,31256722,Poços de Caldas,192,42.857142857142854,🟡 Médio Risco,0,0,0
2771,2025,31256706,Poços de Caldas,171,42.857142857142854,🟡 Médio Risco,0,0,0
2772,2025,31256668,Poços de Caldas,184,42.857142857142854,🟡 Médio Risco,0,0,0
2773,2025,31256650,Poços de Caldas,88,42.857142857142854,🟡 Médio Risco,0,0,0
2774,2025,31256641,Poços de Caldas,135,42.857142857142854,🟡 Médio Risco,0,0,0
2775,2025,31256633,Poços de Caldas,96,42.857142857142854,🟡 Médio Risco,0,0,0
2776,2025,31256625,Poços de Caldas,41,42.857142857142854,🟡 Médio Risco,0,0,0
2777,2025,31256579,Poços de Caldas,83,42.857142857142854,🟡 Médio Risco,0,0,0
2778,2025,31256561,Poços de Caldas,150,42.857142857142854,🟡 Médio Risco,0,0,0
2779,2025,31256552,Poços de Caldas,50,42.857142857142854,🟡 Médio Risco,0,0,0
2780,2025,31256544,Poços de Caldas,96,42.857142857142854,🟡 Médio Risco,0,0,0
2781,2025,31256536,Poços de Caldas,129,42.857142857142854,🟡 Médio Risco,0,0,0
2782,2025,31256510,Poços de Caldas,131,42.857142857142854,🟡 Médio Risco,0,0,0
2783,2025,31256498,Poços de Caldas,56,42.857142857142854,🟡 Médio Risco,0,0,0
2784,2025,31256404,Botelhos,80,42.857142857142854,🟡 Médio Risco,0,0,0
2785,2025,31256064,Conselheiro Pena,60,42.857142857142854,🟡 Médio Risco,0,0,0
2786,2025,31255726,Monte Azul,59,42.857142857142854,🟡 Médio Risco,0,0,0
2787,2025,31255696,Monte Azul,11,42.857142857142854,🟡 Médio Risco,0,0,0
2788,2025,31255688,Monte Azul,304,42.857142857142854,🟡 Médio Risco,0,0,0
2789,2025,31255572,Arinos,150,42.857142857142854,🟡 Médio Risco,0,0,0
2790,2025,31255530,Bueno Brandão,162,42.857142857142854,🟡 Médio Risco,0,0,0
2791,2025,31255351,Morro da Garça,85,42.857142857142854,🟡 Médio Risco,0,0,0
2792,2025,31255343,Joaquim Felício,174,42.857142857142854,🟡 Médio Risco,0,0,0
2793,2025,31255327,Cana Verde,375,42.857142857142854,🟡 Médio Risco,0,0,0
2794,2025,31255173,Montes Claros,173,42.857142857142854,🟡 Médio Risco,0,0,0
2795,2025,31255131,Uberlândia,115,42.857142857142854,🟡 Médio Risco,0,0,0
2796,2025,31255084,Cipotânea,122,42.857142857142854,🟡 Médio Risco,0,0,0
2797,2025,31254991,Iturama,27,42.857142857142854,🟡 Médio Risco,0,0,0
2798,2025,31254924,Sete Lagoas,163,42.857142857142854,🟡 Médio Risco,0,0,0
2799,2025,31254606,Curvelo,19,42.857142857142854,🟡 Médio Risco,0,0,0
2800,2025,31254517,Curvelo,81,42.857142857142854,🟡 Médio Risco,0,0,0
2801,2025,31254495,Curvelo,27,42.857142857142854,🟡 Médio Risco,0,0,0
2802,2025,31254461,Rio Doce,134,42.857142857142854,🟡 Médio Risco,0,0,0
2803,2025,31254193,Maravilhas,134,42.857142857142854,🟡 Médio Risco,0,0,0
2804,2025,31254151,Ribeirão das Neves,615,42.857142857142854,🟡 Médio Risco,0,0,0
2805,2025,31254142,Ribeirão das Neves,185,42.857142857142854,🟡 Médio Risco,0,0,0
2806,2025,31254134,Ribeirão das Neves,476,42.857142857142854,🟡 Médio Risco,0,0,0
2807,2025,31254061,Bela Vista de Minas,361,42.857142857142854,🟡 Médio Risco,0,0,0
2808,2025,31253456,Tiradentes,72,42.857142857142854,🟡 Médio Risco,0,0,0
2809,2025,31253375,Arcos,616,42.857142857142854,🟡 Médio Risco,0,0,0
2810,2025,31253359,Urucânia,220,42.857142857142854,🟡 Médio Risco,0,0,0
2811,2025,31253286,Pitangui,431,42.857142857142854,🟡 Médio Risco,0,0,0
2812,2025,31253201,Piedade do Rio Grande,170,42.857142857142854,🟡 Médio Risco,0,0,0
2813,2025,31253171,Capela Nova,10,42.857142857142854,🟡 Médio Risco,0,0,0
2814,2025,31253146,São Joaquim de Bicas,40,42.857142857142854,🟡 Médio Risco,0,0,0
2815,2025,31253111,Esmeraldas,249,42.857142857142854,🟡 Médio Risco,0,0,0
2816,2025,31253081,Januária,183,42.857142857142854,🟡 Médio Risco,0,0,0
2817,2025,31253031,Contagem,156,42.857142857142854,🟡 Médio Risco,0,0,0
2818,2025,31252981,Riachinho,11,42.857142857142854,🟡 Médio Risco,0,0,0
2819,2025,31252964,Riachinho,8,42.857142857142854,🟡 Médio Risco,0,0,0
2820,2025,31252859,São José da Varginha,102,42.857142857142854,🟡 Médio Risco,0,0,0
2821,2025,31252603,Santa Rita de Ibitipoca,60,42.857142857142854,🟡 Médio Risco,0,0,0
2822,2025,31252590,Santa Rita de Ibitipoca,7,42.857142857142854,🟡 Médio Risco,0,0,0
2823,2025,31252573,Bias Fortes,58,42.857142857142854,🟡 Médio Risco,0,0,0
2824,2025,31252549,Antônio Carlos,244,42.857142857142854,🟡 Médio Risco,0,0,0
2825,2025,31081183,Monte Azul,43,42.857142857142854,🟡 Médio Risco,0,0,0
2826,2025,31252514,Antônio Carlos,50,42.857142857142854,🟡 Médio Risco,0,0,0
2827,2025,31252450,Senhora dos Remédios,17,42.857142857142854,🟡 Médio Risco,0,0,0
2828,2025,31252361,Cataguases,70,42.857142857142854,🟡 Médio Risco,0,0,0
2829,2025,31252328,Matutina,122,42.857142857142854,🟡 Médio Risco,0,0,0
2830,2025,31251895,Monte Carmelo,149,42.857142857142854,🟡 Médio Risco,0,0,0
2831,2025,31251836,Andradas,500,42.857142857142854,🟡 Médio Risco,0,0,0
2832,2025,31251739,Felisburgo,144,42.857142857142854,🟡 Médio Risco,0,0,0
2833,2025,31251666,Barão do Monte Alto,40,42.857142857142854,🟡 Médio Risco,0,0,0
2834,2025,31251658,Santa Vitória,223,42.857142857142854,🟡 Médio Risco,0,0,0
2835,2025,31251607,Visconde do Rio Branco,383,42.857142857142854,🟡 Médio Risco,0,0,0
2836,2025,31251585,Santa Maria do Salto,125,42.857142857142854,🟡 Médio Risco,0,0,0
2837,2025,31251526,Mirabela,46,42.857142857142854,🟡 Médio Risco,0,0,0
2838,2025,31251381,Felisburgo,187,42.857142857142854,🟡 Médio Risco,0,0,0
2839,2025,31251097,Muzambinho,194,42.857142857142854,🟡 Médio Risco,0,0,0
2840,2025,31251046,Pará de Minas,277,42.857142857142854,🟡 Médio Risco,0,0,0
2841,2025,31251020,Pará de Minas,398,42.857142857142854,🟡 Médio Risco,0,0,0
2842,2025,31250864,Itambacuri,135,42.857142857142854,🟡 Médio Risco,0,0,0
2843,2025,31250767,Montes Claros,267,42.857142857142854,🟡 Médio Risco,0,0,0
2844,2025,31250228,Itueta,27,42.857142857142854,🟡 Médio Risco,0,0,0
2845,2025,31250201,Itueta,130,42.857142857142854,🟡 Médio Risco,0,0,0
2846,2025,31250198,Fernandes Tourinho,106,42.857142857142854,🟡 Médio Risco,0,0,0
2847,2025,31250171,Nova Módica,95,42.857142857142854,🟡 Médio Risco,0,0,0
2848,2025,31250163,Açucena,132,42.857142857142854,🟡 Médio Risco,0,0,0
2849,2025,31249971,Itajubá,325,42.857142857142854,🟡 Médio Risco,0,0,0
2850,2025,31249891,Francisco Sá,132,42.857142857142854,🟡 Médio Risco,0,0,0
2851,2025,31249882,Francisco Sá,70,42.857142857142854,🟡 Médio Risco,0,0,0
2852,2025,31249840,Salinas,194,42.857142857142854,🟡 Médio Risco,0,0,0
2853,2025,31249831,Novorizonte,15,42.857142857142854,🟡 Médio Risco,0,0,0
2854,2025,31249807,Salinas,108,42.857142857142854,🟡 Médio Risco,0,0,0
2855,2025,31249734,Salinas,202,42.857142857142854,🟡 Médio Risco,0,0,0
2856,2025,31249653,Leopoldina,106,42.857142857142854,🟡 Médio Risco,0,0,0
2857,2025,31249645,Leopoldina,85,42.857142857142854,🟡 Médio Risco,0,0,0
2858,2025,31249637,Leopoldina,11,42.857142857142854,🟡 Médio Risco,0,0,0
2859,2025,31249629,Leopoldina,81,42.857142857142854,🟡 Médio Risco,0,0,0
2860,2025,31249611,Leopoldina,36,42.857142857142854,🟡 Médio Risco,0,0,0
2861,2025,31249246,Paracatu,766,42.857142857142854,🟡 Médio Risco,0,0,0
2862,2025,31249017,São João Evangelista,241,42.857142857142854,🟡 Médio Risco,0,0,0
2863,2025,31249009,Carmésia,40,42.857142857142854,🟡 Médio Risco,0,0,0
2864,2025,31248827,Chapada Gaúcha,9,42.857142857142854,🟡 Médio Risco,0,0,0
2865,2025,31248801,São Francisco,19,42.857142857142854,🟡 Médio Risco,0,0,0
2866,2025,31248584,Chapada Gaúcha,160,42.857142857142854,🟡 Médio Risco,0,0,0
2867,2025,31248576,Chapada Gaúcha,7,42.857142857142854,🟡 Médio Risco,0,0,0
2868,2025,31081728,Montes Claros,253,42.857142857142854,🟡 Médio Risco,0,0,0
2869,2025,31248452,Lagoa Santa,116,42.857142857142854,🟡 Médio Risco,0,0,0
2870,2025,31248436,Ubaporanga,80,42.857142857142854,🟡 Médio Risco,0,0,0
2871,2025,31248274,Espera Feliz,10,42.857142857142854,🟡 Médio Risco,0,0,0
2872,2025,31248240,Espera Feliz,15,42.857142857142854,🟡 Médio Risco,0,0,0
2873,2025,31248231,Espera Feliz,15,42.857142857142854,🟡 Médio Risco,0,0,0
2874,2025,31248169,Pocrane,183,42.857142857142854,🟡 Médio Risco,0,0,0
2875,2025,31248100,Carmópolis de Minas,304,42.857142857142854,🟡 Médio Risco,0,0,0
2876,2025,31248011,Espera Feliz,9,42.857142857142854,🟡 Médio Risco,0,0,0
2877,2025,31248002,Espera Feliz,11,42.857142857142854,🟡 Médio Risco,0,0,0
2878,2025,31247901,Jacutinga,512,42.857142857142854,🟡 Médio Risco,0,0,0
2879,2025,31247839,Ipaba,95,42.857142857142854,🟡 Médio Risco,0,0,0
2880,2025,31247669,Mato Verde,4,42.857142857142854,🟡 Médio Risco,0,0,0
2881,2025,31247502,Pratápolis,161,42.857142857142854,🟡 Médio Risco,0,0,0
2882,2025,31247332,Jacuí,403,42.857142857142854,🟡 Médio Risco,0,0,0
2883,2025,31246999,Cedro do Abaeté,39,42.857142857142854,🟡 Médio Risco,0,0,0
2884,2025,31246981,Pará de Minas,304,42.857142857142854,🟡 Médio Risco,0,0,0
2885,2025,31246727,Várzea da Palma,248,42.857142857142854,🟡 Médio Risco,0,0,0
2886,2025,31246719,Santa Fé de Minas,116,42.857142857142854,🟡 Médio Risco,0,0,0
2887,2025,31246662,Lagoa dos Patos,168,42.857142857142854,🟡 Médio Risco,0,0,0
2888,2025,31246654,Jequitaí,251,42.857142857142854,🟡 Médio Risco,0,0,0
2889,2025,31246638,Buritizeiro,209,42.857142857142854,🟡 Médio Risco,0,0,0
2890,2025,31246620,Buritizeiro,82,42.857142857142854,🟡 Médio Risco,0,0,0
2891,2025,31246581,Borda da Mata,403,42.857142857142854,🟡 Médio Risco,0,0,0
2892,2025,31246557,Matozinhos,698,42.857142857142854,🟡 Médio Risco,0,0,0
2893,2025,31246549,Matozinhos,222,42.857142857142854,🟡 Médio Risco,0,0,0
2894,2025,31246387,Resplendor,45,42.857142857142854,🟡 Médio Risco,0,0,0
2895,2025,31246271,Januária,36,42.857142857142854,🟡 Médio Risco,0,0,0
2896,2025,31245941,Muriaé,159,42.857142857142854,🟡 Médio Risco,0,0,0
2897,2025,31082091,Porteirinha,233,42.857142857142854,🟡 Médio Risco,0,0,0
2898,2025,31245607,Estrela do Sul,82,42.857142857142854,🟡 Médio Risco,0,0,0
2899,2025,31245593,Estrela do Sul,118,42.857142857142854,🟡 Médio Risco,0,0,0
2900,2025,31245569,Grupiara,51,42.857142857142854,🟡 Médio Risco,0,0,0
2901,2025,31245542,Cascalho Rico,28,42.857142857142854,🟡 Médio Risco,0,0,0
2902,2025,31245453,Nanuque,107,42.857142857142854,🟡 Médio Risco,0,0,0
2903,2025,31245437,Nanuque,138,42.857142857142854,🟡 Médio Risco,0,0,0
2904,2025,31245429,Nanuque,101,42.857142857142854,🟡 Médio Risco,0,0,0
2905,2025,31245402,Nanuque,34,42.857142857142854,🟡 Médio Risco,0,0,0
2906,2025,31245267,Ewbank da Câmara,218,42.857142857142854,🟡 Médio Risco,0,0,0
2907,2025,31245186,Bom Jardim de Minas,215,42.857142857142854,🟡 Médio Risco,0,0,0
2908,2025,31244775,Arcos,280,42.857142857142854,🟡 Médio Risco,0,0,0
2909,2025,31244562,Curral de Dentro,86,42.857142857142854,🟡 Médio Risco,0,0,0
2910,2025,31244554,Águas Vermelhas,25,42.857142857142854,🟡 Médio Risco,0,0,0
2911,2025,31244503,Eugenópolis,90,42.857142857142854,🟡 Médio Risco,0,0,0
2912,2025,31244350,Rio Vermelho,228,42.857142857142854,🟡 Médio Risco,0,0,0
2913,2025,31244341,Rio Vermelho,14,42.857142857142854,🟡 Médio Risco,0,0,0
2914,2025,31082279,Indaiabira,42,42.857142857142854,🟡 Médio Risco,0,0,0
2915,2025,31082244,Rio Pardo de Minas,66,42.857142857142854,🟡 Médio Risco,0,0,0
2916,2025,31082201,Rio Pardo de Minas,45,42.857142857142854,🟡 Médio Risco,0,0,0
2917,2025,31243973,Rubim,41,42.857142857142854,🟡 Médio Risco,0,0,0
2918,2025,31243965,Santo Antônio do Jacinto,516,42.857142857142854,🟡 Médio Risco,0,0,0
2919,2025,31243957,Mariana,296,42.857142857142854,🟡 Médio Risco,0,0,0
2920,2025,31243922,Água Boa,29,42.857142857142854,🟡 Médio Risco,0,0,0
2921,2025,31243787,Muriaé,311,42.857142857142854,🟡 Médio Risco,0,0,0
2922,2025,31243680,Patis,97,42.857142857142854,🟡 Médio Risco,0,0,0
2923,2025,31243612,Jequitinhonha,22,42.857142857142854,🟡 Médio Risco,0,0,0
2924,2025,31243582,Jequitinhonha,147,42.857142857142854,🟡 Médio Risco,0,0,0
2925,2025,31243558,Jequitinhonha,89,42.857142857142854,🟡 Médio Risco,0,0,0
2926,2025,31243540,Jequitinhonha,192,42.857142857142854,🟡 Médio Risco,0,0,0
2927,2025,31243183,Caputira,337,42.857142857142854,🟡 Médio Risco,0,0,0
2928,2025,31243116,Januária,10,42.857142857142854,🟡 Médio Risco,0,0,0
2929,2025,31242985,Ponto dos Volantes,16,42.857142857142854,🟡 Médio Risco,0,0,0
2930,2025,31242934,Itinga,45,42.857142857142854,🟡 Médio Risco,0,0,0
2931,2025,31242870,Pescador,93,42.857142857142854,🟡 Médio Risco,0,0,0
2932,2025,31082481,Novorizonte,17,42.857142857142854,🟡 Médio Risco,0,0,0
2933,2025,31082376,Rio Pardo de Minas,172,42.857142857142854,🟡 Médio Risco,0,0,0
2934,2025,31082368,Rio Pardo de Minas,55,42.857142857142854,🟡 Médio Risco,0,0,0
2935,2025,31242748,Ibiracatu,13,42.857142857142854,🟡 Médio Risco,0,0,0
2936,2025,31242675,Salto da Divisa,109,42.857142857142854,🟡 Médio Risco,0,0,0
2937,2025,31242543,Pará de Minas,253,42.857142857142854,🟡 Médio Risco,0,0,0
2938,2025,31242519,Grão Mogol,231,42.857142857142854,🟡 Médio Risco,0,0,0
2939,2025,31242454,São José do Jacuri,114,42.857142857142854,🟡 Médio Risco,0,0,0
2940,2025,31242446,Santa Maria do Suaçuí,27,42.857142857142854,🟡 Médio Risco,0,0,0
2941,2025,31242438,Santa Maria do Suaçuí,215,42.857142857142854,🟡 Médio Risco,0,0,0
2942,2025,31242420,José Raydan,17,42.857142857142854,🟡 Médio Risco,0,0,0
2943,2025,31242403,Santa Maria do Suaçuí,19,42.857142857142854,🟡 Médio Risco,0,0,0
2944,2025,31242381,Dores de Guanhães,178,42.857142857142854,🟡 Médio Risco,0,0,0
2945,2025,31242365,Coluna,41,42.857142857142854,🟡 Médio Risco,0,0,0
2946,2025,31242331,Pará de Minas,260,42.857142857142854,🟡 Médio Risco,0,0,0
2947,2025,31242306,Divinópolis,319,42.857142857142854,🟡 Médio Risco,0,0,0
2948,2025,31241792,Santana do Manhuaçu,38,42.857142857142854,🟡 Médio Risco,0,0,0
2949,2025,31241784,Conceição de Ipanema,48,42.857142857142854,🟡 Médio Risco,0,0,0
2950,2025,31241717,Vieiras,26,42.857142857142854,🟡 Médio Risco,0,0,0
2951,2025,31241610,Campanha,85,42.857142857142854,🟡 Médio Risco,0,0,0
2952,2025,31241555,Elói Mendes,251,42.857142857142854,🟡 Médio Risco,0,0,0
2953,2025,31241482,Três Pontas,95,42.857142857142854,🟡 Médio Risco,0,0,0
2954,2025,31241466,Varginha,105,42.857142857142854,🟡 Médio Risco,0,0,0
2955,2025,31241458,Varginha,161,42.857142857142854,🟡 Médio Risco,0,0,0
2956,2025,31241440,Varginha,289,42.857142857142854,🟡 Médio Risco,0,0,0
2957,2025,31241431,Varginha,35,42.857142857142854,🟡 Médio Risco,0,0,0
2958,2025,31083062,Bocaiúva,42,42.857142857142854,🟡 Médio Risco,0,0,0
2959,2025,31082929,Várzea da Palma,348,42.857142857142854,🟡 Médio Risco,0,0,0
2960,2025,31241423,Varginha,245,42.857142857142854,🟡 Médio Risco,0,0,0
2961,2025,31241415,Varginha,195,42.857142857142854,🟡 Médio Risco,0,0,0
2962,2025,31241342,Muriaé,299,42.857142857142854,🟡 Médio Risco,0,0,0
2963,2025,31241296,Muriaé,237,42.857142857142854,🟡 Médio Risco,0,0,0
2964,2025,31241164,Barão do Monte Alto,10,42.857142857142854,🟡 Médio Risco,0,0,0
2965,2025,31240982,Ibirité,283,42.857142857142854,🟡 Médio Risco,0,0,0
2966,2025,31240923,Ataléia,15,42.857142857142854,🟡 Médio Risco,0,0,0
2967,2025,31240907,Ataléia,20,42.857142857142854,🟡 Médio Risco,0,0,0
2968,2025,31240893,Ataléia,15,42.857142857142854,🟡 Médio Risco,0,0,0
2969,2025,31240869,Ataléia,76,42.857142857142854,🟡 Médio Risco,0,0,0
2970,2025,31240851,Ataléia,8,42.857142857142854,🟡 Médio Risco,0,0,0
2971,2025,31240842,Ataléia,36,42.857142857142854,🟡 Médio Risco,0,0,0
2972,2025,31240770,Guaranésia,60,42.857142857142854,🟡 Médio Risco,0,0,0
2973,2025,31084298,Brasília de Minas,9,42.857142857142854,🟡 Médio Risco,0,0,0
2974,2025,31084280,Luislândia,39,42.857142857142854,🟡 Médio Risco,0,0,0
2975,2025,31084271,Brasília de Minas,10,42.857142857142854,🟡 Médio Risco,0,0,0
2976,2025,31084158,Campo Azul,35,42.857142857142854,🟡 Médio Risco,0,0,0
2977,2025,31083984,Brasília de Minas,31,42.857142857142854,🟡 Médio Risco,0,0,0
2978,2025,31083895,Campo Azul,4,42.857142857142854,🟡 Médio Risco,0,0,0
2979,2025,31083887,Brasília de Minas,33,42.857142857142854,🟡 Médio Risco,0,0,0
2980,2025,31083607,Bocaiúva,46,42.857142857142854,🟡 Médio Risco,0,0,0
2981,2025,31240265,Capim Branco,267,42.857142857142854,🟡 Médio Risco,0,0,0
2982,2025,31240176,Montes Claros,21,42.857142857142854,🟡 Médio Risco,0,0,0
2983,2025,31240061,Serranópolis de Minas,13,42.857142857142854,🟡 Médio Risco,0,0,0
2984,2025,31239861,Porteirinha,62,42.857142857142854,🟡 Médio Risco,0,0,0
2985,2025,31239551,Sarzedo,155,42.857142857142854,🟡 Médio Risco,0,0,0
2986,2025,31239542,Ibirité,412,42.857142857142854,🟡 Médio Risco,0,0,0
2987,2025,31239470,Betim,658,42.857142857142854,🟡 Médio Risco,0,0,0
2988,2025,31084921,Buritizeiro,14,42.857142857142854,🟡 Médio Risco,0,0,0
2989,2025,31084689,Buritizeiro,20,42.857142857142854,🟡 Médio Risco,0,0,0
2990,2025,31084573,Buritizeiro,91,42.857142857142854,🟡 Médio Risco,0,0,0
2991,2025,31084522,Buritizeiro,17,42.857142857142854,🟡 Médio Risco,0,0,0
2992,2025,31084492,Buritizeiro,25,42.857142857142854,🟡 Médio Risco,0,0,0
2993,2025,31084352,Luislândia,31,42.857142857142854,🟡 Médio Risco,0,0,0
2994,2025,31084344,Japonvar,63,42.857142857142854,🟡 Médio Risco,0,0,0
2995,2025,31239160,Vargem Grande do Rio Pardo,97,42.857142857142854,🟡 Médio Risco,0,0,0
2996,2025,31239127,Coqueiral,26,42.857142857142854,🟡 Médio Risco,0,0,0
2997,2025,31238945,Ribeirão das Neves,851,42.857142857142854,🟡 Médio Risco,0,0,0
2998,2025,31238899,Josenópolis,15,42.857142857142854,🟡 Médio Risco,0,0,0
2999,2025,31238317,Divisópolis,7,42.857142857142854,🟡 Médio Risco,0,0,0
3000,2025,31382612,Liberdade,105,42.857142857142854,🟡 Médio Risco,0,0,0
3001,2025,31382590,Amparo do Serra,30,42.857142857142854,🟡 Médio Risco,0,0,0
3002,2025,31382566,Carmésia,79,42.857142857142854,🟡 Médio Risco,0,0,0
3003,2025,31382558,São João das Missões,148,42.857142857142854,🟡 Médio Risco,0,0,0
3004,2025,31126799,Ipuiúna,28,42.857142857142854,🟡 Médio Risco,0,0,0
3005,2025,31002666,Belo Horizonte,144,42.857142857142854,🟡 Médio Risco,0,0,0
3006,2025,31382310,Guanhães,56,42.857142857142854,🟡 Médio Risco,0,0,0
3007,2025,31382264,Mateus Leme,657,42.857142857142854,🟡 Médio Risco,0,0,0
3008,2025,31382205,Juiz de Fora,141,42.857142857142854,🟡 Médio Risco,0,0,0
3009,2025,31382159,Poços de Caldas,109,42.857142857142854,🟡 Médio Risco,0,0,0
3010,2025,31382140,Conselheiro Lafaiete,116,42.857142857142854,🟡 Médio Risco,0,0,0
3011,2025,31382132,Conselheiro Lafaiete,45,42.857142857142854,🟡 Médio Risco,0,0,0
3012,2025,31382124,Conselheiro Lafaiete,63,42.857142857142854,🟡 Médio Risco,0,0,0
3013,2025,31382116,Conselheiro Lafaiete,25,42.857142857142854,🟡 Médio Risco,0,0,0
3014,2025,31382108,Conselheiro Lafaiete,74,42.857142857142854,🟡 Médio Risco,0,0,0
3015,2025,31382094,Conselheiro Lafaiete,117,42.857142857142854,🟡 Médio Risco,0,0,0
3016,2025,31238201,Araponga,110,42.857142857142854,🟡 Médio Risco,0,0,0
3017,2025,31238066,Igarapé,222,42.857142857142854,🟡 Médio Risco,0,0,0
3018,2025,31237884,Águas Vermelhas,60,42.857142857142854,🟡 Médio Risco,0,0,0
3019,2025,31237868,Águas Vermelhas,8,42.857142857142854,🟡 Médio Risco,0,0,0
3020,2025,31237485,Jaíba,15,42.857142857142854,🟡 Médio Risco,0,0,0
3021,2025,31085952,Cristália,7,42.857142857142854,🟡 Médio Risco,0,0,0
3022,2025,31085600,Coração de Jesus,8,42.857142857142854,🟡 Médio Risco,0,0,0
3023,2025,31085570,Coração de Jesus,11,42.857142857142854,🟡 Médio Risco,0,0,0
3024,2025,31085499,Coração de Jesus,12,42.857142857142854,🟡 Médio Risco,0,0,0
3025,2025,31085481,Coração de Jesus,15,42.857142857142854,🟡 Médio Risco,0,0,0
3026,2025,31237078,Araxá,88,42.857142857142854,🟡 Médio Risco,0,0,0
3027,2025,31236993,Betim,96,42.857142857142854,🟡 Médio Risco,0,0,0
3028,2025,31236853,Pedro Leopoldo,29,42.857142857142854,🟡 Médio Risco,0,0,0
3029,2025,31236829,Juatuba,466,42.857142857142854,🟡 Médio Risco,0,0,0
3030,2025,31236811,Juatuba,356,42.857142857142854,🟡 Médio Risco,0,0,0
3031,2025,31236781,Pedro Leopoldo,65,42.857142857142854,🟡 Médio Risco,0,0,0
3032,2025,31236713,São João del Rei,29,42.857142857142854,🟡 Médio Risco,0,0,0
3033,2025,31236624,Berilo,90,42.857142857142854,🟡 Médio Risco,0,0,0
3034,2025,31086711,Espinosa,99,42.857142857142854,🟡 Médio Risco,0,0,0
3035,2025,31086321,Espinosa,30,42.857142857142854,🟡 Médio Risco,0,0,0
3036,2025,31086282,Espinosa,24,42.857142857142854,🟡 Médio Risco,0,0,0
3037,2025,31086240,Espinosa,16,42.857142857142854,🟡 Médio Risco,0,0,0
3038,2025,31236438,Minas Novas,7,42.857142857142854,🟡 Médio Risco,0,0,0
3039,2025,31236322,Santana dos Montes,94,42.857142857142854,🟡 Médio Risco,0,0,0
3040,2025,31236209,Ubá,151,42.857142857142854,🟡 Médio Risco,0,0,0
3041,2025,31236195,Governador Valadares,232,42.857142857142854,🟡 Médio Risco,0,0,0
3042,2025,31236161,São José do Alegre,176,42.857142857142854,🟡 Médio Risco,0,0,0
3043,2025,31236098,Padre Paraíso,51,42.857142857142854,🟡 Médio Risco,0,0,0
3044,2025,31236021,Ponto dos Volantes,12,42.857142857142854,🟡 Médio Risco,0,0,0
3045,2025,31235962,São José da Varginha,6,42.857142857142854,🟡 Médio Risco,0,0,0
3046,2025,31087360,Grão Mogol,61,42.857142857142854,🟡 Médio Risco,0,0,0
3047,2025,31087343,Grão Mogol,25,42.857142857142854,🟡 Médio Risco,0,0,0
3048,2025,31087297,Grão Mogol,67,42.857142857142854,🟡 Médio Risco,0,0,0
3049,2025,31087041,Francisco Sá,29,42.857142857142854,🟡 Médio Risco,0,0,0
3050,2025,31086924,Francisco Sá,81,42.857142857142854,🟡 Médio Risco,0,0,0
3051,2025,31235954,São José da Varginha,6,42.857142857142854,🟡 Médio Risco,0,0,0
3052,2025,31235903,Divinópolis,185,42.857142857142854,🟡 Médio Risco,0,0,0
3053,2025,31235831,Santana dos Montes,15,42.857142857142854,🟡 Médio Risco,0,0,0
3054,2025,31235661,Fronteira dos Vales,94,42.857142857142854,🟡 Médio Risco,0,0,0
3055,2025,31235644,Nova Lima,382,42.857142857142854,🟡 Médio Risco,0,0,0
3056,2025,31235636,Piedade dos Gerais,139,42.857142857142854,🟡 Médio Risco,0,0,0
3057,2025,31235601,São Joaquim de Bicas,281,42.857142857142854,🟡 Médio Risco,0,0,0
3058,2025,31235547,Caeté,275,42.857142857142854,🟡 Médio Risco,0,0,0
3059,2025,31088242,Verdelândia,40,42.857142857142854,🟡 Médio Risco,0,0,0
3060,2025,31088021,Janaúba,65,42.857142857142854,🟡 Médio Risco,0,0,0
3061,2025,31087971,Janaúba,19,42.857142857142854,🟡 Médio Risco,0,0,0
3062,2025,31235130,São Gonçalo do Rio Abaixo,44,42.857142857142854,🟡 Médio Risco,0,0,0
3063,2025,31234770,Simonésia,24,42.857142857142854,🟡 Médio Risco,0,0,0
3064,2025,31234648,São Joaquim de Bicas,78,42.857142857142854,🟡 Médio Risco,0,0,0
3065,2025,31234613,Juatuba,293,42.857142857142854,🟡 Médio Risco,0,0,0
3066,2025,31234583,Caeté,180,42.857142857142854,🟡 Médio Risco,0,0,0
3067,2025,31234532,Bocaina de Minas,79,42.857142857142854,🟡 Médio Risco,0,0,0
3068,2025,31234371,Brumadinho,110,42.857142857142854,🟡 Médio Risco,0,0,0
3069,2025,31233889,Três Marias,129,42.857142857142854,🟡 Médio Risco,0,0,0
3070,2025,31233625,Caratinga,156,42.857142857142854,🟡 Médio Risco,0,0,0
3071,2025,31233609,Caratinga,368,42.857142857142854,🟡 Médio Risco,0,0,0
3072,2025,31089613,Monte Azul,14,42.857142857142854,🟡 Médio Risco,0,0,0
3073,2025,31089567,Mirabela,71,42.857142857142854,🟡 Médio Risco,0,0,0
3074,2025,31089133,Mato Verde,21,42.857142857142854,🟡 Médio Risco,0,0,0
3075,2025,31088820,Lassance,31,42.857142857142854,🟡 Médio Risco,0,0,0
3076,2025,31088439,Jequitaí,395,42.857142857142854,🟡 Médio Risco,0,0,0
3077,2025,31233463,Itacarambi,139,42.857142857142854,🟡 Médio Risco,0,0,0
3078,2025,31233455,São Vicente de Minas,255,42.857142857142854,🟡 Médio Risco,0,0,0
3079,2025,31233382,Curvelo,97,42.857142857142854,🟡 Médio Risco,0,0,0
3080,2025,31233234,Alfredo Vasconcelos,23,42.857142857142854,🟡 Médio Risco,0,0,0
3081,2025,31233218,Caparaó,73,42.857142857142854,🟡 Médio Risco,0,0,0
3082,2025,31233005,Piranguinho,120,42.857142857142854,🟡 Médio Risco,0,0,0
3083,2025,31232939,Juiz de Fora,138,42.857142857142854,🟡 Médio Risco,0,0,0
3084,2025,31232866,Juiz de Fora,168,42.857142857142854,🟡 Médio Risco,0,0,0
3085,2025,31232831,Juiz de Fora,137,42.857142857142854,🟡 Médio Risco,0,0,0
3086,2025,31232823,Juiz de Fora,182,42.857142857142854,🟡 Médio Risco,0,0,0
3087,2025,31232815,Juiz de Fora,146,42.857142857142854,🟡 Médio Risco,0,0,0
3088,2025,31232807,Juiz de Fora,134,42.857142857142854,🟡 Médio Risco,0,0,0
3089,2025,31232793,Juiz de Fora,118,42.857142857142854,🟡 Médio Risco,0,0,0
3090,2025,31232785,Juiz de Fora,124,42.857142857142854,🟡 Médio Risco,0,0,0
3091,2025,31232777,Juiz de Fora,147,42.857142857142854,🟡 Médio Risco,0,0,0
3092,2025,31232769,Juiz de Fora,165,42.857142857142854,🟡 Médio Risco,0,0,0
3093,2025,31232751,Juiz de Fora,112,42.857142857142854,🟡 Médio Risco,0,0,0
3094,2025,31090077,Montes Claros,50,42.857142857142854,🟡 Médio Risco,0,0,0
3095,2025,31089796,Gameleiras,124,42.857142857142854,🟡 Médio Risco,0,0,0
3096,2025,31089753,Monte Azul,51,42.857142857142854,🟡 Médio Risco,0,0,0
3097,2025,31089737,Jaíba,96,42.857142857142854,🟡 Médio Risco,0,0,0
3098,2025,31089729,Gameleiras,45,42.857142857142854,🟡 Médio Risco,0,0,0
3099,2025,31089711,Monte Azul,103,42.857142857142854,🟡 Médio Risco,0,0,0
3100,2025,31089699,Monte Azul,78,42.857142857142854,🟡 Médio Risco,0,0,0
3101,2025,31232742,Juiz de Fora,215,42.857142857142854,🟡 Médio Risco,0,0,0
3102,2025,31232734,Juiz de Fora,178,42.857142857142854,🟡 Médio Risco,0,0,0
3103,2025,31232726,Juiz de Fora,161,42.857142857142854,🟡 Médio Risco,0,0,0
3104,2025,31232700,Juiz de Fora,134,42.857142857142854,🟡 Médio Risco,0,0,0
3105,2025,31232556,São Tiago,56,42.857142857142854,🟡 Médio Risco,0,0,0
3106,2025,31232467,Paracatu,214,42.857142857142854,🟡 Médio Risco,0,0,0
3107,2025,31232441,Paracatu,179,42.857142857142854,🟡 Médio Risco,0,0,0
3108,2025,31232408,São Domingos do Prata,54,42.857142857142854,🟡 Médio Risco,0,0,0
3109,2025,31232378,Rio Piracicaba,259,42.857142857142854,🟡 Médio Risco,0,0,0
3110,2025,31232343,Rio Piracicaba,98,42.857142857142854,🟡 Médio Risco,0,0,0
3111,2025,31090735,Montes Claros,8,42.857142857142854,🟡 Médio Risco,0,0,0
3112,2025,31090671,Montes Claros,38,42.857142857142854,🟡 Médio Risco,0,0,0
3113,2025,31090611,Montes Claros,22,42.857142857142854,🟡 Médio Risco,0,0,0
3114,2025,31090603,Montes Claros,149,42.857142857142854,🟡 Médio Risco,0,0,0
3115,2025,31090522,Montes Claros,4,42.857142857142854,🟡 Médio Risco,0,0,0
3116,2025,31090433,Montes Claros,13,42.857142857142854,🟡 Médio Risco,0,0,0
3117,2025,31090409,Montes Claros,35,42.857142857142854,🟡 Médio Risco,0,0,0
3118,2025,31090352,Montes Claros,20,42.857142857142854,🟡 Médio Risco,0,0,0
3119,2025,31091421,Porteirinha,44,42.857142857142854,🟡 Médio Risco,0,0,0
3120,2025,31091120,Porteirinha,64,42.857142857142854,🟡 Médio Risco,0,0,0
3121,2025,31090921,Porteirinha,15,42.857142857142854,🟡 Médio Risco,0,0,0
3122,2025,31090841,Pirapora,352,42.857142857142854,🟡 Médio Risco,0,0,0
3123,2025,31090832,Pirapora,404,42.857142857142854,🟡 Médio Risco,0,0,0
3124,2025,31232238,Itabira,34,42.857142857142854,🟡 Médio Risco,0,0,0
3125,2025,31231797,Abre Campo,155,42.857142857142854,🟡 Médio Risco,0,0,0
3126,2025,31231771,Manhumirim,21,42.857142857142854,🟡 Médio Risco,0,0,0
3127,2025,31231681,Ibirité,968,42.857142857142854,🟡 Médio Risco,0,0,0
3128,2025,31231584,Itamarati de Minas,185,42.857142857142854,🟡 Médio Risco,0,0,0
3129,2025,31231487,Pedro Leopoldo,555,42.857142857142854,🟡 Médio Risco,0,0,0
3130,2025,31231428,Montes Claros,171,42.857142857142854,🟡 Médio Risco,0,0,0
3131,2025,31231398,Belo Oriente,240,42.857142857142854,🟡 Médio Risco,0,0,0
3132,2025,31231258,Riacho dos Machados,207,42.857142857142854,🟡 Médio Risco,0,0,0
3133,2025,31231193,Ibiá,68,42.857142857142854,🟡 Médio Risco,0,0,0
3134,2025,31231169,Entre Rios de Minas,22,42.857142857142854,🟡 Médio Risco,0,0,0
3135,2025,31231142,Itaverava,19,42.857142857142854,🟡 Médio Risco,0,0,0
3136,2025,31231045,São João del Rei,186,42.857142857142854,🟡 Médio Risco,0,0,0
3137,2025,31230553,Montes Claros,272,42.857142857142854,🟡 Médio Risco,0,0,0
3138,2025,31230537,Montes Claros,330,42.857142857142854,🟡 Médio Risco,0,0,0
3139,2025,31229679,Caiana,24,42.857142857142854,🟡 Médio Risco,0,0,0
3140,2025,31092151,Indaiabira,27,42.857142857142854,🟡 Médio Risco,0,0,0
3141,2025,31126756,Ipuiúna,34,42.857142857142854,🟡 Médio Risco,0,0,0
3142,2025,31091944,Riacho dos Machados,33,42.857142857142854,🟡 Médio Risco,0,0,0
3143,2025,31091871,Riacho dos Machados,22,42.857142857142854,🟡 Médio Risco,0,0,0
3144,2025,31229580,Paracatu,209,42.857142857142854,🟡 Médio Risco,0,0,0
3145,2025,31229571,Montes Claros,191,42.857142857142854,🟡 Médio Risco,0,0,0
3146,2025,31229563,Montes Claros,461,42.857142857142854,🟡 Médio Risco,0,0,0
3147,2025,31229555,Montes Claros,212,42.857142857142854,🟡 Médio Risco,0,0,0
3148,2025,31229547,Montes Claros,254,42.857142857142854,🟡 Médio Risco,0,0,0
3149,2025,31229539,Montes Claros,309,42.857142857142854,🟡 Médio Risco,0,0,0
3150,2025,31229521,Montes Claros,342,42.857142857142854,🟡 Médio Risco,0,0,0
3151,2025,31229512,Montes Claros,132,42.857142857142854,🟡 Médio Risco,0,0,0
3152,2025,31229504,Montes Claros,57,42.857142857142854,🟡 Médio Risco,0,0,0
3153,2025,31229458,Bicas,91,42.857142857142854,🟡 Médio Risco,0,0,0
3154,2025,31093165,Santa Cruz de Salinas,15,42.857142857142854,🟡 Médio Risco,0,0,0
3155,2025,31093084,Fruta de Leite,17,42.857142857142854,🟡 Médio Risco,0,0,0
3156,2025,31093009,Novorizonte,45,42.857142857142854,🟡 Médio Risco,0,0,0
3157,2025,31092606,Rubelita,11,42.857142857142854,🟡 Médio Risco,0,0,0
3158,2025,31092525,Rubelita,7,42.857142857142854,🟡 Médio Risco,0,0,0
3159,2025,31092231,Rio Pardo de Minas,43,42.857142857142854,🟡 Médio Risco,0,0,0
3160,2025,31092207,Rio Pardo de Minas,145,42.857142857142854,🟡 Médio Risco,0,0,0
3161,2025,31092193,Vargem Grande do Rio Pardo,172,42.857142857142854,🟡 Médio Risco,0,0,0
3162,2025,31093866,São João da Ponte,52,42.857142857142854,🟡 Médio Risco,0,0,0
3163,2025,31093823,São João da Ponte,21,42.857142857142854,🟡 Médio Risco,0,0,0
3164,2025,31093815,São João da Ponte,28,42.857142857142854,🟡 Médio Risco,0,0,0
3165,2025,31093777,São João da Ponte,13,42.857142857142854,🟡 Médio Risco,0,0,0
3166,2025,31093700,São João da Ponte,23,42.857142857142854,🟡 Médio Risco,0,0,0
3167,2025,31093475,Santa Cruz de Salinas,47,42.857142857142854,🟡 Médio Risco,0,0,0
3168,2025,31093386,Fruta de Leite,24,42.857142857142854,🟡 Médio Risco,0,0,0
3169,2025,31229261,Conceição do Rio Verde,153,42.857142857142854,🟡 Médio Risco,0,0,0
3170,2025,31229091,Araçaí,49,42.857142857142854,🟡 Médio Risco,0,0,0
3171,2025,31228923,Pedra Azul,52,42.857142857142854,🟡 Médio Risco,0,0,0
3172,2025,31228893,Carmo da Cachoeira,242,42.857142857142854,🟡 Médio Risco,0,0,0
3173,2025,31228885,Varginha,78,42.857142857142854,🟡 Médio Risco,0,0,0
3174,2025,31228621,Fronteira,145,42.857142857142854,🟡 Médio Risco,0,0,0
3175,2025,31383279,Campo Belo,160,42.857142857142854,🟡 Médio Risco,0,0,0
3176,2025,31383252,Januária,14,42.857142857142854,🟡 Médio Risco,0,0,0
3177,2025,31383228,Patos de Minas,185,42.857142857142854,🟡 Médio Risco,0,0,0
3178,2025,31383210,Volta Grande,122,42.857142857142854,🟡 Médio Risco,0,0,0
3179,2025,31383180,Ribeirão das Neves,119,42.857142857142854,🟡 Médio Risco,0,0,0
3180,2025,31383163,Timóteo,59,42.857142857142854,🟡 Médio Risco,0,0,0
3181,2025,31383155,Timóteo,132,42.857142857142854,🟡 Médio Risco,0,0,0
3182,2025,31383147,Ninheira,14,42.857142857142854,🟡 Médio Risco,0,0,0
3183,2025,31383007,Juiz de Fora,167,42.857142857142854,🟡 Médio Risco,0,0,0
3184,2025,31382990,Itaobim,126,42.857142857142854,🟡 Médio Risco,0,0,0
3185,2025,31382949,Coluna,87,42.857142857142854,🟡 Médio Risco,0,0,0
3186,2025,31382906,Ijaci,153,42.857142857142854,🟡 Médio Risco,0,0,0
3187,2025,31382884,Simonésia,209,42.857142857142854,🟡 Médio Risco,0,0,0
3188,2025,31382833,Patrocínio do Muriaé,70,42.857142857142854,🟡 Médio Risco,0,0,0
3189,2025,31382787,Cascalho Rico,32,42.857142857142854,🟡 Médio Risco,0,0,0
3190,2025,31382701,Delfim Moreira,60,42.857142857142854,🟡 Médio Risco,0,0,0
3191,2025,31228311,Guaxupé,227,42.857142857142854,🟡 Médio Risco,0,0,0
3192,2025,31228214,Paracatu,206,42.857142857142854,🟡 Médio Risco,0,0,0
3193,2025,31228184,Paracatu,100,42.857142857142854,🟡 Médio Risco,0,0,0
3194,2025,31228141,Paracatu,715,42.857142857142854,🟡 Médio Risco,0,0,0
3195,2025,31228044,Itabirito,137,42.857142857142854,🟡 Médio Risco,0,0,0
3196,2025,31228036,Itabirito,115,42.857142857142854,🟡 Médio Risco,0,0,0
3197,2025,31227994,Itabirito,218,42.857142857142854,🟡 Médio Risco,0,0,0
3198,2025,31094927,São João do Paraíso,67,42.857142857142854,🟡 Médio Risco,0,0,0
3199,2025,31094650,Ninheira,10,42.857142857142854,🟡 Médio Risco,0,0,0
3200,2025,31094641,Ninheira,21,42.857142857142854,🟡 Médio Risco,0,0,0
3201,2025,31094544,São João do Paraíso,53,42.857142857142854,🟡 Médio Risco,0,0,0
3202,2025,31094323,São João do Paraíso,195,42.857142857142854,🟡 Médio Risco,0,0,0
3203,2025,31094315,São João da Ponte,15,42.857142857142854,🟡 Médio Risco,0,0,0
3204,2025,31094234,São João da Ponte,12,42.857142857142854,🟡 Médio Risco,0,0,0
3205,2025,31094056,São João da Ponte,29,42.857142857142854,🟡 Médio Risco,0,0,0
3206,2025,31094048,São João da Ponte,33,42.857142857142854,🟡 Médio Risco,0,0,0
3207,2025,31094021,São João da Ponte,40,42.857142857142854,🟡 Médio Risco,0,0,0
3208,2025,31096083,Várzea da Palma,91,42.857142857142854,🟡 Médio Risco,0,0,0
3209,2025,31096041,Várzea da Palma,6,42.857142857142854,🟡 Médio Risco,0,0,0
3210,2025,31095966,Berizal,99,42.857142857142854,🟡 Médio Risco,0,0,0
3211,2025,31095745,Taiobeiras,42,42.857142857142854,🟡 Médio Risco,0,0,0
3212,2025,31095591,Riachinho,10,42.857142857142854,🟡 Médio Risco,0,0,0
3213,2025,31095290,São Romão,41,42.857142857142854,🟡 Médio Risco,0,0,0
3214,2025,31095052,Ninheira,6,42.857142857142854,🟡 Médio Risco,0,0,0
3215,2025,31094986,São João do Paraíso,43,42.857142857142854,🟡 Médio Risco,0,0,0
3216,2025,31094960,Ninheira,60,42.857142857142854,🟡 Médio Risco,0,0,0
3217,2025,31227986,Itabirito,147,42.857142857142854,🟡 Médio Risco,0,0,0
3218,2025,31227960,Mariana,1058,42.857142857142854,🟡 Médio Risco,0,0,0
3219,2025,31227676,Luislândia,104,42.857142857142854,🟡 Médio Risco,0,0,0
3220,2025,31227625,Capitão Enéas,85,42.857142857142854,🟡 Médio Risco,0,0,0
3221,2025,31227561,Santa Margarida,24,42.857142857142854,🟡 Médio Risco,0,0,0
3222,2025,31227552,Chalé,6,42.857142857142854,🟡 Médio Risco,0,0,0
3223,2025,31227510,Juiz de Fora,163,42.857142857142854,🟡 Médio Risco,0,0,0
3224,2025,31227501,Juiz de Fora,107,42.857142857142854,🟡 Médio Risco,0,0,0
3225,2025,31227471,Santos Dumont,63,42.857142857142854,🟡 Médio Risco,0,0,0
3226,2025,31227447,Santos Dumont,48,42.857142857142854,🟡 Médio Risco,0,0,0
3227,2025,31227374,Manga,209,42.857142857142854,🟡 Médio Risco,0,0,0
3228,2025,31227315,Montalvânia,10,42.857142857142854,🟡 Médio Risco,0,0,0
3229,2025,31227277,Cristina,115,42.857142857142854,🟡 Médio Risco,0,0,0
3230,2025,31096164,Várzea da Palma,59,42.857142857142854,🟡 Médio Risco,0,0,0
3231,2025,31227234,Conceição dos Ouros,191,42.857142857142854,🟡 Médio Risco,0,0,0
3232,2025,31227226,Maria da Fé,130,42.857142857142854,🟡 Médio Risco,0,0,0
3233,2025,31227196,Maria da Fé,225,42.857142857142854,🟡 Médio Risco,0,0,0
3234,2025,31227102,Divinópolis,197,42.857142857142854,🟡 Médio Risco,0,0,0
3235,2025,31227081,Onça de Pitangui,49,42.857142857142854,🟡 Médio Risco,0,0,0
3236,2025,31226971,Arcos,203,42.857142857142854,🟡 Médio Risco,0,0,0
3237,2025,31226840,Itamarandiba,8,42.857142857142854,🟡 Médio Risco,0,0,0
3238,2025,31226661,Inhapim,229,42.857142857142854,🟡 Médio Risco,0,0,0
3239,2025,31096911,Carangola,61,42.857142857142854,🟡 Médio Risco,0,0,0
3240,2025,31096776,Caiana,26,42.857142857142854,🟡 Médio Risco,0,0,0
3241,2025,31096768,Caiana,21,42.857142857142854,🟡 Médio Risco,0,0,0
3242,2025,31096750,Caiana,396,42.857142857142854,🟡 Médio Risco,0,0,0
3243,2025,31096741,Caiana,24,42.857142857142854,🟡 Médio Risco,0,0,0
3244,2025,31096733,Barão do Monte Alto,77,42.857142857142854,🟡 Médio Risco,0,0,0
3245,2025,31096717,Barão do Monte Alto,21,42.857142857142854,🟡 Médio Risco,0,0,0
3246,2025,31226424,Igarapé,479,42.857142857142854,🟡 Médio Risco,0,0,0
3247,2025,31226319,Igarapé,277,42.857142857142854,🟡 Médio Risco,0,0,0
3248,2025,31225860,Martinho Campos,140,42.857142857142854,🟡 Médio Risco,0,0,0
3249,2025,31225151,Rio Piracicaba,42,42.857142857142854,🟡 Médio Risco,0,0,0
3250,2025,31224871,Martinho Campos,70,42.857142857142854,🟡 Médio Risco,0,0,0
3251,2025,31224839,Conceição do Pará,15,42.857142857142854,🟡 Médio Risco,0,0,0
3252,2025,31224791,Serro,63,42.857142857142854,🟡 Médio Risco,0,0,0
3253,2025,31224626,Boa Esperança,134,42.857142857142854,🟡 Médio Risco,0,0,0
3254,2025,31224553,Alfenas,75,42.857142857142854,🟡 Médio Risco,0,0,0
3255,2025,31224529,Alfenas,202,42.857142857142854,🟡 Médio Risco,0,0,0
3256,2025,31097217,Carangola,96,42.857142857142854,🟡 Médio Risco,0,0,0
3257,2025,31126136,Campestre,9,42.857142857142854,🟡 Médio Risco,0,0,0
3258,2025,31097055,Carangola,26,42.857142857142854,🟡 Médio Risco,0,0,0
3259,2025,31097004,Carangola,28,42.857142857142854,🟡 Médio Risco,0,0,0
3260,2025,31096946,Carangola,193,42.857142857142854,🟡 Médio Risco,0,0,0
3261,2025,31223930,Divinópolis,268,42.857142857142854,🟡 Médio Risco,0,0,0
3262,2025,31223921,Divinópolis,279,42.857142857142854,🟡 Médio Risco,0,0,0
3263,2025,31223905,Divinópolis,346,42.857142857142854,🟡 Médio Risco,0,0,0
3264,2025,31223891,Divinópolis,472,42.857142857142854,🟡 Médio Risco,0,0,0
3265,2025,31223514,Muriaé,57,42.857142857142854,🟡 Médio Risco,0,0,0
3266,2025,31223492,Muriaé,550,42.857142857142854,🟡 Médio Risco,0,0,0
3267,2025,31223476,Muriaé,533,42.857142857142854,🟡 Médio Risco,0,0,0
3268,2025,31223034,Pedro Leopoldo,382,42.857142857142854,🟡 Médio Risco,0,0,0
3269,2025,31097489,Cataguases,105,42.857142857142854,🟡 Médio Risco,0,0,0
3270,2025,31097420,Cataguases,283,42.857142857142854,🟡 Médio Risco,0,0,0
3271,2025,31222887,Várzea da Palma,333,42.857142857142854,🟡 Médio Risco,0,0,0
3272,2025,31222135,Setubinha,14,42.857142857142854,🟡 Médio Risco,0,0,0
3273,2025,31222046,Itamarandiba,7,42.857142857142854,🟡 Médio Risco,0,0,0
3274,2025,31222003,Cataguases,123,42.857142857142854,🟡 Médio Risco,0,0,0
3275,2025,31221970,Cataguases,188,42.857142857142854,🟡 Médio Risco,0,0,0
3276,2025,31221945,Cataguases,151,42.857142857142854,🟡 Médio Risco,0,0,0
3277,2025,31221929,Cataguases,109,42.857142857142854,🟡 Médio Risco,0,0,0
3278,2025,31221911,Cataguases,176,42.857142857142854,🟡 Médio Risco,0,0,0
3279,2025,31221902,Cataguases,59,42.857142857142854,🟡 Médio Risco,0,0,0
3280,2025,31221325,Minas Novas,2,42.857142857142854,🟡 Médio Risco,0,0,0
3281,2025,31221244,Minas Novas,14,42.857142857142854,🟡 Médio Risco,0,0,0
3282,2025,31221040,Vespasiano,569,42.857142857142854,🟡 Médio Risco,0,0,0
3283,2025,31221015,Pedro Leopoldo,274,42.857142857142854,🟡 Médio Risco,0,0,0
3284,2025,31220736,Mariana,1483,42.857142857142854,🟡 Médio Risco,0,0,0
3285,2025,31097594,Divino,12,42.857142857142854,🟡 Médio Risco,0,0,0
3286,2025,31220591,Campo Belo,163,42.857142857142854,🟡 Médio Risco,0,0,0
3287,2025,31220493,Campo Belo,105,42.857142857142854,🟡 Médio Risco,0,0,0
3288,2025,31220426,Mantena,37,42.857142857142854,🟡 Médio Risco,0,0,0
3289,2025,31220051,Divinópolis,419,42.857142857142854,🟡 Médio Risco,0,0,0
3290,2025,31219827,Igarapé,182,42.857142857142854,🟡 Médio Risco,0,0,0
3291,2025,31219746,Caratinga,139,42.857142857142854,🟡 Médio Risco,0,0,0
3292,2025,31219720,Caratinga,196,42.857142857142854,🟡 Médio Risco,0,0,0
3293,2025,31219690,Ubaporanga,236,42.857142857142854,🟡 Médio Risco,0,0,0
3294,2025,31219606,Caratinga,604,42.857142857142854,🟡 Médio Risco,0,0,0
3295,2025,31219479,Sete Lagoas,297,42.857142857142854,🟡 Médio Risco,0,0,0
3296,2025,31219371,Espírito Santo do Dourado,126,42.857142857142854,🟡 Médio Risco,0,0,0
3297,2025,31098281,Leopoldina,98,42.857142857142854,🟡 Médio Risco,0,0,0
3298,2025,31098205,Leopoldina,20,42.857142857142854,🟡 Médio Risco,0,0,0
3299,2025,31218901,Capetinga,153,42.857142857142854,🟡 Médio Risco,0,0,0
3300,2025,31218731,Ibirité,288,42.857142857142854,🟡 Médio Risco,0,0,0
3301,2025,31218651,Matozinhos,237,42.857142857142854,🟡 Médio Risco,0,0,0
3302,2025,31218201,Rio Pardo de Minas,70,42.857142857142854,🟡 Médio Risco,0,0,0
3303,2025,31217433,Cônego Marinho,49,42.857142857142854,🟡 Médio Risco,0,0,0
3304,2025,31216992,Simonésia,112,42.857142857142854,🟡 Médio Risco,0,0,0
3305,2025,31216607,Várzea da Palma,68,42.857142857142854,🟡 Médio Risco,0,0,0
3306,2025,31216500,São João da Ponte,62,42.857142857142854,🟡 Médio Risco,0,0,0
3307,2025,31216330,Patis,91,42.857142857142854,🟡 Médio Risco,0,0,0
3308,2025,31216321,Mirabela,388,42.857142857142854,🟡 Médio Risco,0,0,0
3309,2025,31216241,São João do Paraíso,39,42.857142857142854,🟡 Médio Risco,0,0,0
3310,2025,31215414,Albertina,83,42.857142857142854,🟡 Médio Risco,0,0,0
3311,2025,31215317,Divisópolis,19,42.857142857142854,🟡 Médio Risco,0,0,0
3312,2025,31215180,Cachoeira de Pajeú,21,42.857142857142854,🟡 Médio Risco,0,0,0
3313,2025,31215121,Santo Antônio do Jacinto,34,42.857142857142854,🟡 Médio Risco,0,0,0
3314,2025,31098493,Miraí,293,42.857142857142854,🟡 Médio Risco,0,0,0
3315,2025,31098469,Miradouro,30,42.857142857142854,🟡 Médio Risco,0,0,0
3316,2025,31098451,Miradouro,115,42.857142857142854,🟡 Médio Risco,0,0,0
3317,2025,31098400,Miradouro,181,42.857142857142854,🟡 Médio Risco,0,0,0
3318,2025,31098396,Miradouro,110,42.857142857142854,🟡 Médio Risco,0,0,0
3319,2025,31214876,Patrocínio do Muriaé,21,42.857142857142854,🟡 Médio Risco,0,0,0
3320,2025,31384232,Nova Serrana,186,42.857142857142854,🟡 Médio Risco,0,0,0
3321,2025,31384135,Arcos,116,42.857142857142854,🟡 Médio Risco,0,0,0
3322,2025,31384097,Uberaba,159,42.857142857142854,🟡 Médio Risco,0,0,0
3323,2025,31384038,Alfenas,426,42.857142857142854,🟡 Médio Risco,0,0,0
3324,2025,31383929,Nova Serrana,243,42.857142857142854,🟡 Médio Risco,0,0,0
3325,2025,31383864,Itabirito,191,42.857142857142854,🟡 Médio Risco,0,0,0
3326,2025,31383856,Santo Antônio do Amparo,153,42.857142857142854,🟡 Médio Risco,0,0,0
3327,2025,31383805,Pará de Minas,132,42.857142857142854,🟡 Médio Risco,0,0,0
3328,2025,31383627,Juatuba,50,42.857142857142854,🟡 Médio Risco,0,0,0
3329,2025,31383600,Viçosa,75,42.857142857142854,🟡 Médio Risco,0,0,0
3330,2025,31383570,Viçosa,128,42.857142857142854,🟡 Médio Risco,0,0,0
3331,2025,31383481,Taiobeiras,221,42.857142857142854,🟡 Médio Risco,0,0,0
3332,2025,31383430,Serranos,16,42.857142857142854,🟡 Médio Risco,0,0,0
3333,2025,31383406,Lagoa Formosa,79,42.857142857142854,🟡 Médio Risco,0,0,0
3334,2025,31383368,Cambuí,147,42.857142857142854,🟡 Médio Risco,0,0,0
3335,2025,31383350,Gouveia,25,42.857142857142854,🟡 Médio Risco,0,0,0
3336,2025,31214752,Barão do Monte Alto,20,42.857142857142854,🟡 Médio Risco,0,0,0
3337,2025,31214736,Barão do Monte Alto,36,42.857142857142854,🟡 Médio Risco,0,0,0
3338,2025,31213977,Lagoa Santa,121,42.857142857142854,🟡 Médio Risco,0,0,0
3339,2025,31098728,Muriaé,15,42.857142857142854,🟡 Médio Risco,0,0,0
3340,2025,31098621,Muriaé,446,42.857142857142854,🟡 Médio Risco,0,0,0
3341,2025,31098523,Miraí,86,42.857142857142854,🟡 Médio Risco,0,0,0
3342,2025,31212920,São João del Rei,94,42.857142857142854,🟡 Médio Risco,0,0,0
3343,2025,31212911,São João del Rei,358,42.857142857142854,🟡 Médio Risco,0,0,0
3344,2025,31212733,Divinópolis,305,42.857142857142854,🟡 Médio Risco,0,0,0
3345,2025,31212491,Barbacena,478,42.857142857142854,🟡 Médio Risco,0,0,0
3346,2025,31212482,Barbacena,228,42.857142857142854,🟡 Médio Risco,0,0,0
3347,2025,31212211,Lagoa Formosa,354,42.857142857142854,🟡 Médio Risco,0,0,0
3348,2025,31212121,Ninheira,18,42.857142857142854,🟡 Médio Risco,0,0,0
3349,2025,31211923,Novo Oriente de Minas,24,42.857142857142854,🟡 Médio Risco,0,0,0
3350,2025,31211818,Teófilo Otoni,309,42.857142857142854,🟡 Médio Risco,0,0,0
3351,2025,31211796,Teófilo Otoni,18,42.857142857142854,🟡 Médio Risco,0,0,0
3352,2025,31098973,Rosário da Limeira,91,42.857142857142854,🟡 Médio Risco,0,0,0
3353,2025,31098761,Muriaé,625,42.857142857142854,🟡 Médio Risco,0,0,0
3354,2025,31211737,Teófilo Otoni,67,42.857142857142854,🟡 Médio Risco,0,0,0
3355,2025,31211630,Teófilo Otoni,24,42.857142857142854,🟡 Médio Risco,0,0,0
3356,2025,31211559,Teófilo Otoni,80,42.857142857142854,🟡 Médio Risco,0,0,0
3357,2025,31211478,Teófilo Otoni,77,42.857142857142854,🟡 Médio Risco,0,0,0
3358,2025,31211443,Teófilo Otoni,400,42.857142857142854,🟡 Médio Risco,0,0,0
3359,2025,31099473,Tombos,156,42.857142857142854,🟡 Médio Risco,0,0,0
3360,2025,31099406,Santo Antônio do Aventureiro,149,42.857142857142854,🟡 Médio Risco,0,0,0
3361,2025,31099325,Santo Antônio do Aventureiro,13,42.857142857142854,🟡 Médio Risco,0,0,0
3362,2025,31099066,Palma,58,42.857142857142854,🟡 Médio Risco,0,0,0
3363,2025,31211338,Inimutaba,230,42.857142857142854,🟡 Médio Risco,0,0,0
3364,2025,31211036,Bocaiúva,3,42.857142857142854,🟡 Médio Risco,0,0,0
3365,2025,31211001,Bocaiúva,555,42.857142857142854,🟡 Médio Risco,0,0,0
3366,2025,31210960,Montalvânia,61,42.857142857142854,🟡 Médio Risco,0,0,0
3367,2025,31210919,Juvenília,15,42.857142857142854,🟡 Médio Risco,0,0,0
3368,2025,31210820,Capim Branco,122,42.857142857142854,🟡 Médio Risco,0,0,0
3369,2025,31210773,Capim Branco,181,42.857142857142854,🟡 Médio Risco,0,0,0
3370,2025,31210714,Sete Lagoas,235,42.857142857142854,🟡 Médio Risco,0,0,0
3371,2025,31210706,Sete Lagoas,216,42.857142857142854,🟡 Médio Risco,0,0,0
3372,2025,31210692,Sete Lagoas,167,42.857142857142854,🟡 Médio Risco,0,0,0
3373,2025,31210676,Sete Lagoas,124,42.857142857142854,🟡 Médio Risco,0,0,0
3374,2025,31099864,Caiana,32,42.857142857142854,🟡 Médio Risco,0,0,0
3375,2025,31099856,Caiana,114,42.857142857142854,🟡 Médio Risco,0,0,0
3376,2025,31099678,Além Paraíba,99,42.857142857142854,🟡 Médio Risco,0,0,0
3377,2025,31099635,Além Paraíba,79,42.857142857142854,🟡 Médio Risco,0,0,0
3378,2025,31099627,Volta Grande,47,42.857142857142854,🟡 Médio Risco,0,0,0
3379,2025,31099597,Volta Grande,103,42.857142857142854,🟡 Médio Risco,0,0,0
3380,2025,31099571,Vieiras,89,42.857142857142854,🟡 Médio Risco,0,0,0
3381,2025,31099554,Tombos,70,42.857142857142854,🟡 Médio Risco,0,0,0
3382,2025,31099538,Tombos,274,42.857142857142854,🟡 Médio Risco,0,0,0
3383,2025,31099511,Tombos,165,42.857142857142854,🟡 Médio Risco,0,0,0
3384,2025,31209791,Águas Vermelhas,140,42.857142857142854,🟡 Médio Risco,0,0,0
3385,2025,31209783,Águas Vermelhas,15,42.857142857142854,🟡 Médio Risco,0,0,0
3386,2025,31209741,Jacinto,7,42.857142857142854,🟡 Médio Risco,0,0,0
3387,2025,31209317,São Gonçalo do Sapucaí,119,42.857142857142854,🟡 Médio Risco,0,0,0
3388,2025,31209309,São Gonçalo do Sapucaí,51,42.857142857142854,🟡 Médio Risco,0,0,0
3389,2025,31100340,Divino,40,42.857142857142854,🟡 Médio Risco,0,0,0
3390,2025,31100331,Divino,13,42.857142857142854,🟡 Médio Risco,0,0,0
3391,2025,31100293,Divino,11,42.857142857142854,🟡 Médio Risco,0,0,0
3392,2025,31100242,Divino,34,42.857142857142854,🟡 Médio Risco,0,0,0
3393,2025,31100226,Divino,38,42.857142857142854,🟡 Médio Risco,0,0,0
3394,2025,31100200,Cataguases,177,42.857142857142854,🟡 Médio Risco,0,0,0
3395,2025,31100064,Cataguases,112,42.857142857142854,🟡 Médio Risco,0,0,0
3396,2025,31099911,Caiana,41,42.857142857142854,🟡 Médio Risco,0,0,0
3397,2025,31099899,Caiana,22,42.857142857142854,🟡 Médio Risco,0,0,0
3398,2025,31099872,Caiana,7,42.857142857142854,🟡 Médio Risco,0,0,0
3399,2025,31208663,Piumhi,273,42.857142857142854,🟡 Médio Risco,0,0,0
3400,2025,31208230,Mariana,271,42.857142857142854,🟡 Médio Risco,0,0,0
3401,2025,31207659,Luislândia,28,42.857142857142854,🟡 Médio Risco,0,0,0
3402,2025,31207551,Taiobeiras,334,42.857142857142854,🟡 Médio Risco,0,0,0
3403,2025,31101435,Muriaé,28,42.857142857142854,🟡 Médio Risco,0,0,0
3404,2025,31101397,Miraí,35,42.857142857142854,🟡 Médio Risco,0,0,0
3405,2025,31101311,Miraí,34,42.857142857142854,🟡 Médio Risco,0,0,0
3406,2025,31100978,Leopoldina,10,42.857142857142854,🟡 Médio Risco,0,0,0
3407,2025,31100927,Leopoldina,30,42.857142857142854,🟡 Médio Risco,0,0,0
3408,2025,31100617,Faria Lemos,133,42.857142857142854,🟡 Médio Risco,0,0,0
3409,2025,31100471,Espera Feliz,36,42.857142857142854,🟡 Médio Risco,0,0,0
3410,2025,31100447,Espera Feliz,33,42.857142857142854,🟡 Médio Risco,0,0,0
3411,2025,31100421,Orizânia,11,42.857142857142854,🟡 Médio Risco,0,0,0
3412,2025,31100404,Orizânia,92,42.857142857142854,🟡 Médio Risco,0,0,0
3413,2025,31100382,Orizânia,668,42.857142857142854,🟡 Médio Risco,0,0,0
3414,2025,31207136,Januária,26,42.857142857142854,🟡 Médio Risco,0,0,0
3415,2025,31207021,Januária,111,42.857142857142854,🟡 Médio Risco,0,0,0
3416,2025,31385000,Mamonas,119,42.857142857142854,🟡 Médio Risco,0,0,0
3417,2025,31384976,Bueno Brandão,82,42.857142857142854,🟡 Médio Risco,0,0,0
3418,2025,31384887,Presidente Bernardes,185,42.857142857142854,🟡 Médio Risco,0,0,0
3419,2025,31384836,Juiz de Fora,90,42.857142857142854,🟡 Médio Risco,0,0,0
3420,2025,31384798,Teófilo Otoni,180,42.857142857142854,🟡 Médio Risco,0,0,0
3421,2025,31384771,Buritizeiro,25,42.857142857142854,🟡 Médio Risco,0,0,0
3422,2025,31384755,Buritizeiro,30,42.857142857142854,🟡 Médio Risco,0,0,0
3423,2025,31384739,Matias Barbosa,91,42.857142857142854,🟡 Médio Risco,0,0,0
3424,2025,31384720,Varjão de Minas,120,42.857142857142854,🟡 Médio Risco,0,0,0
3425,2025,31384593,Conselheiro Lafaiete,99,42.857142857142854,🟡 Médio Risco,0,0,0
3426,2025,31384577,Ibiraci,27,42.857142857142854,🟡 Médio Risco,0,0,0
3427,2025,31384526,Córrego do Bom Jesus,50,42.857142857142854,🟡 Médio Risco,0,0,0
3428,2025,31384453,Formiga,130,42.857142857142854,🟡 Médio Risco,0,0,0
3429,2025,31384305,Ribeirão das Neves,73,42.857142857142854,🟡 Médio Risco,0,0,0
3430,2025,31384240,Nova Serrana,196,42.857142857142854,🟡 Médio Risco,0,0,0
3431,2025,31206610,Coroaci,58,42.857142857142854,🟡 Médio Risco,0,0,0
3432,2025,31206164,Itamarandiba,5,42.857142857142854,🟡 Médio Risco,0,0,0
3433,2025,31205834,Capelinha,25,42.857142857142854,🟡 Médio Risco,0,0,0
3434,2025,31205770,São João do Oriente,132,42.857142857142854,🟡 Médio Risco,0,0,0
3435,2025,31102741,Bela Vista de Minas,220,42.857142857142854,🟡 Médio Risco,0,0,0
3436,2025,31101630,Muriaé,29,42.857142857142854,🟡 Médio Risco,0,0,0
3437,2025,31101613,Muriaé,10,42.857142857142854,🟡 Médio Risco,0,0,0
3438,2025,31101591,Muriaé,363,42.857142857142854,🟡 Médio Risco,0,0,0
3439,2025,31101443,Muriaé,74,42.857142857142854,🟡 Médio Risco,0,0,0
3440,2025,31205389,Paulistas,20,42.857142857142854,🟡 Médio Risco,0,0,0
3441,2025,31205362,Juatuba,497,42.857142857142854,🟡 Médio Risco,0,0,0
3442,2025,31204862,Perdões,7,42.857142857142854,🟡 Médio Risco,0,0,0
3443,2025,31204714,Oliveira,7,42.857142857142854,🟡 Médio Risco,0,0,0
3444,2025,31204684,Oliveira,17,42.857142857142854,🟡 Médio Risco,0,0,0
3445,2025,31204293,Itapecerica,18,42.857142857142854,🟡 Médio Risco,0,0,0
3446,2025,31103012,Ferros,130,42.857142857142854,🟡 Médio Risco,0,0,0
3447,2025,31102989,Ferros,69,42.857142857142854,🟡 Médio Risco,0,0,0
3448,2025,31204196,Cristais,90,42.857142857142854,🟡 Médio Risco,0,0,0
3449,2025,31204170,Candeias,24,42.857142857142854,🟡 Médio Risco,0,0,0
3450,2025,31204021,Candeias,29,42.857142857142854,🟡 Médio Risco,0,0,0
3451,2025,31203785,Campo Belo,265,42.857142857142854,🟡 Médio Risco,0,0,0
3452,2025,31203467,Perdões,297,42.857142857142854,🟡 Médio Risco,0,0,0
3453,2025,31202827,Itapecerica,249,42.857142857142854,🟡 Médio Risco,0,0,0
3454,2025,31202711,Itapecerica,247,42.857142857142854,🟡 Médio Risco,0,0,0
3455,2025,31202690,Itapecerica,193,42.857142857142854,🟡 Médio Risco,0,0,0
3456,2025,31202533,Cristais,124,42.857142857142854,🟡 Médio Risco,0,0,0
3457,2025,31202479,Candeias,45,42.857142857142854,🟡 Médio Risco,0,0,0
3458,2025,31202371,Campo Belo,16,42.857142857142854,🟡 Médio Risco,0,0,0
3459,2025,31202291,Campo Belo,33,42.857142857142854,🟡 Médio Risco,0,0,0
3460,2025,31202282,Campo Belo,16,42.857142857142854,🟡 Médio Risco,0,0,0
3461,2025,31202169,Aguanil,5,42.857142857142854,🟡 Médio Risco,0,0,0
3462,2025,31201928,Monte Carmelo,79,42.857142857142854,🟡 Médio Risco,0,0,0
3463,2025,31201685,Estrela do Sul,66,42.857142857142854,🟡 Médio Risco,0,0,0
3464,2025,31201511,Coromandel,29,42.857142857142854,🟡 Médio Risco,0,0,0
3465,2025,31201201,Coromandel,13,42.857142857142854,🟡 Médio Risco,0,0,0
3466,2025,31200794,Abadia dos Dourados,32,42.857142857142854,🟡 Médio Risco,0,0,0
3467,2025,31200778,Abadia dos Dourados,17,42.857142857142854,🟡 Médio Risco,0,0,0
3468,2025,31200506,Estrela do Sul,37,42.857142857142854,🟡 Médio Risco,0,0,0
3469,2025,31200301,Cascalho Rico,81,42.857142857142854,🟡 Médio Risco,0,0,0
3470,2025,31200263,Abadia dos Dourados,25,42.857142857142854,🟡 Médio Risco,0,0,0
3471,2025,31200182,Serra do Salitre,72,42.857142857142854,🟡 Médio Risco,0,0,0
3472,2025,31199427,Guimarânia,9,42.857142857142854,🟡 Médio Risco,0,0,0
3473,2025,31199397,Guimarânia,40,42.857142857142854,🟡 Médio Risco,0,0,0
3474,2025,31199281,Serra do Salitre,84,42.857142857142854,🟡 Médio Risco,0,0,0
3475,2025,31103705,Rio Piracicaba,293,42.857142857142854,🟡 Médio Risco,0,0,0
3476,2025,31103675,Rio Piracicaba,148,42.857142857142854,🟡 Médio Risco,0,0,0
3477,2025,31198072,Ituiutaba,209,42.857142857142854,🟡 Médio Risco,0,0,0
3478,2025,31197998,Ituiutaba,259,42.857142857142854,🟡 Médio Risco,0,0,0
3479,2025,31196355,Cachoeira Dourada,267,42.857142857142854,🟡 Médio Risco,0,0,0
3480,2025,31196215,Conselheiro Lafaiete,939,42.857142857142854,🟡 Médio Risco,0,0,0
3481,2025,31195987,Santana dos Montes,14,42.857142857142854,🟡 Médio Risco,0,0,0
3482,2025,31195952,Rio Espera,29,42.857142857142854,🟡 Médio Risco,0,0,0
3483,2025,31195936,Rio Espera,11,42.857142857142854,🟡 Médio Risco,0,0,0
3484,2025,31195804,Piranga,56,42.857142857142854,🟡 Médio Risco,0,0,0
3485,2025,31195634,Piranga,21,42.857142857142854,🟡 Médio Risco,0,0,0
3486,2025,31195464,Lamim,33,42.857142857142854,🟡 Médio Risco,0,0,0
3487,2025,31195456,Lamim,18,42.857142857142854,🟡 Médio Risco,0,0,0
3488,2025,31195448,Lamim,11,42.857142857142854,🟡 Médio Risco,0,0,0
3489,2025,31195341,Itaverava,60,42.857142857142854,🟡 Médio Risco,0,0,0
3490,2025,31195332,Itaverava,8,42.857142857142854,🟡 Médio Risco,0,0,0
3491,2025,31195316,Itaverava,11,42.857142857142854,🟡 Médio Risco,0,0,0
3492,2025,31194824,Cristiano Otoni,30,42.857142857142854,🟡 Médio Risco,0,0,0
3493,2025,31194778,Conselheiro Lafaiete,23,42.857142857142854,🟡 Médio Risco,0,0,0
3494,2025,31194727,Conselheiro Lafaiete,652,42.857142857142854,🟡 Médio Risco,0,0,0
3495,2025,31104043,São Gonçalo do Rio Abaixo,49,42.857142857142854,🟡 Médio Risco,0,0,0
3496,2025,31194701,Conselheiro Lafaiete,6,42.857142857142854,🟡 Médio Risco,0,0,0
3497,2025,31194689,Conselheiro Lafaiete,163,42.857142857142854,🟡 Médio Risco,0,0,0
3498,2025,31194531,Catas Altas da Noruega,6,42.857142857142854,🟡 Médio Risco,0,0,0
3499,2025,31194522,Catas Altas da Noruega,11,42.857142857142854,🟡 Médio Risco,0,0,0
3500,2025,31194280,Piranga,37,42.857142857142854,🟡 Médio Risco,0,0,0
3501,2025,31194115,Lamim,7,42.857142857142854,🟡 Médio Risco,0,0,0
3502,2025,31193976,Entre Rios de Minas,28,42.857142857142854,🟡 Médio Risco,0,0,0
3503,2025,31193933,Entre Rios de Minas,125,42.857142857142854,🟡 Médio Risco,0,0,0
3504,2025,31193917,Entre Rios de Minas,35,42.857142857142854,🟡 Médio Risco,0,0,0
3505,2025,31193607,Conselheiro Lafaiete,37,42.857142857142854,🟡 Médio Risco,0,0,0
3506,2025,31192759,Mesquita,70,42.857142857142854,🟡 Médio Risco,0,0,0
3507,2025,31192376,Ipatinga,75,42.857142857142854,🟡 Médio Risco,0,0,0
3508,2025,31192368,Ipatinga,63,42.857142857142854,🟡 Médio Risco,0,0,0
3509,2025,31192309,Ipatinga,272,42.857142857142854,🟡 Médio Risco,0,0,0
3510,2025,31192121,Coronel Fabriciano,391,42.857142857142854,🟡 Médio Risco,0,0,0
3511,2025,31191850,Antônio Dias,10,42.857142857142854,🟡 Médio Risco,0,0,0
3512,2025,31191841,Antônio Dias,8,42.857142857142854,🟡 Médio Risco,0,0,0
3513,2025,31191795,Antônio Dias,42,42.857142857142854,🟡 Médio Risco,0,0,0
3514,2025,31191779,Antônio Dias,6,42.857142857142854,🟡 Médio Risco,0,0,0
3515,2025,31191761,Antônio Dias,16,42.857142857142854,🟡 Médio Risco,0,0,0
3516,2025,31191752,Antônio Dias,13,42.857142857142854,🟡 Médio Risco,0,0,0
3517,2025,31191728,Antônio Dias,6,42.857142857142854,🟡 Médio Risco,0,0,0
3518,2025,31190667,Antônio Dias,17,42.857142857142854,🟡 Médio Risco,0,0,0
3519,2025,31126055,Campestre,59,42.857142857142854,🟡 Médio Risco,0,0,0
3520,2025,31190446,Santo Antônio do Jacinto,39,42.857142857142854,🟡 Médio Risco,0,0,0
3521,2025,31190349,Santo Antônio do Jacinto,225,42.857142857142854,🟡 Médio Risco,0,0,0
3522,2025,31190284,Santa Maria do Salto,48,42.857142857142854,🟡 Médio Risco,0,0,0
3523,2025,31190241,Santa Maria do Salto,365,42.857142857142854,🟡 Médio Risco,0,0,0
3524,2025,31106071,Belo Vale,46,42.857142857142854,🟡 Médio Risco,0,0,0
3525,2025,31106046,Belo Vale,26,42.857142857142854,🟡 Médio Risco,0,0,0
3526,2025,31105384,Santa Maria de Itabira,603,42.857142857142854,🟡 Médio Risco,0,0,0
3527,2025,31190012,Rubim,241,42.857142857142854,🟡 Médio Risco,0,0,0
3528,2025,31189944,Rubim,17,42.857142857142854,🟡 Médio Risco,0,0,0
3529,2025,31189057,Medina,31,42.857142857142854,🟡 Médio Risco,0,0,0
3530,2025,31188921,Medina,122,42.857142857142854,🟡 Médio Risco,0,0,0
3531,2025,31188522,Jordânia,26,42.857142857142854,🟡 Médio Risco,0,0,0
3532,2025,31188506,Jordânia,31,42.857142857142854,🟡 Médio Risco,0,0,0
3533,2025,31188468,Jordânia,6,42.857142857142854,🟡 Médio Risco,0,0,0
3534,2025,31188417,Jordânia,5,42.857142857142854,🟡 Médio Risco,0,0,0
3535,2025,31188328,Monte Formoso,11,42.857142857142854,🟡 Médio Risco,0,0,0
3536,2025,31106259,Mariana,98,42.857142857142854,🟡 Médio Risco,0,0,0
3537,2025,31106224,Itabirito,152,42.857142857142854,🟡 Médio Risco,0,0,0
3538,2025,31106216,Itabirito,68,42.857142857142854,🟡 Médio Risco,0,0,0
3539,2025,31106208,Itabirito,88,42.857142857142854,🟡 Médio Risco,0,0,0
3540,2025,31188301,Monte Formoso,7,42.857142857142854,🟡 Médio Risco,0,0,0
3541,2025,31188280,Monte Formoso,19,42.857142857142854,🟡 Médio Risco,0,0,0
3542,2025,31188271,Joaíma,10,42.857142857142854,🟡 Médio Risco,0,0,0
3543,2025,31188239,Monte Formoso,24,42.857142857142854,🟡 Médio Risco,0,0,0
3544,2025,31188204,Joaíma,5,42.857142857142854,🟡 Médio Risco,0,0,0
3545,2025,31188191,Monte Formoso,10,42.857142857142854,🟡 Médio Risco,0,0,0
3546,2025,31188174,Joaíma,120,42.857142857142854,🟡 Médio Risco,0,0,0
3547,2025,31188158,Monte Formoso,8,42.857142857142854,🟡 Médio Risco,0,0,0
3548,2025,31188140,Monte Formoso,56,42.857142857142854,🟡 Médio Risco,0,0,0
3549,2025,31187933,Jequitinhonha,15,42.857142857142854,🟡 Médio Risco,0,0,0
3550,2025,31187712,Jacinto,10,42.857142857142854,🟡 Médio Risco,0,0,0
3551,2025,31106453,Moeda,76,42.857142857142854,🟡 Médio Risco,0,0,0
3552,2025,31106411,Moeda,352,42.857142857142854,🟡 Médio Risco,0,0,0
3553,2025,31187429,Felisburgo,16,42.857142857142854,🟡 Médio Risco,0,0,0
3554,2025,31187381,Comercinho,8,42.857142857142854,🟡 Médio Risco,0,0,0
3555,2025,31187241,Comercinho,3,42.857142857142854,🟡 Médio Risco,0,0,0
3556,2025,31187224,Comercinho,6,42.857142857142854,🟡 Médio Risco,0,0,0
3557,2025,31187089,Comercinho,12,42.857142857142854,🟡 Médio Risco,0,0,0
3558,2025,31186988,Comercinho,23,42.857142857142854,🟡 Médio Risco,0,0,0
3559,2025,31186813,Bandeira,159,42.857142857142854,🟡 Médio Risco,0,0,0
3560,2025,31385883,Minas Novas,84,42.857142857142854,🟡 Médio Risco,0,0,0
3561,2025,31385867,Santa Cruz de Minas,52,42.857142857142854,🟡 Médio Risco,0,0,0
3562,2025,31385840,Alto Jequitibá,139,42.857142857142854,🟡 Médio Risco,0,0,0
3563,2025,31385492,Nova Resende,24,42.857142857142854,🟡 Médio Risco,0,0,0
3564,2025,31385395,São Gonçalo do Rio Abaixo,24,42.857142857142854,🟡 Médio Risco,0,0,0
3565,2025,31385387,Capela Nova,6,42.857142857142854,🟡 Médio Risco,0,0,0
3566,2025,31385328,São Sebastião do Paraíso,255,42.857142857142854,🟡 Médio Risco,0,0,0
3567,2025,31385280,Marmelópolis,35,42.857142857142854,🟡 Médio Risco,0,0,0
3568,2025,31385255,Miradouro,87,42.857142857142854,🟡 Médio Risco,0,0,0
3569,2025,31385247,Queluzito,38,42.857142857142854,🟡 Médio Risco,0,0,0
3570,2025,31385220,Patos de Minas,120,42.857142857142854,🟡 Médio Risco,0,0,0
3571,2025,31385182,Santa Bárbara do Tugúrio,172,42.857142857142854,🟡 Médio Risco,0,0,0
3572,2025,31385050,Contagem,178,42.857142857142854,🟡 Médio Risco,0,0,0
3573,2025,31385042,Contagem,334,42.857142857142854,🟡 Médio Risco,0,0,0
3574,2025,31385034,Contagem,164,42.857142857142854,🟡 Médio Risco,0,0,0
3575,2025,31385018,Fronteira,66,42.857142857142854,🟡 Médio Risco,0,0,0
3576,2025,31186716,Bandeira,11,42.857142857142854,🟡 Médio Risco,0,0,0
3577,2025,31186694,Bandeira,4,42.857142857142854,🟡 Médio Risco,0,0,0
3578,2025,31186619,Cachoeira de Pajeú,83,42.857142857142854,🟡 Médio Risco,0,0,0
3579,2025,31186601,Cachoeira de Pajeú,10,42.857142857142854,🟡 Médio Risco,0,0,0
3580,2025,31186571,Cachoeira de Pajeú,142,42.857142857142854,🟡 Médio Risco,0,0,0
3581,2025,31106763,Acaiaca,71,42.857142857142854,🟡 Médio Risco,0,0,0
3582,2025,31185795,Curral de Dentro,8,42.857142857142854,🟡 Médio Risco,0,0,0
3583,2025,31185779,Curral de Dentro,7,42.857142857142854,🟡 Médio Risco,0,0,0
3584,2025,31185698,Águas Vermelhas,18,42.857142857142854,🟡 Médio Risco,0,0,0
3585,2025,31185574,Águas Vermelhas,15,42.857142857142854,🟡 Médio Risco,0,0,0
3586,2025,31185540,Águas Vermelhas,16,42.857142857142854,🟡 Médio Risco,0,0,0
3587,2025,31107352,Mariana,57,42.857142857142854,🟡 Médio Risco,0,0,0
3588,2025,31107336,Mariana,49,42.857142857142854,🟡 Médio Risco,0,0,0
3589,2025,31107301,Mariana,163,42.857142857142854,🟡 Médio Risco,0,0,0
3590,2025,31107247,Mariana,85,42.857142857142854,🟡 Médio Risco,0,0,0
3591,2025,31107204,Mariana,124,42.857142857142854,🟡 Médio Risco,0,0,0
3592,2025,31107131,Mariana,7,42.857142857142854,🟡 Médio Risco,0,0,0
3593,2025,31107107,Itabirito,104,42.857142857142854,🟡 Médio Risco,0,0,0
3594,2025,31107051,Itabirito,104,42.857142857142854,🟡 Médio Risco,0,0,0
3595,2025,31106976,Diogo de Vasconcelos,27,42.857142857142854,🟡 Médio Risco,0,0,0
3596,2025,31106933,Belo Vale,30,42.857142857142854,🟡 Médio Risco,0,0,0
3597,2025,31106895,Belo Vale,5,42.857142857142854,🟡 Médio Risco,0,0,0
3598,2025,31106861,Belo Vale,25,42.857142857142854,🟡 Médio Risco,0,0,0
3599,2025,31184829,Jequitinhonha,32,42.857142857142854,🟡 Médio Risco,0,0,0
3600,2025,31184781,Jacinto,39,42.857142857142854,🟡 Médio Risco,0,0,0
3601,2025,31107662,Ouro Preto,43,42.857142857142854,🟡 Médio Risco,0,0,0
3602,2025,31107395,Moeda,85,42.857142857142854,🟡 Médio Risco,0,0,0
3603,2025,31184161,Visconde do Rio Branco,124,42.857142857142854,🟡 Médio Risco,0,0,0
3604,2025,31184110,Ubá,40,42.857142857142854,🟡 Médio Risco,0,0,0
3605,2025,31184055,Ubá,68,42.857142857142854,🟡 Médio Risco,0,0,0
3606,2025,31183903,Ubá,130,42.857142857142854,🟡 Médio Risco,0,0,0
3607,2025,31183491,Rio Pomba,120,42.857142857142854,🟡 Médio Risco,0,0,0
3608,2025,31183377,Presidente Bernardes,40,42.857142857142854,🟡 Médio Risco,0,0,0
3609,2025,31183296,Presidente Bernardes,19,42.857142857142854,🟡 Médio Risco,0,0,0
3610,2025,31182834,Ervália,41,42.857142857142854,🟡 Médio Risco,0,0,0
3611,2025,31182818,Ervália,33,42.857142857142854,🟡 Médio Risco,0,0,0
3612,2025,31182648,Dona Euzébia,138,42.857142857142854,🟡 Médio Risco,0,0,0
3613,2025,31182303,Visconde do Rio Branco,51,42.857142857142854,🟡 Médio Risco,0,0,0
3614,2025,31182044,Ubá,134,42.857142857142854,🟡 Médio Risco,0,0,0
3615,2025,31181927,Ubá,222,42.857142857142854,🟡 Médio Risco,0,0,0
3616,2025,31181633,Silveirânia,29,42.857142857142854,🟡 Médio Risco,0,0,0
3617,2025,31181595,Senador Firmino,360,42.857142857142854,🟡 Médio Risco,0,0,0
3618,2025,31181391,Piraúba,166,42.857142857142854,🟡 Médio Risco,0,0,0
3619,2025,31181323,Piraúba,413,42.857142857142854,🟡 Médio Risco,0,0,0
3620,2025,31180921,Ervália,28,42.857142857142854,🟡 Médio Risco,0,0,0
3621,2025,31180700,Astolfo Dutra,382,42.857142857142854,🟡 Médio Risco,0,0,0
3622,2025,31180581,Três Pontas,96,42.857142857142854,🟡 Médio Risco,0,0,0
3623,2025,31180092,Varginha,1377,42.857142857142854,🟡 Médio Risco,0,0,0
3624,2025,31179922,Varginha,647,42.857142857142854,🟡 Médio Risco,0,0,0
3625,2025,31179914,Varginha,994,42.857142857142854,🟡 Médio Risco,0,0,0
3626,2025,31179400,Três Corações,51,42.857142857142854,🟡 Médio Risco,0,0,0
3627,2025,31179001,São Gonçalo do Sapucaí,120,42.857142857142854,🟡 Médio Risco,0,0,0
3628,2025,31178667,Poço Fundo,425,42.857142857142854,🟡 Médio Risco,0,0,0
3629,2025,31178446,Poço Fundo,65,42.857142857142854,🟡 Médio Risco,0,0,0
3630,2025,31178195,Nepomuceno,22,42.857142857142854,🟡 Médio Risco,0,0,0
3631,2025,31178101,Nepomuceno,46,42.857142857142854,🟡 Médio Risco,0,0,0
3632,2025,31177806,Lambari,41,42.857142857142854,🟡 Médio Risco,0,0,0
3633,2025,31177661,Jesuânia,33,42.857142857142854,🟡 Médio Risco,0,0,0
3634,2025,31177539,Itamonte,13,42.857142857142854,🟡 Médio Risco,0,0,0
3635,2025,31177482,Itamonte,7,42.857142857142854,🟡 Médio Risco,0,0,0
3636,2025,31177458,Itamonte,22,42.857142857142854,🟡 Médio Risco,0,0,0
3637,2025,31176915,Dom Viçoso,45,42.857142857142854,🟡 Médio Risco,0,0,0
3638,2025,31176648,Conceição do Rio Verde,13,42.857142857142854,🟡 Médio Risco,0,0,0
3639,2025,31176451,Carmo da Cachoeira,51,42.857142857142854,🟡 Médio Risco,0,0,0
3640,2025,31176184,Campos Gerais,60,42.857142857142854,🟡 Médio Risco,0,0,0
3641,2025,31175897,Cambuquira,98,42.857142857142854,🟡 Médio Risco,0,0,0
3642,2025,31175561,Baependi,16,42.857142857142854,🟡 Médio Risco,0,0,0
3643,2025,31175501,Alfenas,37,42.857142857142854,🟡 Médio Risco,0,0,0
3644,2025,31175056,Varginha,234,42.857142857142854,🟡 Médio Risco,0,0,0
3645,2025,31175021,Varginha,1187,42.857142857142854,🟡 Médio Risco,0,0,0
3646,2025,31174378,Soledade de Minas,382,42.857142857142854,🟡 Médio Risco,0,0,0
3647,2025,31174335,Soledade de Minas,22,42.857142857142854,🟡 Médio Risco,0,0,0
3648,2025,31174211,São Sebastião do Rio Verde,314,42.857142857142854,🟡 Médio Risco,0,0,0
3649,2025,31173843,Poço Fundo,56,42.857142857142854,🟡 Médio Risco,0,0,0
3650,2025,31173801,Passa Quatro,104,42.857142857142854,🟡 Médio Risco,0,0,0
3651,2025,31173746,Passa Quatro,43,42.857142857142854,🟡 Médio Risco,0,0,0
3652,2025,31173690,Passa Quatro,29,42.857142857142854,🟡 Médio Risco,0,0,0
3653,2025,31173355,Nepomuceno,25,42.857142857142854,🟡 Médio Risco,0,0,0
3654,2025,31172979,Lambari,36,42.857142857142854,🟡 Médio Risco,0,0,0
3655,2025,31172481,Dom Viçoso,94,42.857142857142854,🟡 Médio Risco,0,0,0
3656,2025,31172472,Dom Viçoso,83,42.857142857142854,🟡 Médio Risco,0,0,0
3657,2025,31172031,Caxambu,107,42.857142857142854,🟡 Médio Risco,0,0,0
3658,2025,31171930,Carmo de Minas,94,42.857142857142854,🟡 Médio Risco,0,0,0
3659,2025,31171921,Carmo de Minas,40,42.857142857142854,🟡 Médio Risco,0,0,0
3660,2025,31171328,Cambuquira,84,42.857142857142854,🟡 Médio Risco,0,0,0
3661,2025,31167070,Prata,268,42.857142857142854,🟡 Médio Risco,0,0,0
3662,2025,31166120,Araxá,153,42.857142857142854,🟡 Médio Risco,0,0,0
3663,2025,31165786,Uberaba,100,42.857142857142854,🟡 Médio Risco,0,0,0
3664,2025,31162591,Ibiá,19,42.857142857142854,🟡 Médio Risco,0,0,0
3665,2025,31162442,Ibiá,82,42.857142857142854,🟡 Médio Risco,0,0,0
3666,2025,31162370,Ibiá,29,42.857142857142854,🟡 Médio Risco,0,0,0
3667,2025,31159620,Santa Juliana,297,42.857142857142854,🟡 Médio Risco,0,0,0
3668,2025,31159107,Ibiá,91,42.857142857142854,🟡 Médio Risco,0,0,0
3669,2025,31159034,Ibiá,136,42.857142857142854,🟡 Médio Risco,0,0,0
3670,2025,31158828,Fronteira,381,42.857142857142854,🟡 Médio Risco,0,0,0
3671,2025,31158810,Fronteira,68,42.857142857142854,🟡 Médio Risco,0,0,0
3672,2025,31158364,Campina Verde,308,42.857142857142854,🟡 Médio Risco,0,0,0
3673,2025,31386863,Nova Serrana,114,42.857142857142854,🟡 Médio Risco,0,0,0
3674,2025,31386774,Porto Firme,192,42.857142857142854,🟡 Médio Risco,0,0,0
3675,2025,31386642,Vermelho Novo,78,42.857142857142854,🟡 Médio Risco,0,0,0
3676,2025,31386510,Nepomuceno,33,42.857142857142854,🟡 Médio Risco,0,0,0
3677,2025,31386472,Araçuaí,210,42.857142857142854,🟡 Médio Risco,0,0,0
3678,2025,31386430,Perdões,32,42.857142857142854,🟡 Médio Risco,0,0,0
3679,2025,31386413,João Pinheiro,47,42.857142857142854,🟡 Médio Risco,0,0,0
3680,2025,31386383,São Tiago,181,42.857142857142854,🟡 Médio Risco,0,0,0
3681,2025,31386359,Igarapé,228,42.857142857142854,🟡 Médio Risco,0,0,0
3682,2025,31386316,Santa Luzia,218,42.857142857142854,🟡 Médio Risco,0,0,0
3683,2025,31386308,Santa Luzia,149,42.857142857142854,🟡 Médio Risco,0,0,0
3684,2025,31386235,Diogo de Vasconcelos,51,42.857142857142854,🟡 Médio Risco,0,0,0
3685,2025,31386189,Taparuba,43,42.857142857142854,🟡 Médio Risco,0,0,0
3686,2025,31386057,Ribeirão das Neves,322,42.857142857142854,🟡 Médio Risco,0,0,0
3687,2025,31157732,Virgem da Lapa,5,42.857142857142854,🟡 Médio Risco,0,0,0
3688,2025,31157619,Virgem da Lapa,7,42.857142857142854,🟡 Médio Risco,0,0,0
3689,2025,31157597,Virgem da Lapa,4,42.857142857142854,🟡 Médio Risco,0,0,0
3690,2025,31157392,Novo Oriente de Minas,10,42.857142857142854,🟡 Médio Risco,0,0,0
3691,2025,31157279,Novo Oriente de Minas,65,42.857142857142854,🟡 Médio Risco,0,0,0
3692,2025,31157252,Novo Oriente de Minas,33,42.857142857142854,🟡 Médio Risco,0,0,0
3693,2025,31110353,Buritis,49,42.857142857142854,🟡 Médio Risco,0,0,0
3694,2025,31388017,Contagem,179,42.857142857142854,🟡 Médio Risco,0,0,0
3695,2025,31388009,Contagem,102,42.857142857142854,🟡 Médio Risco,0,0,0
3696,2025,31387819,Caeté,108,42.857142857142854,🟡 Médio Risco,0,0,0
3697,2025,31387797,Grão Mogol,106,42.857142857142854,🟡 Médio Risco,0,0,0
3698,2025,31387665,Presidente Olegário,183,42.857142857142854,🟡 Médio Risco,0,0,0
3699,2025,31387533,Guidoval,36,42.857142857142854,🟡 Médio Risco,0,0,0
3700,2025,31387509,Juiz de Fora,138,42.857142857142854,🟡 Médio Risco,0,0,0
3701,2025,31387371,Patos de Minas,146,42.857142857142854,🟡 Médio Risco,0,0,0
3702,2025,31387363,Lagoa Dourada,92,42.857142857142854,🟡 Médio Risco,0,0,0
3703,2025,31387304,Bom Sucesso,110,42.857142857142854,🟡 Médio Risco,0,0,0
3704,2025,31387290,Dona Euzébia,111,42.857142857142854,🟡 Médio Risco,0,0,0
3705,2025,31387274,Barão de Cocais,57,42.857142857142854,🟡 Médio Risco,0,0,0
3706,2025,31387207,Araxá,146,42.857142857142854,🟡 Médio Risco,0,0,0
3707,2025,31387126,Leopoldina,26,42.857142857142854,🟡 Médio Risco,0,0,0
3708,2025,31386960,Uberlândia,228,42.857142857142854,🟡 Médio Risco,0,0,0
3709,2025,31386952,Uberlândia,176,42.857142857142854,🟡 Médio Risco,0,0,0
3710,2025,31157198,Teófilo Otoni,14,42.857142857142854,🟡 Médio Risco,0,0,0
3711,2025,31157147,Teófilo Otoni,149,42.857142857142854,🟡 Médio Risco,0,0,0
3712,2025,31157074,Novo Oriente de Minas,19,42.857142857142854,🟡 Médio Risco,0,0,0
3713,2025,31156922,Teófilo Otoni,400,42.857142857142854,🟡 Médio Risco,0,0,0
3714,2025,31156892,Novo Oriente de Minas,48,42.857142857142854,🟡 Médio Risco,0,0,0
3715,2025,31112623,Paracatu,196,42.857142857142854,🟡 Médio Risco,0,0,0
3716,2025,31112291,Paracatu,81,42.857142857142854,🟡 Médio Risco,0,0,0
3717,2025,31111520,João Pinheiro,19,42.857142857142854,🟡 Médio Risco,0,0,0
3718,2025,31111112,Formoso,241,42.857142857142854,🟡 Médio Risco,0,0,0
3719,2025,31110914,Buritis,98,42.857142857142854,🟡 Médio Risco,0,0,0
3720,2025,31113981,Unaí,13,42.857142857142854,🟡 Médio Risco,0,0,0
3721,2025,31113255,Unaí,6,42.857142857142854,🟡 Médio Risco,0,0,0
3722,2025,31112747,Paracatu,378,42.857142857142854,🟡 Médio Risco,0,0,0
3723,2025,31156876,Teófilo Otoni,92,42.857142857142854,🟡 Médio Risco,0,0,0
3724,2025,31156868,Teófilo Otoni,116,42.857142857142854,🟡 Médio Risco,0,0,0
3725,2025,31156779,Novo Oriente de Minas,12,42.857142857142854,🟡 Médio Risco,0,0,0
3726,2025,31156515,Poté,22,42.857142857142854,🟡 Médio Risco,0,0,0
3727,2025,31156451,Poté,34,42.857142857142854,🟡 Médio Risco,0,0,0
3728,2025,31156400,Poté,8,42.857142857142854,🟡 Médio Risco,0,0,0
3729,2025,31156299,Poté,16,42.857142857142854,🟡 Médio Risco,0,0,0
3730,2025,31115002,Capitólio,15,42.857142857142854,🟡 Médio Risco,0,0,0
3731,2025,31114839,Alpinópolis,301,42.857142857142854,🟡 Médio Risco,0,0,0
3732,2025,31114235,Unaí,91,42.857142857142854,🟡 Médio Risco,0,0,0
3733,2025,31156060,Pavão,26,42.857142857142854,🟡 Médio Risco,0,0,0
3734,2025,31155888,Pavão,7,42.857142857142854,🟡 Médio Risco,0,0,0
3735,2025,31155837,Padre Paraíso,13,42.857142857142854,🟡 Médio Risco,0,0,0
3736,2025,31155829,Padre Paraíso,20,42.857142857142854,🟡 Médio Risco,0,0,0
3737,2025,31155811,Padre Paraíso,37,42.857142857142854,🟡 Médio Risco,0,0,0
3738,2025,31155802,Padre Paraíso,23,42.857142857142854,🟡 Médio Risco,0,0,0
3739,2025,31155641,Padre Paraíso,17,42.857142857142854,🟡 Médio Risco,0,0,0
3740,2025,31155624,Padre Paraíso,24,42.857142857142854,🟡 Médio Risco,0,0,0
3741,2025,31155586,Ouro Verde de Minas,12,42.857142857142854,🟡 Médio Risco,0,0,0
3742,2025,31389276,Montes Claros,71,42.857142857142854,🟡 Médio Risco,0,0,0
3743,2025,31389275,Miravânia,48,42.857142857142854,🟡 Médio Risco,0,0,0
3744,2025,31389273,Itajubá,102,42.857142857142854,🟡 Médio Risco,0,0,0
3745,2025,31389272,Florestal,364,42.857142857142854,🟡 Médio Risco,0,0,0
3746,2025,31389270,Inhapim,13,42.857142857142854,🟡 Médio Risco,0,0,0
3747,2025,31389013,Águas Vermelhas,176,42.857142857142854,🟡 Médio Risco,0,0,0
3748,2025,31388882,Bugre,48,42.857142857142854,🟡 Médio Risco,0,0,0
3749,2025,31388858,Uberaba,156,42.857142857142854,🟡 Médio Risco,0,0,0
3750,2025,31388777,Itamarandiba,252,42.857142857142854,🟡 Médio Risco,0,0,0
3751,2025,31388670,Muriaé,101,42.857142857142854,🟡 Médio Risco,0,0,0
3752,2025,31388599,Francisco Badaró,126,42.857142857142854,🟡 Médio Risco,0,0,0
3753,2025,31388335,Guanhães,57,42.857142857142854,🟡 Médio Risco,0,0,0
3754,2025,31388319,Passa Quatro,86,42.857142857142854,🟡 Médio Risco,0,0,0
3755,2025,31388068,Varzelândia,157,42.857142857142854,🟡 Médio Risco,0,0,0
3756,2025,31155551,Ouro Verde de Minas,21,42.857142857142854,🟡 Médio Risco,0,0,0
3757,2025,31155543,Ouro Verde de Minas,36,42.857142857142854,🟡 Médio Risco,0,0,0
3758,2025,31115134,Delfinópolis,105,42.857142857142854,🟡 Médio Risco,0,0,0
3759,2025,31155446,Ouro Verde de Minas,12,42.857142857142854,🟡 Médio Risco,0,0,0
3760,2025,31155357,Novo Cruzeiro,7,42.857142857142854,🟡 Médio Risco,0,0,0
3761,2025,31155314,Novo Cruzeiro,63,42.857142857142854,🟡 Médio Risco,0,0,0
3762,2025,31155217,Novo Cruzeiro,23,42.857142857142854,🟡 Médio Risco,0,0,0
3763,2025,31154938,Nova Módica,15,42.857142857142854,🟡 Médio Risco,0,0,0
3764,2025,31389302,Pedra Azul,94,42.857142857142854,🟡 Médio Risco,0,0,0
3765,2025,31389296,Pitangui,40,42.857142857142854,🟡 Médio Risco,0,0,0
3766,2025,31389289,Cônego Marinho,29,42.857142857142854,🟡 Médio Risco,0,0,0
3767,2025,31389281,Passos,52,42.857142857142854,🟡 Médio Risco,0,0,0
3768,2025,31389280,Arinos,23,42.857142857142854,🟡 Médio Risco,0,0,0
3769,2025,31389279,Mariana,43,42.857142857142854,🟡 Médio Risco,0,0,0
3770,2025,31154920,Nova Módica,18,42.857142857142854,🟡 Médio Risco,0,0,0
3771,2025,31154881,Nova Módica,7,42.857142857142854,🟡 Médio Risco,0,0,0
3772,2025,31154644,Nanuque,32,42.857142857142854,🟡 Médio Risco,0,0,0
3773,2025,31154512,Setubinha,9,42.857142857142854,🟡 Médio Risco,0,0,0
3774,2025,31154504,Setubinha,9,42.857142857142854,🟡 Médio Risco,0,0,0
3775,2025,31154423,Setubinha,9,42.857142857142854,🟡 Médio Risco,0,0,0
3776,2025,31153877,Ladainha,126,42.857142857142854,🟡 Médio Risco,0,0,0
3777,2025,31153869,Ladainha,34,42.857142857142854,🟡 Médio Risco,0,0,0
3778,2025,31153851,Ladainha,27,42.857142857142854,🟡 Médio Risco,0,0,0
3779,2025,31153737,Ladainha,48,42.857142857142854,🟡 Médio Risco,0,0,0
3780,2025,31153699,Ladainha,46,42.857142857142854,🟡 Médio Risco,0,0,0
3781,2025,31153681,Ladainha,19,42.857142857142854,🟡 Médio Risco,0,0,0
3782,2025,31153648,Ladainha,53,42.857142857142854,🟡 Médio Risco,0,0,0
3783,2025,31153605,Ladainha,12,42.857142857142854,🟡 Médio Risco,0,0,0
3784,2025,31153575,Ladainha,18,42.857142857142854,🟡 Médio Risco,0,0,0
3785,2025,31153559,Itinga,36,42.857142857142854,🟡 Médio Risco,0,0,0
3786,2025,31153532,Ponto dos Volantes,53,42.857142857142854,🟡 Médio Risco,0,0,0
3787,2025,31153494,Ponto dos Volantes,26,42.857142857142854,🟡 Médio Risco,0,0,0
3788,2025,31153451,Ponto dos Volantes,6,42.857142857142854,🟡 Médio Risco,0,0,0
3789,2025,31153427,Ponto dos Volantes,39,42.857142857142854,🟡 Médio Risco,0,0,0
3790,2025,31153338,Itinga,41,42.857142857142854,🟡 Médio Risco,0,0,0
3791,2025,31153265,Ponto dos Volantes,13,42.857142857142854,🟡 Médio Risco,0,0,0
3792,2025,31153133,Itinga,7,42.857142857142854,🟡 Médio Risco,0,0,0
3793,2025,31153125,Ponto dos Volantes,47,42.857142857142854,🟡 Médio Risco,0,0,0
3794,2025,31153036,Ponto dos Volantes,105,42.857142857142854,🟡 Médio Risco,0,0,0
3795,2025,31152927,Itinga,7,42.857142857142854,🟡 Médio Risco,0,0,0
3796,2025,31152854,Itaobim,7,42.857142857142854,🟡 Médio Risco,0,0,0
3797,2025,31152676,Itaobim,5,42.857142857142854,🟡 Médio Risco,0,0,0
3798,2025,31152501,Itambacuri,9,42.857142857142854,🟡 Médio Risco,0,0,0
3799,2025,31115835,Vargem Bonita,45,42.857142857142854,🟡 Médio Risco,0,0,0
3800,2025,31152331,Catuji,80,42.857142857142854,🟡 Médio Risco,0,0,0
3801,2025,31152315,Itaipé,12,42.857142857142854,🟡 Médio Risco,0,0,0
3802,2025,31152234,Itaipé,101,42.857142857142854,🟡 Médio Risco,0,0,0
3803,2025,31152153,Itaipé,29,42.857142857142854,🟡 Médio Risco,0,0,0
3804,2025,31152145,Itaipé,53,42.857142857142854,🟡 Médio Risco,0,0,0
3805,2025,31152102,Catuji,46,42.857142857142854,🟡 Médio Risco,0,0,0
3806,2025,31152099,Catuji,98,42.857142857142854,🟡 Médio Risco,0,0,0
3807,2025,31152081,Catuji,13,42.857142857142854,🟡 Médio Risco,0,0,0
3808,2025,31152005,Catuji,35,42.857142857142854,🟡 Médio Risco,0,0,0
3809,2025,31389332,Riacho dos Machados,42,42.857142857142854,🟡 Médio Risco,0,0,0
3810,2025,31389321,Imbé de Minas,34,42.857142857142854,🟡 Médio Risco,0,0,0
3811,2025,31389320,Alvarenga,16,42.857142857142854,🟡 Médio Risco,0,0,0
3812,2025,31389318,Nanuque,42,42.857142857142854,🟡 Médio Risco,0,0,0
3813,2025,31389316,João Pinheiro,14,42.857142857142854,🟡 Médio Risco,0,0,0
3814,2025,31389314,Montes Claros,18,42.857142857142854,🟡 Médio Risco,0,0,0
3815,2025,31389309,Dom Bosco,26,42.857142857142854,🟡 Médio Risco,0,0,0
3816,2025,31389305,Januária,10,42.857142857142854,🟡 Médio Risco,0,0,0
3817,2025,31151971,Itaipé,66,42.857142857142854,🟡 Médio Risco,0,0,0
3818,2025,31151955,Catuji,67,42.857142857142854,🟡 Médio Risco,0,0,0
3819,2025,31151921,Catuji,38,42.857142857142854,🟡 Médio Risco,0,0,0
3820,2025,31118150,Vargem Bonita,30,42.857142857142854,🟡 Médio Risco,0,0,0
3821,2025,31117757,Piumhi,103,42.857142857142854,🟡 Médio Risco,0,0,0
3822,2025,31151904,Itaipé,25,42.857142857142854,🟡 Médio Risco,0,0,0
3823,2025,31151777,Fronteira dos Vales,121,42.857142857142854,🟡 Médio Risco,0,0,0
3824,2025,31151424,Coronel Murta,20,42.857142857142854,🟡 Médio Risco,0,0,0
3825,2025,31151220,Carlos Chagas,82,42.857142857142854,🟡 Médio Risco,0,0,0
3826,2025,31150746,Caraí,38,42.857142857142854,🟡 Médio Risco,0,0,0
3827,2025,31150720,Caraí,196,42.857142857142854,🟡 Médio Risco,0,0,0
3828,2025,31150673,Caraí,36,42.857142857142854,🟡 Médio Risco,0,0,0
3829,2025,31150665,Caraí,22,42.857142857142854,🟡 Médio Risco,0,0,0
3830,2025,31150622,Caraí,24,42.857142857142854,🟡 Médio Risco,0,0,0
3831,2025,31150584,Caraí,17,42.857142857142854,🟡 Médio Risco,0,0,0
3832,2025,31150576,Caraí,28,42.857142857142854,🟡 Médio Risco,0,0,0
3833,2025,31150550,Caraí,40,42.857142857142854,🟡 Médio Risco,0,0,0
3834,2025,31150533,Caraí,27,42.857142857142854,🟡 Médio Risco,0,0,0
3835,2025,31150495,Caraí,22,42.857142857142854,🟡 Médio Risco,0,0,0
3836,2025,31150436,Caraí,28,42.857142857142854,🟡 Médio Risco,0,0,0
3837,2025,31150410,Caraí,11,42.857142857142854,🟡 Médio Risco,0,0,0
3838,2025,31150291,Campanário,87,42.857142857142854,🟡 Médio Risco,0,0,0
3839,2025,31149977,Ataléia,104,42.857142857142854,🟡 Médio Risco,0,0,0
3840,2025,31149497,Araçuaí,20,42.857142857142854,🟡 Médio Risco,0,0,0
3841,2025,31149209,Araçuaí,17,42.857142857142854,🟡 Médio Risco,0,0,0
3842,2025,31149161,Araçuaí,7,42.857142857142854,🟡 Médio Risco,0,0,0
3843,2025,31149110,Araçuaí,11,42.857142857142854,🟡 Médio Risco,0,0,0
3844,2025,31118991,Patos de Minas,596,42.857142857142854,🟡 Médio Risco,0,0,0
3845,2025,31149071,Araçuaí,18,42.857142857142854,🟡 Médio Risco,0,0,0
3846,2025,31149012,Araçuaí,17,42.857142857142854,🟡 Médio Risco,0,0,0
3847,2025,31149004,Araçuaí,4,42.857142857142854,🟡 Médio Risco,0,0,0
3848,2025,31148997,Araçuaí,6,42.857142857142854,🟡 Médio Risco,0,0,0
3849,2025,31148831,Águas Formosas,42,42.857142857142854,🟡 Médio Risco,0,0,0
3850,2025,31148334,Teófilo Otoni,470,42.857142857142854,🟡 Médio Risco,0,0,0
3851,2025,31147974,Teófilo Otoni,499,42.857142857142854,🟡 Médio Risco,0,0,0
3852,2025,31147869,Poté,200,42.857142857142854,🟡 Médio Risco,0,0,0
3853,2025,31147371,Setubinha,51,42.857142857142854,🟡 Médio Risco,0,0,0
3854,2025,31147257,Malacacheta,27,42.857142857142854,🟡 Médio Risco,0,0,0
3855,2025,31147222,Franciscópolis,88,42.857142857142854,🟡 Médio Risco,0,0,0
3856,2025,31147036,Ponto dos Volantes,154,42.857142857142854,🟡 Médio Risco,0,0,0
3857,2025,31147001,Itinga,2,42.857142857142854,🟡 Médio Risco,0,0,0
3858,2025,31146722,Fronteira dos Vales,103,42.857142857142854,🟡 Médio Risco,0,0,0
3859,2025,31146617,Carlos Chagas,70,42.857142857142854,🟡 Médio Risco,0,0,0
3860,2025,31146498,Jampruca,409,42.857142857142854,🟡 Médio Risco,0,0,0
3861,2025,31145327,Sete Lagoas,31,42.857142857142854,🟡 Médio Risco,0,0,0
3862,2025,31145297,Sete Lagoas,172,42.857142857142854,🟡 Médio Risco,0,0,0
3863,2025,31144347,Morro da Garça,29,42.857142857142854,🟡 Médio Risco,0,0,0
3864,2025,31144304,Matozinhos,257,42.857142857142854,🟡 Médio Risco,0,0,0
3865,2025,31144282,Matozinhos,157,42.857142857142854,🟡 Médio Risco,0,0,0
3866,2025,31144266,Matozinhos,95,42.857142857142854,🟡 Médio Risco,0,0,0
3867,2025,31143847,Inimutaba,214,42.857142857142854,🟡 Médio Risco,0,0,0
3868,2025,31143821,Inimutaba,61,42.857142857142854,🟡 Médio Risco,0,0,0
3869,2025,31143278,Curvelo,18,42.857142857142854,🟡 Médio Risco,0,0,0
3870,2025,31143049,Corinto,18,42.857142857142854,🟡 Médio Risco,0,0,0
3871,2025,31119661,Tiros,9,42.857142857142854,🟡 Médio Risco,0,0,0
3872,2025,31119512,São Gonçalo do Abaeté,18,42.857142857142854,🟡 Médio Risco,0,0,0
3873,2025,31119474,São Gonçalo do Abaeté,202,42.857142857142854,🟡 Médio Risco,0,0,0
3874,2025,31119440,Santa Rosa da Serra,246,42.857142857142854,🟡 Médio Risco,0,0,0
3875,2025,31142697,Cordisburgo,10,42.857142857142854,🟡 Médio Risco,0,0,0
3876,2025,31142671,Cordisburgo,10,42.857142857142854,🟡 Médio Risco,0,0,0
3877,2025,31142395,Buenópolis,25,42.857142857142854,🟡 Médio Risco,0,0,0
3878,2025,31142387,Buenópolis,14,42.857142857142854,🟡 Médio Risco,0,0,0
3879,2025,31142034,Três Marias,57,42.857142857142854,🟡 Médio Risco,0,0,0
3880,2025,31141879,Sete Lagoas,184,42.857142857142854,🟡 Médio Risco,0,0,0
3881,2025,31141691,Sete Lagoas,233,42.857142857142854,🟡 Médio Risco,0,0,0
3882,2025,31141666,Sete Lagoas,209,42.857142857142854,🟡 Médio Risco,0,0,0
3883,2025,31141623,Sete Lagoas,236,42.857142857142854,🟡 Médio Risco,0,0,0
3884,2025,31122653,Santa Rosa da Serra,108,42.857142857142854,🟡 Médio Risco,0,0,0
3885,2025,31122556,Presidente Olegário,9,42.857142857142854,🟡 Médio Risco,0,0,0
3886,2025,31122301,Presidente Olegário,35,42.857142857142854,🟡 Médio Risco,0,0,0
3887,2025,31122211,Presidente Olegário,103,42.857142857142854,🟡 Médio Risco,0,0,0
3888,2025,31125946,Caldas,142,42.857142857142854,🟡 Médio Risco,0,0,0
3889,2025,31120791,Lagoa Formosa,74,42.857142857142854,🟡 Médio Risco,0,0,0
3890,2025,31119814,Carmo do Paranaíba,30,42.857142857142854,🟡 Médio Risco,0,0,0
3891,2025,31141267,Matozinhos,298,42.857142857142854,🟡 Médio Risco,0,0,0
3892,2025,31140970,Felixlândia,21,42.857142857142854,🟡 Médio Risco,0,0,0
3893,2025,31140945,Felixlândia,221,42.857142857142854,🟡 Médio Risco,0,0,0
3894,2025,31140589,Cordisburgo,217,42.857142857142854,🟡 Médio Risco,0,0,0
3895,2025,31140520,Capim Branco,26,42.857142857142854,🟡 Médio Risco,0,0,0
3896,2025,31389361,Divino,42,42.857142857142854,🟡 Médio Risco,0,0,0
3897,2025,31389360,Montezuma,10,42.857142857142854,🟡 Médio Risco,0,0,0
3898,2025,31389352,Mariana,137,42.857142857142854,🟡 Médio Risco,0,0,0
3899,2025,31389350,Jequitaí,22,42.857142857142854,🟡 Médio Risco,0,0,0
3900,2025,31389349,Grão Mogol,60,42.857142857142854,🟡 Médio Risco,0,0,0
3901,2025,31389345,Peçanha,42,42.857142857142854,🟡 Médio Risco,0,0,0
3902,2025,31389344,Capitão Andrade,57,42.857142857142854,🟡 Médio Risco,0,0,0
3903,2025,31389343,Paracatu,43,42.857142857142854,🟡 Médio Risco,0,0,0
3904,2025,31389342,Abadia dos Dourados,17,42.857142857142854,🟡 Médio Risco,0,0,0
3905,2025,31389341,Cachoeira de Pajeú,50,42.857142857142854,🟡 Médio Risco,0,0,0
3906,2025,31389338,Juramento,22,42.857142857142854,🟡 Médio Risco,0,0,0
3907,2025,31389336,Caratinga,79,42.857142857142854,🟡 Médio Risco,0,0,0
3908,2025,31389335,Alfenas,10,42.857142857142854,🟡 Médio Risco,0,0,0
3909,2025,31389334,Sacramento,26,42.857142857142854,🟡 Médio Risco,0,0,0
3910,2025,31389333,Diogo de Vasconcelos,32,42.857142857142854,🟡 Médio Risco,0,0,0
3911,2025,31140473,Capim Branco,247,42.857142857142854,🟡 Médio Risco,0,0,0
3912,2025,31139408,Monte Santo de Minas,136,42.857142857142854,🟡 Médio Risco,0,0,0
3913,2025,31138444,Claraval,15,42.857142857142854,🟡 Médio Risco,0,0,0
3914,2025,31123242,Tiros,27,42.857142857142854,🟡 Médio Risco,0,0,0
3915,2025,31123234,Tiros,288,42.857142857142854,🟡 Médio Risco,0,0,0
3916,2025,31123200,Tiros,286,42.857142857142854,🟡 Médio Risco,0,0,0
3917,2025,31122891,São Gonçalo do Abaeté,6,42.857142857142854,🟡 Médio Risco,0,0,0
3918,2025,31122840,Varjão de Minas,28,42.857142857142854,🟡 Médio Risco,0,0,0
3919,2025,31137839,São Pedro da União,68,42.857142857142854,🟡 Médio Risco,0,0,0
3920,2025,31137057,Claraval,63,42.857142857142854,🟡 Médio Risco,0,0,0
3921,2025,31137014,Cássia,153,42.857142857142854,🟡 Médio Risco,0,0,0
3922,2025,31136956,Cássia,35,42.857142857142854,🟡 Médio Risco,0,0,0
3923,2025,31136654,Tiradentes,48,42.857142857142854,🟡 Médio Risco,0,0,0
3924,2025,31136646,Tiradentes,32,42.857142857142854,🟡 Médio Risco,0,0,0
3925,2025,31136620,São Tiago,53,42.857142857142854,🟡 Médio Risco,0,0,0
3926,2025,31136409,São João del Rei,29,42.857142857142854,🟡 Médio Risco,0,0,0
3927,2025,31136310,São João del Rei,274,42.857142857142854,🟡 Médio Risco,0,0,0
3928,2025,31136204,São João del Rei,39,42.857142857142854,🟡 Médio Risco,0,0,0
3929,2025,31123889,Areado,238,42.857142857142854,🟡 Médio Risco,0,0,0
3930,2025,31136085,Ritápolis,11,42.857142857142854,🟡 Médio Risco,0,0,0
3931,2025,31135992,Resende Costa,39,42.857142857142854,🟡 Médio Risco,0,0,0
3932,2025,31135976,Resende Costa,25,42.857142857142854,🟡 Médio Risco,0,0,0
3933,2025,31135917,Resende Costa,13,42.857142857142854,🟡 Médio Risco,0,0,0
3934,2025,31135577,Lagoa Dourada,21,42.857142857142854,🟡 Médio Risco,0,0,0
3935,2025,31135488,Lagoa Dourada,6,42.857142857142854,🟡 Médio Risco,0,0,0
3936,2025,31134945,Bom Sucesso,21,42.857142857142854,🟡 Médio Risco,0,0,0
3937,2025,31134899,Tiradentes,45,42.857142857142854,🟡 Médio Risco,0,0,0
3938,2025,31134244,Lagoa Dourada,32,42.857142857142854,🟡 Médio Risco,0,0,0
3939,2025,31134236,Lagoa Dourada,8,42.857142857142854,🟡 Médio Risco,0,0,0
3940,2025,31134228,Lagoa Dourada,452,42.857142857142854,🟡 Médio Risco,0,0,0
3941,2025,31134198,Lagoa Dourada,12,42.857142857142854,🟡 Médio Risco,0,0,0
3942,2025,31133396,Viçosa,87,42.857142857142854,🟡 Médio Risco,0,0,0
3943,2025,31124222,Caldas,101,42.857142857142854,🟡 Médio Risco,0,0,0
3944,2025,31124168,Caldas,152,42.857142857142854,🟡 Médio Risco,0,0,0
3945,2025,31133205,Sericita,63,42.857142857142854,🟡 Médio Risco,0,0,0
3946,2025,31133124,Sericita,33,42.857142857142854,🟡 Médio Risco,0,0,0
3947,2025,31133116,Sericita,58,42.857142857142854,🟡 Médio Risco,0,0,0
3948,2025,31132675,Rio Casca,126,42.857142857142854,🟡 Médio Risco,0,0,0
3949,2025,31132667,Rio Casca,153,42.857142857142854,🟡 Médio Risco,0,0,0
3950,2025,31132420,Raul Soares,9,42.857142857142854,🟡 Médio Risco,0,0,0
3951,2025,31132411,Raul Soares,23,42.857142857142854,🟡 Médio Risco,0,0,0
3952,2025,31132390,Raul Soares,37,42.857142857142854,🟡 Médio Risco,0,0,0
3953,2025,31132217,Porto Firme,9,42.857142857142854,🟡 Médio Risco,0,0,0
3954,2025,31132187,Porto Firme,8,42.857142857142854,🟡 Médio Risco,0,0,0
3955,2025,31132179,Porto Firme,9,42.857142857142854,🟡 Médio Risco,0,0,0
3956,2025,31132098,Porto Firme,23,42.857142857142854,🟡 Médio Risco,0,0,0
3957,2025,31132080,Porto Firme,10,42.857142857142854,🟡 Médio Risco,0,0,0
3958,2025,31132063,Porto Firme,5,42.857142857142854,🟡 Médio Risco,0,0,0
3959,2025,31131865,Ponte Nova,135,42.857142857142854,🟡 Médio Risco,0,0,0
3960,2025,31131369,Guaraciaba,70,42.857142857142854,🟡 Médio Risco,0,0,0
3961,2025,31131342,Guaraciaba,34,42.857142857142854,🟡 Médio Risco,0,0,0
3962,2025,31130851,Barra Longa,30,42.857142857142854,🟡 Médio Risco,0,0,0
3963,2025,31130711,Araponga,38,42.857142857142854,🟡 Médio Risco,0,0,0
3964,2025,31130702,Araponga,45,42.857142857142854,🟡 Médio Risco,0,0,0
3965,2025,31130681,Araponga,36,42.857142857142854,🟡 Médio Risco,0,0,0
3966,2025,31130419,Pedra Bonita,152,42.857142857142854,🟡 Médio Risco,0,0,0
3967,2025,31124541,Monte Belo,80,42.857142857142854,🟡 Médio Risco,0,0,0
3968,2025,31124532,Monte Belo,87,42.857142857142854,🟡 Médio Risco,0,0,0
3969,2025,31124494,Monte Belo,561,42.857142857142854,🟡 Médio Risco,0,0,0
3970,2025,31130397,Pedra Bonita,26,42.857142857142854,🟡 Médio Risco,0,0,0
3971,2025,31130371,Pedra Bonita,44,42.857142857142854,🟡 Médio Risco,0,0,0
3972,2025,31125881,Caldas,14,42.857142857142854,🟡 Médio Risco,0,0,0
3973,2025,31130141,Abre Campo,22,42.857142857142854,🟡 Médio Risco,0,0,0
3974,2025,31130125,Abre Campo,28,42.857142857142854,🟡 Médio Risco,0,0,0
3975,2025,31130109,Abre Campo,21,42.857142857142854,🟡 Médio Risco,0,0,0
3976,2025,31130095,Abre Campo,71,42.857142857142854,🟡 Médio Risco,0,0,0
3977,2025,31129879,Viçosa,51,42.857142857142854,🟡 Médio Risco,0,0,0
3978,2025,31129771,Teixeiras,30,42.857142857142854,🟡 Médio Risco,0,0,0
3979,2025,31129631,São Pedro dos Ferros,167,42.857142857142854,🟡 Médio Risco,0,0,0
3980,2025,31129569,São Miguel do Anta,180,42.857142857142854,🟡 Médio Risco,0,0,0
3981,2025,31389409,Jaíba,41,42.857142857142854,🟡 Médio Risco,0,0,0
3982,2025,31389387,Governador Valadares,10,42.857142857142854,🟡 Médio Risco,0,0,0
3983,2025,31389385,Inhapim,34,42.857142857142854,🟡 Médio Risco,0,0,0
3984,2025,31389381,Araxá,22,42.857142857142854,🟡 Médio Risco,0,0,0
3985,2025,31389380,Bom Sucesso,33,42.857142857142854,🟡 Médio Risco,0,0,0
3986,2025,31389379,Buritis,34,42.857142857142854,🟡 Médio Risco,0,0,0
3987,2025,31389378,Urucuia,56,42.857142857142854,🟡 Médio Risco,0,0,0
3988,2025,31389370,Botumirim,44,42.857142857142854,🟡 Médio Risco,0,0,0
3989,2025,31125199,Andradas,238,42.857142857142854,🟡 Médio Risco,0,0,0
3990,2025,31389363,Almenara,60,42.857142857142854,🟡 Médio Risco,0,0,0
3991,2025,31129402,Rio Casca,363,42.857142857142854,🟡 Médio Risco,0,0,0
3992,2025,31129399,Rio Casca,376,42.857142857142854,🟡 Médio Risco,0,0,0
3993,2025,31129291,Raul Soares,7,42.857142857142854,🟡 Médio Risco,0,0,0
3994,2025,31124893,Poços de Caldas,217,42.857142857142854,🟡 Médio Risco,0,0,0
3995,2025,31128813,Jequeri,42,42.857142857142854,🟡 Médio Risco,0,0,0
3996,2025,31129429,Rio Doce,148,42.857142857142854,🟡 Médio Risco,0,0,0
3997,2025,31389435,Araguari,58,42.857142857142854,🟡 Médio Risco,0,0,0
3998,2025,31128481,Canaã,60,42.857142857142854,🟡 Médio Risco,0,0,0
3999,2025,31128406,Barra Longa,11,42.857142857142854,🟡 Médio Risco,0,0,0
4000,2025,31128333,Araponga,123,42.857142857142854,🟡 Médio Risco,0,0,0
4001,2025,31128317,Araponga,54,42.857142857142854,🟡 Médio Risco,0,0,0
4002,2025,31128171,Alvinópolis,245,42.857142857142854,🟡 Médio Risco,0,0,0
4003,2025,31127701,Santa Rita de Caldas,25,42.857142857142854,🟡 Médio Risco,0,0,0
4004,2025,31127191,Nova Resende,62,42.857142857142854,🟡 Médio Risco,0,0,0
4005,2025,31127051,Muzambinho,75,42.857142857142854,🟡 Médio Risco,0,0,0
4006,2025,31389427,João Pinheiro,55,42.857142857142854,🟡 Médio Risco,0,0,0
4007,2025,31389426,Alfenas,23,42.857142857142854,🟡 Médio Risco,0,0,0
4008,2025,31389425,Montes Claros,19,42.857142857142854,🟡 Médio Risco,0,0,0
4009,2025,31389423,Paraopeba,41,42.857142857142854,🟡 Médio Risco,0,0,0
4010,2025,31389440,Carangola,33,42.857142857142854,🟡 Médio Risco,0,0,0
4011,2025,31389595,Sete Lagoas,106,42.857142857142854,🟡 Médio Risco,0,0,0
4012,2025,31128520,Canaã,66,42.857142857142854,🟡 Médio Risco,0,0,0
4013,2025,31231207,Ibiá,59,38.095238095238095,🟡 Médio Risco,1,0,1
4014,2025,31270318,Setubinha,48,38.095238095238095,🟡 Médio Risco,1,0,1
4015,2025,31265772,Conceição do Mato Dentro,16,38.095238095238095,🟡 Médio Risco,1,0,1
4016,2025,31071072,Coronel Pacheco,59,38.095238095238095,🟡 Médio Risco,1,0,1
4017,2025,31077984,Mutum,15,38.095238095238095,🟡 Médio Risco,1,0,1
4018,2025,31076554,Lajinha,19,38.095238095238095,🟡 Médio Risco,1,0,1
4019,2025,31256242,Amparo do Serra,69,38.095238095238095,🟡 Médio Risco,1,0,1
4020,2025,31085693,Coração de Jesus,13,38.095238095238095,🟡 Médio Risco,1,0,1
4021,2025,31389353,Poços de Caldas,44,38.095238095238095,🟡 Médio Risco,1,0,1
4022,2025,31272299,Mutum,24,38.095238095238095,🟡 Médio Risco,1,0,1
4023,2025,31065706,Montalvânia,20,38.095238095238095,🟡 Médio Risco,1,0,1
4024,2025,31272272,Mutum,22,38.095238095238095,🟡 Médio Risco,1,0,1
4025,2025,31109363,Arinos,34,38.095238095238095,🟡 Médio Risco,1,0,1
4026,2025,31353310,Baependi,11,38.095238095238095,🟡 Médio Risco,1,0,1
4027,2025,31386782,Bom Jesus do Amparo,77,38.095238095238095,🟡 Médio Risco,1,0,1
4028,2025,31029441,Minas Novas,5,38.095238095238095,🟡 Médio Risco,1,0,1
4029,2025,31168602,Monte Alegre de Minas,108,38.095238095238095,🟡 Médio Risco,1,0,1
4030,2025,31038814,Medeiros,11,38.095238095238095,🟡 Médio Risco,1,0,1
4031,2025,31317519,Ferros,7,38.095238095238095,🟡 Médio Risco,1,0,1
4032,2025,31314323,Mutum,26,38.095238095238095,🟡 Médio Risco,1,0,1
4033,2025,31050806,Peçanha,30,38.095238095238095,🟡 Médio Risco,1,0,1
4034,2025,31050628,Cantagalo,23,38.095238095238095,🟡 Médio Risco,1,0,1
4035,2025,31107751,Ouro Preto,23,38.095238095238095,🟡 Médio Risco,1,0,1
4036,2025,31186872,Bandeira,54,38.095238095238095,🟡 Médio Risco,1,0,1
4037,2025,31010553,Santa Bárbara,17,38.095238095238095,🟡 Médio Risco,1,0,1
4038,2025,31135887,Prados,27,38.095238095238095,🟡 Médio Risco,1,0,1
4039,2025,31116386,Carmo do Rio Claro,44,38.095238095238095,🟡 Médio Risco,1,0,1
4040,2025,31148792,Águas Formosas,7,38.095238095238095,🟡 Médio Risco,1,0,1
4041,2025,31013307,Santa Bárbara,7,38.095238095238095,🟡 Médio Risco,1,0,1
4042,2025,31013323,Santa Bárbara,9,38.095238095238095,🟡 Médio Risco,1,0,1
4043,2025,31013234,Santa Bárbara,9,38.095238095238095,🟡 Médio Risco,1,0,1
4044,2025,31147346,Setubinha,46,38.095238095238095,🟡 Médio Risco,1,0,1
4045,2025,31377570,Belo Vale,4,38.095238095238095,🟡 Médio Risco,1,0,1
4046,2025,31382043,Chapada do Norte,41,38.095238095238095,🟡 Médio Risco,1,0,1
4047,2025,31355623,Januária,65,38.095238095238095,🟡 Médio Risco,1,0,1
4048,2025,31154954,Novo Cruzeiro,57,38.095238095238095,🟡 Médio Risco,1,0,1
4049,2025,31112496,Paracatu,132,38.095238095238095,🟡 Médio Risco,1,0,1
4050,2025,31018317,Ressaquinha,11,38.095238095238095,🟡 Médio Risco,1,0,1
4051,2025,31389372,Santo Antônio do Retiro,52,33.33333333333333,🟡 Médio Risco,1,1,0
4052,2025,31389371,Montes Claros,41,33.33333333333333,🟡 Médio Risco,1,1,0
4053,2025,31067261,Ubaí,30,33.33333333333333,🟡 Médio Risco,1,1,0
4054,2025,31067121,Ubaí,31,33.33333333333333,🟡 Médio Risco,1,1,0
4055,2025,31067032,Ubaí,28,33.33333333333333,🟡 Médio Risco,1,1,0
4056,2025,31389354,Malacacheta,29,33.33333333333333,🟡 Médio Risco,1,1,0
4057,2025,31250279,Nova Belém,8,33.33333333333333,🟡 Médio Risco,1,1,0
4058,2025,31389346,Santa Maria do Suaçuí,11,33.33333333333333,🟡 Médio Risco,1,1,0
4059,2025,31389299,Bocaiúva,35,33.33333333333333,🟡 Médio Risco,1,1,0
4060,2025,31221147,Ubaí,17,33.33333333333333,🟡 Médio Risco,1,1,0
4061,2025,31389373,Paracatu,44,33.33333333333333,🟡 Médio Risco,1,1,0
4062,2025,31389388,Miravânia,33,33.33333333333333,🟡 Médio Risco,1,1,0
4063,2025,31389282,Malacacheta,39,33.33333333333333,🟡 Médio Risco,1,1,0
4064,2025,31352322,São Sebastião do Maranhão,22,33.33333333333333,🟡 Médio Risco,1,1,0
4065,2025,31384763,Buritizeiro,56,33.33333333333333,🟡 Médio Risco,1,1,0
4066,2025,31389402,Bocaiúva,35,33.33333333333333,🟡 Médio Risco,1,1,0
4067,2025,31389416,Itamonte,66,33.33333333333333,🟡 Médio Risco,1,1,0
4068,2025,31389415,Paracatu,79,33.33333333333333,🟡 Médio Risco,1,1,0
4069,2025,31326798,São Joaquim de Bicas,178,28.57142857142857,🟢 Baixo Risco,0,1,1
4070,2025,31009059,Esmeraldas,560,28.57142857142857,🟢 Baixo Risco,0,1,1
4071,2025,31020541,Inhapim,33,28.57142857142857,🟢 Baixo Risco,0,1,1
4072,2025,31009784,Pedro Leopoldo,288,28.57142857142857,🟢 Baixo Risco,0,1,1
4073,2025,31024406,Itamarandiba,133,28.57142857142857,🟢 Baixo Risco,0,1,1
4074,2025,31141291,Morro do Pilar,368,28.57142857142857,🟢 Baixo Risco,0,1,1
4075,2025,31020621,Inhapim,39,28.57142857142857,🟢 Baixo Risco,0,1,1
4076,2025,31342653,Santa Bárbara do Monte Verde,78,28.57142857142857,🟢 Baixo Risco,0,1,1
4077,2025,31351148,Fervedouro,225,28.57142857142857,🟢 Baixo Risco,0,1,1
4078,2025,31108413,Buritis,736,28.57142857142857,🟢 Baixo Risco,0,1,1
4079,2025,31047708,Divinolândia de Minas,35,28.57142857142857,🟢 Baixo Risco,0,1,1
4080,2025,31298662,Januária,123,28.57142857142857,🟢 Baixo Risco,0,1,1
4081,2025,31185469,Santo Antônio do Jacinto,92,28.57142857142857,🟢 Baixo Risco,0,1,1
4082,2025,31054992,Delfim Moreira,104,28.57142857142857,🟢 Baixo Risco,0,1,1
4083,2025,31056812,Wenceslau Braz,217,28.57142857142857,🟢 Baixo Risco,0,1,1
4084,2025,31062731,Manga,178,28.57142857142857,🟢 Baixo Risco,0,1,1
4085,2025,31063177,São Francisco,119,28.57142857142857,🟢 Baixo Risco,0,1,1
4086,2025,31273970,Sardoá,197,28.57142857142857,🟢 Baixo Risco,0,1,1
4087,2025,31196347,Rio Espera,296,28.57142857142857,🟢 Baixo Risco,0,1,1
4088,2025,31269131,Matutina,92,28.57142857142857,🟢 Baixo Risco,0,1,1
4089,2025,31079634,Brasília de Minas,379,28.57142857142857,🟢 Baixo Risco,0,1,1
4090,2025,31253847,Pintópolis,157,28.57142857142857,🟢 Baixo Risco,0,1,1
4091,2025,31081167,Monte Azul,309,28.57142857142857,🟢 Baixo Risco,0,1,1
4092,2025,31217000,Durandé,371,28.57142857142857,🟢 Baixo Risco,0,1,1
4093,2025,31246301,Santo Antônio do Jacinto,94,28.57142857142857,🟢 Baixo Risco,0,1,1
4094,2025,31246328,Cachoeira de Pajeú,94,28.57142857142857,🟢 Baixo Risco,0,1,1
4095,2025,31217352,Varzelândia,185,28.57142857142857,🟢 Baixo Risco,0,1,1
4096,2025,31082783,Riachinho,89,28.57142857142857,🟢 Baixo Risco,0,1,1
4097,2025,31097713,Espera Feliz,184,28.57142857142857,🟢 Baixo Risco,0,1,1
4098,2025,31089443,Patis,85,28.57142857142857,🟢 Baixo Risco,0,1,1
4099,2025,31097241,Carangola,219,28.57142857142857,🟢 Baixo Risco,0,1,1
4100,2025,31389356,Varginha,32,23.809523809523807,🟢 Baixo Risco,0,0,1
4101,2025,31389359,Ibiaí,35,23.809523809523807,🟢 Baixo Risco,0,0,1
4102,2025,31000493,Belo Horizonte,704,23.809523809523807,🟢 Baixo Risco,0,0,1
4103,2025,31000728,Belo Horizonte,97,23.809523809523807,🟢 Baixo Risco,0,0,1
4104,2025,31224766,Santa Luzia,724,23.809523809523807,🟢 Baixo Risco,0,0,1
4105,2025,31225142,Passabém,67,23.809523809523807,🟢 Baixo Risco,0,0,1
4106,2025,31225436,Monte Sião,551,23.809523809523807,🟢 Baixo Risco,0,0,1
4107,2025,31227889,João Monlevade,641,23.809523809523807,🟢 Baixo Risco,0,0,1
4108,2025,31385174,Caetanópolis,88,23.809523809523807,🟢 Baixo Risco,0,0,1
4109,2025,31384712,Iturama,70,23.809523809523807,🟢 Baixo Risco,0,0,1
4110,2025,31384925,Carmo da Cachoeira,144,23.809523809523807,🟢 Baixo Risco,0,0,1
4111,2025,31383872,Itabirito,286,23.809523809523807,🟢 Baixo Risco,0,0,1
4112,2025,31384127,Conceição do Mato Dentro,370,23.809523809523807,🟢 Baixo Risco,0,0,1
4113,2025,31384186,São Domingos do Prata,119,23.809523809523807,🟢 Baixo Risco,0,0,1
4114,2025,31384402,Araújos,40,23.809523809523807,🟢 Baixo Risco,0,0,1
4115,2025,31384445,Boa Esperança,189,23.809523809523807,🟢 Baixo Risco,0,0,1
4116,2025,31384488,Ponte Nova,96,23.809523809523807,🟢 Baixo Risco,0,0,1
4117,2025,31002267,Belo Horizonte,807,23.809523809523807,🟢 Baixo Risco,0,0,1
4118,2025,31129411,Rio Casca,46,23.809523809523807,🟢 Baixo Risco,0,0,1
4119,2025,31387541,Silvianópolis,82,23.809523809523807,🟢 Baixo Risco,0,0,1
4120,2025,31001490,Belo Horizonte,599,23.809523809523807,🟢 Baixo Risco,0,0,1
4121,2025,31124842,Poços de Caldas,389,23.809523809523807,🟢 Baixo Risco,0,0,1
4122,2025,31001759,Belo Horizonte,358,23.809523809523807,🟢 Baixo Risco,0,0,1
4123,2025,31386529,Nepomuceno,56,23.809523809523807,🟢 Baixo Risco,0,0,1
4124,2025,31383317,Sabará,320,23.809523809523807,🟢 Baixo Risco,0,0,1
4125,2025,31383562,Viçosa,229,23.809523809523807,🟢 Baixo Risco,0,0,1
4126,2025,31383589,Eugenópolis,130,23.809523809523807,🟢 Baixo Risco,0,0,1
4127,2025,31383619,Consolação,29,23.809523809523807,🟢 Baixo Risco,0,0,1
4128,2025,31383791,Capim Branco,30,23.809523809523807,🟢 Baixo Risco,0,0,1
4129,2025,31002569,Belo Horizonte,1585,23.809523809523807,🟢 Baixo Risco,0,0,1
4130,2025,31382639,Ubá,309,23.809523809523807,🟢 Baixo Risco,0,0,1
4131,2025,31129682,Teixeiras,296,23.809523809523807,🟢 Baixo Risco,0,0,1
4132,2025,31129691,Teixeiras,16,23.809523809523807,🟢 Baixo Risco,0,0,1
4133,2025,31129739,Teixeiras,30,23.809523809523807,🟢 Baixo Risco,0,0,1
4134,2025,31129909,Viçosa,200,23.809523809523807,🟢 Baixo Risco,0,0,1
4135,2025,31129925,Viçosa,519,23.809523809523807,🟢 Baixo Risco,0,0,1
4136,2025,31129089,Ponte Nova,453,23.809523809523807,🟢 Baixo Risco,0,0,1
4137,2025,31001911,Belo Horizonte,296,23.809523809523807,🟢 Baixo Risco,0,0,1
4138,2025,31384933,Três Pontas,282,23.809523809523807,🟢 Baixo Risco,0,0,1
4139,2025,31385107,Itatiaiuçu,254,23.809523809523807,🟢 Baixo Risco,0,0,1
4140,2025,31383066,Lagoa Santa,261,23.809523809523807,🟢 Baixo Risco,0,0,1
4141,2025,31002691,Belo Horizonte,430,23.809523809523807,🟢 Baixo Risco,0,0,1
4142,2025,31002721,Belo Horizonte,209,23.809523809523807,🟢 Baixo Risco,0,0,1
4143,2025,31382442,Carandaí,148,23.809523809523807,🟢 Baixo Risco,0,0,1
4144,2025,31382574,São Joaquim de Bicas,52,23.809523809523807,🟢 Baixo Risco,0,0,1
4145,2025,31382302,Ubá,233,23.809523809523807,🟢 Baixo Risco,0,0,1
4146,2025,31382400,Campina Verde,88,23.809523809523807,🟢 Baixo Risco,0,0,1
4147,2025,31002607,Belo Horizonte,312,23.809523809523807,🟢 Baixo Risco,0,0,1
4148,2025,31002615,Belo Horizonte,788,23.809523809523807,🟢 Baixo Risco,0,0,1
4149,2025,31124672,Nova Resende,820,23.809523809523807,🟢 Baixo Risco,0,0,1
4150,2025,31124788,Poços de Caldas,225,23.809523809523807,🟢 Baixo Risco,0,0,1
4151,2025,31002887,Belo Horizonte,344,23.809523809523807,🟢 Baixo Risco,0,0,1
4152,2025,31129577,São Miguel do Anta,100,23.809523809523807,🟢 Baixo Risco,0,0,1
4153,2025,31002291,Belo Horizonte,329,23.809523809523807,🟢 Baixo Risco,0,0,1
4154,2025,31383821,Lajinha,167,23.809523809523807,🟢 Baixo Risco,0,0,1
4155,2025,31383201,Uberaba,254,23.809523809523807,🟢 Baixo Risco,0,0,1
4156,2025,31381675,Carangola,45,23.809523809523807,🟢 Baixo Risco,0,0,1
4157,2025,31381705,Frutal,468,23.809523809523807,🟢 Baixo Risco,0,0,1
4158,2025,31381853,São João Evangelista,108,23.809523809523807,🟢 Baixo Risco,0,0,1
4159,2025,31002798,Belo Horizonte,855,23.809523809523807,🟢 Baixo Risco,0,0,1
4160,2025,31002801,Belo Horizonte,850,23.809523809523807,🟢 Baixo Risco,0,0,1
4161,2025,31381357,Bambuí,59,23.809523809523807,🟢 Baixo Risco,0,0,1
4162,2025,31381403,São João del Rei,199,23.809523809523807,🟢 Baixo Risco,0,0,1
4163,2025,31124338,Conceição da Aparecida,95,23.809523809523807,🟢 Baixo Risco,0,0,1
4164,2025,31124362,Conceição da Aparecida,525,23.809523809523807,🟢 Baixo Risco,0,0,1
4165,2025,31124451,Ibitiúra de Minas,261,23.809523809523807,🟢 Baixo Risco,0,0,1
4166,2025,31124559,Muzambinho,64,23.809523809523807,🟢 Baixo Risco,0,0,1
4167,2025,31129950,Viçosa,99,23.809523809523807,🟢 Baixo Risco,0,0,1
4168,2025,31383023,Ouro Verde de Minas,432,23.809523809523807,🟢 Baixo Risco,0,0,1
4169,2025,31383031,Medina,210,23.809523809523807,🟢 Baixo Risco,0,0,1
4170,2025,31383040,Salinas,422,23.809523809523807,🟢 Baixo Risco,0,0,1
4171,2025,31383058,Salinas,23,23.809523809523807,🟢 Baixo Risco,0,0,1
4172,2025,31381209,Carmo do Cajuru,147,23.809523809523807,🟢 Baixo Risco,0,0,1
4173,2025,31381233,Botelhos,73,23.809523809523807,🟢 Baixo Risco,0,0,1
4174,2025,31381241,Angelândia,417,23.809523809523807,🟢 Baixo Risco,0,0,1
4175,2025,31381306,Santa Margarida,380,23.809523809523807,🟢 Baixo Risco,0,0,1
4176,2025,31380393,Cajuri,38,23.809523809523807,🟢 Baixo Risco,0,0,1
4177,2025,31380954,Lavras,142,23.809523809523807,🟢 Baixo Risco,0,0,1
4178,2025,31380962,Lavras,173,23.809523809523807,🟢 Baixo Risco,0,0,1
4179,2025,31380970,Lavras,224,23.809523809523807,🟢 Baixo Risco,0,0,1
4180,2025,31381047,Sabinópolis,92,23.809523809523807,🟢 Baixo Risco,0,0,1
4181,2025,31381110,Desterro de Entre Rios,184,23.809523809523807,🟢 Baixo Risco,0,0,1
4182,2025,31381195,Santa Helena de Minas,163,23.809523809523807,🟢 Baixo Risco,0,0,1
4183,2025,31131237,Guaraciaba,109,23.809523809523807,🟢 Baixo Risco,0,0,1
4184,2025,31131687,Pedra do Anta,162,23.809523809523807,🟢 Baixo Risco,0,0,1
4185,2025,31382000,Prata,420,23.809523809523807,🟢 Baixo Risco,0,0,1
4186,2025,31382051,Chapada do Norte,33,23.809523809523807,🟢 Baixo Risco,0,0,1
4187,2025,31382060,Chapada do Norte,37,23.809523809523807,🟢 Baixo Risco,0,0,1
4188,2025,31133213,Sericita,416,23.809523809523807,🟢 Baixo Risco,0,0,1
4189,2025,31379620,Ubá,134,23.809523809523807,🟢 Baixo Risco,0,0,1
4190,2025,31379638,Ubá,221,23.809523809523807,🟢 Baixo Risco,0,0,1
4191,2025,31380040,Peçanha,132,23.809523809523807,🟢 Baixo Risco,0,0,1
4192,2025,31380083,Vespasiano,331,23.809523809523807,🟢 Baixo Risco,0,0,1
4193,2025,31380113,Bambuí,49,23.809523809523807,🟢 Baixo Risco,0,0,1
4194,2025,31380130,São Sebastião do Paraíso,225,23.809523809523807,🟢 Baixo Risco,0,0,1
4195,2025,31380253,Sete Lagoas,96,23.809523809523807,🟢 Baixo Risco,0,0,1
4196,2025,31380261,São Miguel do Anta,184,23.809523809523807,🟢 Baixo Risco,0,0,1
4197,2025,31380270,Lavras,227,23.809523809523807,🟢 Baixo Risco,0,0,1
4198,2025,31003123,Belo Horizonte,960,23.809523809523807,🟢 Baixo Risco,0,0,1
4199,2025,31124214,Caldas,135,23.809523809523807,🟢 Baixo Risco,0,0,1
4200,2025,31133418,Viçosa,365,23.809523809523807,🟢 Baixo Risco,0,0,1
4201,2025,31381438,Rio Paranaíba,265,23.809523809523807,🟢 Baixo Risco,0,0,1
4202,2025,31381632,São Roque de Minas,176,23.809523809523807,🟢 Baixo Risco,0,0,1
4203,2025,31003042,Belo Horizonte,375,23.809523809523807,🟢 Baixo Risco,0,0,1
4204,2025,31124605,Muzambinho,85,23.809523809523807,🟢 Baixo Risco,0,0,1
4205,2025,31003174,Belo Horizonte,1001,23.809523809523807,🟢 Baixo Risco,0,0,1
4206,2025,31379506,Serra do Salitre,73,23.809523809523807,🟢 Baixo Risco,0,0,1
4207,2025,31379565,Jequitibá,160,23.809523809523807,🟢 Baixo Risco,0,0,1
4208,2025,31379077,Catuti,71,23.809523809523807,🟢 Baixo Risco,0,0,1
4209,2025,31379301,Igarapé,164,23.809523809523807,🟢 Baixo Risco,0,0,1
4210,2025,31379433,Claro dos Poções,86,23.809523809523807,🟢 Baixo Risco,0,0,1
4211,2025,31379441,Itambé do Mato Dentro,100,23.809523809523807,🟢 Baixo Risco,0,0,1
4212,2025,31379450,São Domingos do Prata,32,23.809523809523807,🟢 Baixo Risco,0,0,1
4213,2025,31379468,São Domingos do Prata,102,23.809523809523807,🟢 Baixo Risco,0,0,1
4214,2025,31003085,Belo Horizonte,706,23.809523809523807,🟢 Baixo Risco,0,0,1
4215,2025,31133922,Carrancas,333,23.809523809523807,🟢 Baixo Risco,0,0,1
4216,2025,31134112,Itumirim,249,23.809523809523807,🟢 Baixo Risco,0,0,1
4217,2025,31131776,Ponte Nova,31,23.809523809523807,🟢 Baixo Risco,0,0,1
4218,2025,31132543,Raul Soares,17,23.809523809523807,🟢 Baixo Risco,0,0,1
4219,2025,31133183,Sericita,116,23.809523809523807,🟢 Baixo Risco,0,0,1
4220,2025,31378895,São João do Oriente,76,23.809523809523807,🟢 Baixo Risco,0,0,1
4221,2025,31379026,Santo Antônio do Monte,202,23.809523809523807,🟢 Baixo Risco,0,0,1
4222,2025,31378127,Carneirinho,115,23.809523809523807,🟢 Baixo Risco,0,0,1
4223,2025,31378135,Sobrália,227,23.809523809523807,🟢 Baixo Risco,0,0,1
4224,2025,31378224,São Domingos do Prata,248,23.809523809523807,🟢 Baixo Risco,0,0,1
4225,2025,31378364,Tapira,280,23.809523809523807,🟢 Baixo Risco,0,0,1
4226,2025,31378437,Senhora dos Remédios,162,23.809523809523807,🟢 Baixo Risco,0,0,1
4227,2025,31378550,Indaiabira,102,23.809523809523807,🟢 Baixo Risco,0,0,1
4228,2025,31378577,Rubelita,21,23.809523809523807,🟢 Baixo Risco,0,0,1
4229,2025,31003271,Belo Horizonte,186,23.809523809523807,🟢 Baixo Risco,0,0,1
4230,2025,31134546,São João del Rei,359,23.809523809523807,🟢 Baixo Risco,0,0,1
4231,2025,31133809,Bom Sucesso,107,23.809523809523807,🟢 Baixo Risco,0,0,1
4232,2025,31003310,Belo Horizonte,471,23.809523809523807,🟢 Baixo Risco,0,0,1
4233,2025,31133426,Viçosa,361,23.809523809523807,🟢 Baixo Risco,0,0,1
4234,2025,31133434,Viçosa,479,23.809523809523807,🟢 Baixo Risco,0,0,1
4235,2025,31133736,Bom Sucesso,186,23.809523809523807,🟢 Baixo Risco,0,0,1
4236,2025,31377872,Uberlândia,222,23.809523809523807,🟢 Baixo Risco,0,0,1
4237,2025,31377031,Sacramento,739,23.809523809523807,🟢 Baixo Risco,0,0,1
4238,2025,31377279,Medina,525,23.809523809523807,🟢 Baixo Risco,0,0,1
4239,2025,31377384,Vazante,203,23.809523809523807,🟢 Baixo Risco,0,0,1
4240,2025,31377465,Muriaé,154,23.809523809523807,🟢 Baixo Risco,0,0,1
4241,2025,31377716,São João Evangelista,144,23.809523809523807,🟢 Baixo Risco,0,0,1
4242,2025,31377732,Curvelo,354,23.809523809523807,🟢 Baixo Risco,0,0,1
4243,2025,31377740,Gouveia,101,23.809523809523807,🟢 Baixo Risco,0,0,1
4244,2025,31134741,São João del Rei,143,23.809523809523807,🟢 Baixo Risco,0,0,1
4245,2025,31134210,Lagoa Dourada,28,23.809523809523807,🟢 Baixo Risco,0,0,1
4246,2025,31003476,Belo Horizonte,623,23.809523809523807,🟢 Baixo Risco,0,0,1
4247,2025,31003531,Belo Horizonte,690,23.809523809523807,🟢 Baixo Risco,0,0,1
4248,2025,31003662,Belo Horizonte,446,23.809523809523807,🟢 Baixo Risco,0,0,1
4249,2025,31378810,Inhapim,87,23.809523809523807,🟢 Baixo Risco,0,0,1
4250,2025,31378828,Inhapim,23,23.809523809523807,🟢 Baixo Risco,0,0,1
4251,2025,31378844,Ipaba,51,23.809523809523807,🟢 Baixo Risco,0,0,1
4252,2025,31376400,Contagem,771,23.809523809523807,🟢 Baixo Risco,0,0,1
4253,2025,31376434,Camanducaia,381,23.809523809523807,🟢 Baixo Risco,0,0,1
4254,2025,31376566,Varginha,174,23.809523809523807,🟢 Baixo Risco,0,0,1
4255,2025,31376647,Vespasiano,314,23.809523809523807,🟢 Baixo Risco,0,0,1
4256,2025,31376744,Bom Despacho,161,23.809523809523807,🟢 Baixo Risco,0,0,1
4257,2025,31375659,Carangola,128,23.809523809523807,🟢 Baixo Risco,0,0,1
4258,2025,31375691,Patrocínio,344,23.809523809523807,🟢 Baixo Risco,0,0,1
4259,2025,31375985,Patrocínio,189,23.809523809523807,🟢 Baixo Risco,0,0,1
4260,2025,31376094,Guiricema,266,23.809523809523807,🟢 Baixo Risco,0,0,1
4261,2025,31376108,Andrelândia,218,23.809523809523807,🟢 Baixo Risco,0,0,1
4262,2025,31376132,Ubá,376,23.809523809523807,🟢 Baixo Risco,0,0,1
4263,2025,31376329,Dores do Indaiá,229,23.809523809523807,🟢 Baixo Risco,0,0,1
4264,2025,31135801,Prados,42,23.809523809523807,🟢 Baixo Risco,0,0,1
4265,2025,31007731,Barão de Cocais,311,23.809523809523807,🟢 Baixo Risco,0,0,1
4266,2025,31003361,Belo Horizonte,126,23.809523809523807,🟢 Baixo Risco,0,0,1
4267,2025,31377848,Urucuia,373,23.809523809523807,🟢 Baixo Risco,0,0,1
4268,2025,31007935,Betim,988,23.809523809523807,🟢 Baixo Risco,0,0,1
4269,2025,31375101,Capelinha,325,23.809523809523807,🟢 Baixo Risco,0,0,1
4270,2025,31375110,Capelinha,330,23.809523809523807,🟢 Baixo Risco,0,0,1
4271,2025,31375250,Monte Sião,342,23.809523809523807,🟢 Baixo Risco,0,0,1
4272,2025,31374440,Gouveia,214,23.809523809523807,🟢 Baixo Risco,0,0,1
4273,2025,31374466,Jequitinhonha,259,23.809523809523807,🟢 Baixo Risco,0,0,1
4274,2025,31374520,Capelinha,76,23.809523809523807,🟢 Baixo Risco,0,0,1
4275,2025,31374717,Alvorada de Minas,62,23.809523809523807,🟢 Baixo Risco,0,0,1
4276,2025,31374725,Alvorada de Minas,143,23.809523809523807,🟢 Baixo Risco,0,0,1
4277,2025,31374792,Botelhos,260,23.809523809523807,🟢 Baixo Risco,0,0,1
4278,2025,31374849,Minas Novas,63,23.809523809523807,🟢 Baixo Risco,0,0,1
4279,2025,31007803,Betim,281,23.809523809523807,🟢 Baixo Risco,0,0,1
4280,2025,31123960,Botelhos,64,23.809523809523807,🟢 Baixo Risco,0,0,1
4281,2025,31136191,São João del Rei,53,23.809523809523807,🟢 Baixo Risco,0,0,1
4282,2025,31008150,Brumadinho,376,23.809523809523807,🟢 Baixo Risco,0,0,1
4283,2025,31376370,Varginha,104,23.809523809523807,🟢 Baixo Risco,0,0,1
4284,2025,31008222,Brumadinho,413,23.809523809523807,🟢 Baixo Risco,0,0,1
4285,2025,31373842,Fervedouro,115,23.809523809523807,🟢 Baixo Risco,0,0,1
4286,2025,31374148,Prados,250,23.809523809523807,🟢 Baixo Risco,0,0,1
4287,2025,31374318,Barroso,181,23.809523809523807,🟢 Baixo Risco,0,0,1
4288,2025,31373362,Riachinho,155,23.809523809523807,🟢 Baixo Risco,0,0,1
4289,2025,31373400,Reduto,39,23.809523809523807,🟢 Baixo Risco,0,0,1
4290,2025,31373699,Porteirinha,414,23.809523809523807,🟢 Baixo Risco,0,0,1
4291,2025,31373702,Porteirinha,216,23.809523809523807,🟢 Baixo Risco,0,0,1
4292,2025,31373729,Leme do Prado,131,23.809523809523807,🟢 Baixo Risco,0,0,1
4293,2025,31373818,Monte Santo de Minas,138,23.809523809523807,🟢 Baixo Risco,0,0,1
4294,2025,31373826,Poté,412,23.809523809523807,🟢 Baixo Risco,0,0,1
4295,2025,31372196,São João Nepomuceno,52,23.809523809523807,🟢 Baixo Risco,0,0,1
4296,2025,31372315,Lagoa da Prata,186,23.809523809523807,🟢 Baixo Risco,0,0,1
4297,2025,31136999,Cássia,382,23.809523809523807,🟢 Baixo Risco,0,0,1
4298,2025,31372374,Rio Paranaíba,71,23.809523809523807,🟢 Baixo Risco,0,0,1
4299,2025,31375500,Capelinha,169,23.809523809523807,🟢 Baixo Risco,0,0,1
4300,2025,31372528,Berilo,47,23.809523809523807,🟢 Baixo Risco,0,0,1
4301,2025,31372544,Carmópolis de Minas,202,23.809523809523807,🟢 Baixo Risco,0,0,1
4302,2025,31372595,Congonhas,220,23.809523809523807,🟢 Baixo Risco,0,0,1
4303,2025,31372706,São João do Paraíso,122,23.809523809523807,🟢 Baixo Risco,0,0,1
4304,2025,31372935,São José da Lapa,196,23.809523809523807,🟢 Baixo Risco,0,0,1
4305,2025,31372986,Capitólio,292,23.809523809523807,🟢 Baixo Risco,0,0,1
4306,2025,31373133,Ubá,271,23.809523809523807,🟢 Baixo Risco,0,0,1
4307,2025,31373214,Congonhas,168,23.809523809523807,🟢 Baixo Risco,0,0,1
4308,2025,31372102,Pouso Alegre,257,23.809523809523807,🟢 Baixo Risco,0,0,1
4309,2025,31372110,Sete Lagoas,115,23.809523809523807,🟢 Baixo Risco,0,0,1
4310,2025,31137383,Ibiraci,331,23.809523809523807,🟢 Baixo Risco,0,0,1
4311,2025,31136921,Capetinga,56,23.809523809523807,🟢 Baixo Risco,0,0,1
4312,2025,31136930,Cássia,471,23.809523809523807,🟢 Baixo Risco,0,0,1
4313,2025,31372129,Contagem,1049,23.809523809523807,🟢 Baixo Risco,0,0,1
4314,2025,31008362,Caeté,467,23.809523809523807,🟢 Baixo Risco,0,0,1
4315,2025,31008176,Brumadinho,369,23.809523809523807,🟢 Baixo Risco,0,0,1
4316,2025,31371289,Capelinha,502,23.809523809523807,🟢 Baixo Risco,0,0,1
4317,2025,31371467,Nepomuceno,217,23.809523809523807,🟢 Baixo Risco,0,0,1
4318,2025,31371670,Araçuaí,84,23.809523809523807,🟢 Baixo Risco,0,0,1
4319,2025,31371700,Medina,165,23.809523809523807,🟢 Baixo Risco,0,0,1
4320,2025,31371807,Esmeraldas,42,23.809523809523807,🟢 Baixo Risco,0,0,1
4321,2025,31371840,Urucuia,285,23.809523809523807,🟢 Baixo Risco,0,0,1
4322,2025,31371874,Campina Verde,107,23.809523809523807,🟢 Baixo Risco,0,0,1
4323,2025,31371912,Cachoeira da Prata,207,23.809523809523807,🟢 Baixo Risco,0,0,1
4324,2025,31371920,Japaraíba,36,23.809523809523807,🟢 Baixo Risco,0,0,1
4325,2025,31371947,Montalvânia,148,23.809523809523807,🟢 Baixo Risco,0,0,1
4326,2025,31372072,Caraí,89,23.809523809523807,🟢 Baixo Risco,0,0,1
4327,2025,31372080,Ponto dos Volantes,142,23.809523809523807,🟢 Baixo Risco,0,0,1
4328,2025,31137812,São Pedro da União,263,23.809523809523807,🟢 Baixo Risco,0,0,1
4329,2025,31122955,São Gonçalo do Abaeté,176,23.809523809523807,🟢 Baixo Risco,0,0,1
4330,2025,31137251,Guaxupé,191,23.809523809523807,🟢 Baixo Risco,0,0,1
4331,2025,31372412,Ubá,193,23.809523809523807,🟢 Baixo Risco,0,0,1
4332,2025,31371050,Bambuí,131,23.809523809523807,🟢 Baixo Risco,0,0,1
4333,2025,31371076,Sete Lagoas,314,23.809523809523807,🟢 Baixo Risco,0,0,1
4334,2025,31371157,São Sebastião do Anta,252,23.809523809523807,🟢 Baixo Risco,0,0,1
4335,2025,31008796,Contagem,547,23.809523809523807,🟢 Baixo Risco,0,0,1
4336,2025,31370509,Uberaba,37,23.809523809523807,🟢 Baixo Risco,0,0,1
4337,2025,31370584,Ituiutaba,76,23.809523809523807,🟢 Baixo Risco,0,0,1
4338,2025,31370703,Romaria,174,23.809523809523807,🟢 Baixo Risco,0,0,1
4339,2025,31370843,Elói Mendes,145,23.809523809523807,🟢 Baixo Risco,0,0,1
4340,2025,31370975,Cláudio,80,23.809523809523807,🟢 Baixo Risco,0,0,1
4341,2025,31370991,Confins,109,23.809523809523807,🟢 Baixo Risco,0,0,1
4342,2025,31370410,Cônego Marinho,89,23.809523809523807,🟢 Baixo Risco,0,0,1
4343,2025,31137979,São Sebastião do Paraíso,155,23.809523809523807,🟢 Baixo Risco,0,0,1
4344,2025,31138011,São Sebastião do Paraíso,657,23.809523809523807,🟢 Baixo Risco,0,0,1
4345,2025,31137758,Pratápolis,327,23.809523809523807,🟢 Baixo Risco,0,0,1
4346,2025,31008648,Contagem,697,23.809523809523807,🟢 Baixo Risco,0,0,1
4347,2025,31371190,Lajinha,63,23.809523809523807,🟢 Baixo Risco,0,0,1
4348,2025,31370304,Jequitinhonha,93,23.809523809523807,🟢 Baixo Risco,0,0,1
4349,2025,31370320,Santana do Paraíso,63,23.809523809523807,🟢 Baixo Risco,0,0,1
4350,2025,31369560,Medina,252,23.809523809523807,🟢 Baixo Risco,0,0,1
4351,2025,31369586,Carmo do Paranaíba,173,23.809523809523807,🟢 Baixo Risco,0,0,1
4352,2025,31369721,Senador Amaral,161,23.809523809523807,🟢 Baixo Risco,0,0,1
4353,2025,31369845,Goianá,63,23.809523809523807,🟢 Baixo Risco,0,0,1
4354,2025,31369853,Montes Claros,215,23.809523809523807,🟢 Baixo Risco,0,0,1
4355,2025,31369870,Jampruca,44,23.809523809523807,🟢 Baixo Risco,0,0,1
4356,2025,31369950,Nacip Raydan,85,23.809523809523807,🟢 Baixo Risco,0,0,1
4357,2025,31008818,Contagem,668,23.809523809523807,🟢 Baixo Risco,0,0,1
4358,2025,31139483,Itaú de Minas,190,23.809523809523807,🟢 Baixo Risco,0,0,1
4359,2025,31140341,Baldim,268,23.809523809523807,🟢 Baixo Risco,0,0,1
4360,2025,31140350,Baldim,20,23.809523809523807,🟢 Baixo Risco,0,0,1
4361,2025,31140368,Baldim,53,23.809523809523807,🟢 Baixo Risco,0,0,1
4362,2025,31008613,Contagem,515,23.809523809523807,🟢 Baixo Risco,0,0,1
4363,2025,31009270,São Joaquim de Bicas,330,23.809523809523807,🟢 Baixo Risco,0,0,1
4364,2025,31009318,Jaboticatubas,176,23.809523809523807,🟢 Baixo Risco,0,0,1
4365,2025,31369080,Uberlândia,285,23.809523809523807,🟢 Baixo Risco,0,0,1
4366,2025,31369136,Piranga,269,23.809523809523807,🟢 Baixo Risco,0,0,1
4367,2025,31369233,Tapira,163,23.809523809523807,🟢 Baixo Risco,0,0,1
4368,2025,31369250,Ibertioga,188,23.809523809523807,🟢 Baixo Risco,0,0,1
4369,2025,31009032,Esmeraldas,180,23.809523809523807,🟢 Baixo Risco,0,0,1
4370,2025,31368563,Araçuaí,175,23.809523809523807,🟢 Baixo Risco,0,0,1
4371,2025,31368601,Iturama,141,23.809523809523807,🟢 Baixo Risco,0,0,1
4372,2025,31368644,Belo Horizonte,103,23.809523809523807,🟢 Baixo Risco,0,0,1
4373,2025,31368865,Bertópolis,134,23.809523809523807,🟢 Baixo Risco,0,0,1
4374,2025,31368881,Patrocínio,106,23.809523809523807,🟢 Baixo Risco,0,0,1
4375,2025,31368890,Patrocínio,140,23.809523809523807,🟢 Baixo Risco,0,0,1
4376,2025,31368911,Uberaba,109,23.809523809523807,🟢 Baixo Risco,0,0,1
4377,2025,31368962,Vespasiano,244,23.809523809523807,🟢 Baixo Risco,0,0,1
4378,2025,31370126,Patrocínio,303,23.809523809523807,🟢 Baixo Risco,0,0,1
4379,2025,31140457,Caetanópolis,309,23.809523809523807,🟢 Baixo Risco,0,0,1
4380,2025,31140562,Cordisburgo,362,23.809523809523807,🟢 Baixo Risco,0,0,1
4381,2025,31140660,Corinto,422,23.809523809523807,🟢 Baixo Risco,0,0,1
4382,2025,31138762,Ibiraci,93,23.809523809523807,🟢 Baixo Risco,0,0,1
4383,2025,31139246,Juruaia,49,23.809523809523807,🟢 Baixo Risco,0,0,1
4384,2025,31009466,Lagoa Santa,427,23.809523809523807,🟢 Baixo Risco,0,0,1
4385,2025,31009547,Nova Lima,447,23.809523809523807,🟢 Baixo Risco,0,0,1
4386,2025,31368350,Perdigão,433,23.809523809523807,🟢 Baixo Risco,0,0,1
4387,2025,31367460,Ibiraci,192,23.809523809523807,🟢 Baixo Risco,0,0,1
4388,2025,31367613,Juruaia,71,23.809523809523807,🟢 Baixo Risco,0,0,1
4389,2025,31367621,Guaranésia,90,23.809523809523807,🟢 Baixo Risco,0,0,1
4390,2025,31367877,Santa Luzia,332,23.809523809523807,🟢 Baixo Risco,0,0,1
4391,2025,31367885,Ubá,417,23.809523809523807,🟢 Baixo Risco,0,0,1
4392,2025,31367940,Rubelita,47,23.809523809523807,🟢 Baixo Risco,0,0,1
4393,2025,31368130,Belo Horizonte,131,23.809523809523807,🟢 Baixo Risco,0,0,1
4394,2025,31369462,Monte Alegre de Minas,80,23.809523809523807,🟢 Baixo Risco,0,0,1
4395,2025,31009415,Lagoa Santa,411,23.809523809523807,🟢 Baixo Risco,0,0,1
4396,2025,31009971,Ribeirão das Neves,1232,23.809523809523807,🟢 Baixo Risco,0,0,1
4397,2025,31140741,Curvelo,483,23.809523809523807,🟢 Baixo Risco,0,0,1
4398,2025,31140929,Felixlândia,373,23.809523809523807,🟢 Baixo Risco,0,0,1
4399,2025,31367133,Sete Lagoas,209,23.809523809523807,🟢 Baixo Risco,0,0,1
4400,2025,31367192,Nova Serrana,186,23.809523809523807,🟢 Baixo Risco,0,0,1
4401,2025,31367303,São João Evangelista,84,23.809523809523807,🟢 Baixo Risco,0,0,1
4402,2025,31367311,Turmalina,283,23.809523809523807,🟢 Baixo Risco,0,0,1
4403,2025,31009717,Pedro Leopoldo,111,23.809523809523807,🟢 Baixo Risco,0,0,1
4404,2025,31367028,Itatiaiuçu,92,23.809523809523807,🟢 Baixo Risco,0,0,1
4405,2025,31141089,Inhaúma,351,23.809523809523807,🟢 Baixo Risco,0,0,1
4406,2025,31140694,Corinto,143,23.809523809523807,🟢 Baixo Risco,0,0,1
4407,2025,31009831,Piedade dos Gerais,391,23.809523809523807,🟢 Baixo Risco,0,0,1
4408,2025,31010189,Ribeirão das Neves,620,23.809523809523807,🟢 Baixo Risco,0,0,1
4409,2025,31369071,Uberlândia,161,23.809523809523807,🟢 Baixo Risco,0,0,1
4410,2025,31129046,Ponte Nova,381,23.809523809523807,🟢 Baixo Risco,0,0,1
4411,2025,31128376,Barra Longa,19,23.809523809523807,🟢 Baixo Risco,0,0,1
4412,2025,31128392,Barra Longa,43,23.809523809523807,🟢 Baixo Risco,0,0,1
4413,2025,31001571,Belo Horizonte,546,23.809523809523807,🟢 Baixo Risco,0,0,1
4414,2025,31001651,Belo Horizonte,405,23.809523809523807,🟢 Baixo Risco,0,0,1
4415,2025,31366153,Ipatinga,83,23.809523809523807,🟢 Baixo Risco,0,0,1
4416,2025,31366340,Patrocínio,164,23.809523809523807,🟢 Baixo Risco,0,0,1
4417,2025,31366358,Patrocínio,139,23.809523809523807,🟢 Baixo Risco,0,0,1
4418,2025,31366480,Vespasiano,273,23.809523809523807,🟢 Baixo Risco,0,0,1
4419,2025,31366501,Vespasiano,1117,23.809523809523807,🟢 Baixo Risco,0,0,1
4420,2025,31366633,Caraí,240,23.809523809523807,🟢 Baixo Risco,0,0,1
4421,2025,31366706,Campina Verde,168,23.809523809523807,🟢 Baixo Risco,0,0,1
4422,2025,31366790,Buritis,586,23.809523809523807,🟢 Baixo Risco,0,0,1
4423,2025,31010014,Ribeirão das Neves,453,23.809523809523807,🟢 Baixo Risco,0,0,1
4424,2025,31366056,Espinosa,153,23.809523809523807,🟢 Baixo Risco,0,0,1
4425,2025,31368210,Rio Acima,141,23.809523809523807,🟢 Baixo Risco,0,0,1
4426,2025,31366838,Santa Juliana,153,23.809523809523807,🟢 Baixo Risco,0,0,1
4427,2025,31366943,Prudente de Morais,167,23.809523809523807,🟢 Baixo Risco,0,0,1
4428,2025,31366986,Timóteo,193,23.809523809523807,🟢 Baixo Risco,0,0,1
4429,2025,31367010,Itatiaiuçu,219,23.809523809523807,🟢 Baixo Risco,0,0,1
4430,2025,31366145,Ipatinga,128,23.809523809523807,🟢 Baixo Risco,0,0,1
4431,2025,31385441,Nova Lima,78,23.809523809523807,🟢 Baixo Risco,0,0,1
4432,2025,31385468,Iturama,97,23.809523809523807,🟢 Baixo Risco,0,0,1
4433,2025,31385662,Pimenta,44,23.809523809523807,🟢 Baixo Risco,0,0,1
4434,2025,31385875,Minas Novas,38,23.809523809523807,🟢 Baixo Risco,0,0,1
4435,2025,31385905,Minas Novas,324,23.809523809523807,🟢 Baixo Risco,0,0,1
4436,2025,31385999,Montes Claros,317,23.809523809523807,🟢 Baixo Risco,0,0,1
4437,2025,31386014,Montes Claros,741,23.809523809523807,🟢 Baixo Risco,0,0,1
4438,2025,31386367,Igarapé,327,23.809523809523807,🟢 Baixo Risco,0,0,1
4439,2025,31124958,Santa Rita de Caldas,163,23.809523809523807,🟢 Baixo Risco,0,0,1
4440,2025,31124966,Santa Rita de Caldas,206,23.809523809523807,🟢 Baixo Risco,0,0,1
4441,2025,31129020,Ponte Nova,278,23.809523809523807,🟢 Baixo Risco,0,0,1
4442,2025,31366080,Belo Horizonte,212,23.809523809523807,🟢 Baixo Risco,0,0,1
4443,2025,31141330,Paraopeba,179,23.809523809523807,🟢 Baixo Risco,0,0,1
4444,2025,31141364,Paraopeba,367,23.809523809523807,🟢 Baixo Risco,0,0,1
4445,2025,31141381,Pompéu,295,23.809523809523807,🟢 Baixo Risco,0,0,1
4446,2025,31141453,Pompéu,76,23.809523809523807,🟢 Baixo Risco,0,0,1
4447,2025,31141461,Pompéu,409,23.809523809523807,🟢 Baixo Risco,0,0,1
4448,2025,31140937,Felixlândia,96,23.809523809523807,🟢 Baixo Risco,0,0,1
4449,2025,31010260,Rio Manso,382,23.809523809523807,🟢 Baixo Risco,0,0,1
4450,2025,31010278,Rio Manso,103,23.809523809523807,🟢 Baixo Risco,0,0,1
4451,2025,31010634,Santa Luzia,715,23.809523809523807,🟢 Baixo Risco,0,0,1
4452,2025,31010685,Santa Luzia,1000,23.809523809523807,🟢 Baixo Risco,0,0,1
4453,2025,31010707,Santa Luzia,440,23.809523809523807,🟢 Baixo Risco,0,0,1
4454,2025,31365939,Formiga,140,23.809523809523807,🟢 Baixo Risco,0,0,1
4455,2025,31365955,Contagem,188,23.809523809523807,🟢 Baixo Risco,0,0,1
4456,2025,31010227,Rio Acima,386,23.809523809523807,🟢 Baixo Risco,0,0,1
4457,2025,31364630,Santa Luzia,276,23.809523809523807,🟢 Baixo Risco,0,0,1
4458,2025,31364754,Brasilândia de Minas,223,23.809523809523807,🟢 Baixo Risco,0,0,1
4459,2025,31119806,Carmo do Paranaíba,42,23.809523809523807,🟢 Baixo Risco,0,0,1
4460,2025,31121193,Patos de Minas,68,23.809523809523807,🟢 Baixo Risco,0,0,1
4461,2025,31121347,Patos de Minas,84,23.809523809523807,🟢 Baixo Risco,0,0,1
4462,2025,31121380,Patos de Minas,145,23.809523809523807,🟢 Baixo Risco,0,0,1
4463,2025,31121746,Patos de Minas,128,23.809523809523807,🟢 Baixo Risco,0,0,1
4464,2025,31122190,Presidente Olegário,77,23.809523809523807,🟢 Baixo Risco,0,0,1
4465,2025,31141496,Prudente de Morais,119,23.809523809523807,🟢 Baixo Risco,0,0,1
4466,2025,31141241,Matozinhos,271,23.809523809523807,🟢 Baixo Risco,0,0,1
4467,2025,31364878,Varjão de Minas,189,23.809523809523807,🟢 Baixo Risco,0,0,1
4468,2025,31364894,Jacinto,123,23.809523809523807,🟢 Baixo Risco,0,0,1
4469,2025,31364916,Jaíba,301,23.809523809523807,🟢 Baixo Risco,0,0,1
4470,2025,31364940,Manhuaçu,198,23.809523809523807,🟢 Baixo Risco,0,0,1
4471,2025,31365408,Belo Horizonte,446,23.809523809523807,🟢 Baixo Risco,0,0,1
4472,2025,31365467,Capinópolis,230,23.809523809523807,🟢 Baixo Risco,0,0,1
4473,2025,31365556,Belo Horizonte,403,23.809523809523807,🟢 Baixo Risco,0,0,1
4474,2025,31365564,Belo Horizonte,326,23.809523809523807,🟢 Baixo Risco,0,0,1
4475,2025,31141771,Sete Lagoas,368,23.809523809523807,🟢 Baixo Risco,0,0,1
4476,2025,31141828,Sete Lagoas,229,23.809523809523807,🟢 Baixo Risco,0,0,1
4477,2025,31010766,Santa Luzia,527,23.809523809523807,🟢 Baixo Risco,0,0,1
4478,2025,31010782,Santa Luzia,757,23.809523809523807,🟢 Baixo Risco,0,0,1
4479,2025,31364606,Santa Luzia,312,23.809523809523807,🟢 Baixo Risco,0,0,1
4480,2025,31364614,Santa Luzia,293,23.809523809523807,🟢 Baixo Risco,0,0,1
4481,2025,31364037,Conceição do Rio Verde,168,23.809523809523807,🟢 Baixo Risco,0,0,1
4482,2025,31364045,Frutal,154,23.809523809523807,🟢 Baixo Risco,0,0,1
4483,2025,31364053,Araxá,130,23.809523809523807,🟢 Baixo Risco,0,0,1
4484,2025,31364070,Passos,346,23.809523809523807,🟢 Baixo Risco,0,0,1
4485,2025,31364088,Teixeiras,49,23.809523809523807,🟢 Baixo Risco,0,0,1
4486,2025,31364134,Carrancas,148,23.809523809523807,🟢 Baixo Risco,0,0,1
4487,2025,31364185,São Pedro do Suaçuí,61,23.809523809523807,🟢 Baixo Risco,0,0,1
4488,2025,31364231,Três Corações,225,23.809523809523807,🟢 Baixo Risco,0,0,1
4489,2025,31364266,São Tomás de Aquino,139,23.809523809523807,🟢 Baixo Risco,0,0,1
4490,2025,31364371,Ibiá,365,23.809523809523807,🟢 Baixo Risco,0,0,1
4491,2025,31364436,Itanhandu,128,23.809523809523807,🟢 Baixo Risco,0,0,1
4492,2025,31364452,Juiz de Fora,81,23.809523809523807,🟢 Baixo Risco,0,0,1
4493,2025,31364487,Jaguaraçu,50,23.809523809523807,🟢 Baixo Risco,0,0,1
4494,2025,31364541,Padre Paraíso,303,23.809523809523807,🟢 Baixo Risco,0,0,1
4495,2025,31141950,Sete Lagoas,27,23.809523809523807,🟢 Baixo Risco,0,0,1
4496,2025,31142000,Três Marias,514,23.809523809523807,🟢 Baixo Risco,0,0,1
4497,2025,31142298,Baldim,56,23.809523809523807,🟢 Baixo Risco,0,0,1
4498,2025,31010979,Vespasiano,681,23.809523809523807,🟢 Baixo Risco,0,0,1
4499,2025,31011045,Vespasiano,984,23.809523809523807,🟢 Baixo Risco,0,0,1
4500,2025,31011070,Vespasiano,247,23.809523809523807,🟢 Baixo Risco,0,0,1
4501,2025,31011100,São José da Lapa,441,23.809523809523807,🟢 Baixo Risco,0,0,1
4502,2025,31363979,Carmo do Paranaíba,107,23.809523809523807,🟢 Baixo Risco,0,0,1
4503,2025,31363200,Guapé,276,23.809523809523807,🟢 Baixo Risco,0,0,1
4504,2025,31363251,Almenara,279,23.809523809523807,🟢 Baixo Risco,0,0,1
4505,2025,31143057,Corinto,107,23.809523809523807,🟢 Baixo Risco,0,0,1
4506,2025,31143138,Curvelo,257,23.809523809523807,🟢 Baixo Risco,0,0,1
4507,2025,31363278,Vargem Alegre,201,23.809523809523807,🟢 Baixo Risco,0,0,1
4508,2025,31363421,Bom Repouso,606,23.809523809523807,🟢 Baixo Risco,0,0,1
4509,2025,31363430,Turvolândia,316,23.809523809523807,🟢 Baixo Risco,0,0,1
4510,2025,31363480,Lagoa Grande,186,23.809523809523807,🟢 Baixo Risco,0,0,1
4511,2025,31363707,Campos Altos,196,23.809523809523807,🟢 Baixo Risco,0,0,1
4512,2025,31363723,Uberlândia,355,23.809523809523807,🟢 Baixo Risco,0,0,1
4513,2025,31363839,Vespasiano,146,23.809523809523807,🟢 Baixo Risco,0,0,1
4514,2025,31362948,Guaxupé,68,23.809523809523807,🟢 Baixo Risco,0,0,1
4515,2025,31363111,São Roque de Minas,61,23.809523809523807,🟢 Baixo Risco,0,0,1
4516,2025,31143316,Curvelo,468,23.809523809523807,🟢 Baixo Risco,0,0,1
4517,2025,31143588,Felixlândia,96,23.809523809523807,🟢 Baixo Risco,0,0,1
4518,2025,31143642,Felixlândia,31,23.809523809523807,🟢 Baixo Risco,0,0,1
4519,2025,31143782,Inimutaba,28,23.809523809523807,🟢 Baixo Risco,0,0,1
4520,2025,31144738,Pompéu,50,23.809523809523807,🟢 Baixo Risco,0,0,1
4521,2025,31145157,Sete Lagoas,15,23.809523809523807,🟢 Baixo Risco,0,0,1
4522,2025,31145165,Sete Lagoas,118,23.809523809523807,🟢 Baixo Risco,0,0,1
4523,2025,31145181,Sete Lagoas,298,23.809523809523807,🟢 Baixo Risco,0,0,1
4524,2025,31145220,Sete Lagoas,449,23.809523809523807,🟢 Baixo Risco,0,0,1
4525,2025,31145262,Sete Lagoas,495,23.809523809523807,🟢 Baixo Risco,0,0,1
4526,2025,31145271,Sete Lagoas,52,23.809523809523807,🟢 Baixo Risco,0,0,1
4527,2025,31142611,Caetanópolis,272,23.809523809523807,🟢 Baixo Risco,0,0,1
4528,2025,31011207,Betim,58,23.809523809523807,🟢 Baixo Risco,0,0,1
4529,2025,31011266,Betim,286,23.809523809523807,🟢 Baixo Risco,0,0,1
4530,2025,31011291,Betim,40,23.809523809523807,🟢 Baixo Risco,0,0,1
4531,2025,31011312,Betim,88,23.809523809523807,🟢 Baixo Risco,0,0,1
4532,2025,31011321,Betim,338,23.809523809523807,🟢 Baixo Risco,0,0,1
4533,2025,31145351,Três Marias,8,23.809523809523807,🟢 Baixo Risco,0,0,1
4534,2025,31145360,Três Marias,297,23.809523809523807,🟢 Baixo Risco,0,0,1
4535,2025,31011622,Brumadinho,648,23.809523809523807,🟢 Baixo Risco,0,0,1
4536,2025,31011738,Caeté,51,23.809523809523807,🟢 Baixo Risco,0,0,1
4537,2025,31011771,Contagem,1031,23.809523809523807,🟢 Baixo Risco,0,0,1
4538,2025,31011789,Contagem,872,23.809523809523807,🟢 Baixo Risco,0,0,1
4539,2025,31362719,Ibirité,718,23.809523809523807,🟢 Baixo Risco,0,0,1
4540,2025,31362778,Goiabeira,181,23.809523809523807,🟢 Baixo Risco,0,0,1
4541,2025,31362840,Itatiaiuçu,149,23.809523809523807,🟢 Baixo Risco,0,0,1
4542,2025,31362239,Belo Horizonte,232,23.809523809523807,🟢 Baixo Risco,0,0,1
4543,2025,31362255,Conceição das Alagoas,198,23.809523809523807,🟢 Baixo Risco,0,0,1
4544,2025,31362301,Reduto,36,23.809523809523807,🟢 Baixo Risco,0,0,1
4545,2025,31362352,Guaranésia,328,23.809523809523807,🟢 Baixo Risco,0,0,1
4546,2025,31362450,Monte Carmelo,181,23.809523809523807,🟢 Baixo Risco,0,0,1
4547,2025,31362476,Lavras,107,23.809523809523807,🟢 Baixo Risco,0,0,1
4548,2025,31362484,Espinosa,121,23.809523809523807,🟢 Baixo Risco,0,0,1
4549,2025,31362557,Santo Antônio do Itambé,214,23.809523809523807,🟢 Baixo Risco,0,0,1
4550,2025,31011347,Betim,663,23.809523809523807,🟢 Baixo Risco,0,0,1
4551,2025,31362050,Belo Horizonte,365,23.809523809523807,🟢 Baixo Risco,0,0,1
4552,2025,31362069,Belo Horizonte,243,23.809523809523807,🟢 Baixo Risco,0,0,1
4553,2025,31145301,Sete Lagoas,53,23.809523809523807,🟢 Baixo Risco,0,0,1
4554,2025,31145319,Sete Lagoas,490,23.809523809523807,🟢 Baixo Risco,0,0,1
4555,2025,31362077,Belo Horizonte,326,23.809523809523807,🟢 Baixo Risco,0,0,1
4556,2025,31362085,Belo Horizonte,369,23.809523809523807,🟢 Baixo Risco,0,0,1
4557,2025,31362107,Belo Horizonte,386,23.809523809523807,🟢 Baixo Risco,0,0,1
4558,2025,31362115,Belo Horizonte,342,23.809523809523807,🟢 Baixo Risco,0,0,1
4559,2025,31362123,Belo Horizonte,320,23.809523809523807,🟢 Baixo Risco,0,0,1
4560,2025,31362131,Belo Horizonte,386,23.809523809523807,🟢 Baixo Risco,0,0,1
4561,2025,31362140,Belo Horizonte,225,23.809523809523807,🟢 Baixo Risco,0,0,1
4562,2025,31362158,Belo Horizonte,268,23.809523809523807,🟢 Baixo Risco,0,0,1
4563,2025,31362166,Belo Horizonte,282,23.809523809523807,🟢 Baixo Risco,0,0,1
4564,2025,31362174,Belo Horizonte,379,23.809523809523807,🟢 Baixo Risco,0,0,1
4565,2025,31362190,Belo Horizonte,330,23.809523809523807,🟢 Baixo Risco,0,0,1
4566,2025,31362204,Belo Horizonte,254,23.809523809523807,🟢 Baixo Risco,0,0,1
4567,2025,31362212,Belo Horizonte,385,23.809523809523807,🟢 Baixo Risco,0,0,1
4568,2025,31362220,Belo Horizonte,339,23.809523809523807,🟢 Baixo Risco,0,0,1
4569,2025,31361801,Belo Horizonte,337,23.809523809523807,🟢 Baixo Risco,0,0,1
4570,2025,31361810,Belo Horizonte,400,23.809523809523807,🟢 Baixo Risco,0,0,1
4571,2025,31146552,Carlos Chagas,240,23.809523809523807,🟢 Baixo Risco,0,0,1
4572,2025,31146587,Carlos Chagas,377,23.809523809523807,🟢 Baixo Risco,0,0,1
4573,2025,31146609,Carlos Chagas,240,23.809523809523807,🟢 Baixo Risco,0,0,1
4574,2025,31146048,Araçuaí,64,23.809523809523807,🟢 Baixo Risco,0,0,1
4575,2025,31361828,Belo Horizonte,360,23.809523809523807,🟢 Baixo Risco,0,0,1
4576,2025,31361836,Belo Horizonte,251,23.809523809523807,🟢 Baixo Risco,0,0,1
4577,2025,31361844,Belo Horizonte,451,23.809523809523807,🟢 Baixo Risco,0,0,1
4578,2025,31361909,Belo Horizonte,236,23.809523809523807,🟢 Baixo Risco,0,0,1
4579,2025,31361917,Belo Horizonte,207,23.809523809523807,🟢 Baixo Risco,0,0,1
4580,2025,31361925,Belo Horizonte,386,23.809523809523807,🟢 Baixo Risco,0,0,1
4581,2025,31361933,Belo Horizonte,301,23.809523809523807,🟢 Baixo Risco,0,0,1
4582,2025,31361941,Belo Horizonte,289,23.809523809523807,🟢 Baixo Risco,0,0,1
4583,2025,31361950,Belo Horizonte,395,23.809523809523807,🟢 Baixo Risco,0,0,1
4584,2025,31361968,Belo Horizonte,230,23.809523809523807,🟢 Baixo Risco,0,0,1
4585,2025,31361976,Belo Horizonte,394,23.809523809523807,🟢 Baixo Risco,0,0,1
4586,2025,31361984,Belo Horizonte,401,23.809523809523807,🟢 Baixo Risco,0,0,1
4587,2025,31361992,Belo Horizonte,357,23.809523809523807,🟢 Baixo Risco,0,0,1
4588,2025,31362026,Belo Horizonte,208,23.809523809523807,🟢 Baixo Risco,0,0,1
4589,2025,31361437,Bom Despacho,258,23.809523809523807,🟢 Baixo Risco,0,0,1
4590,2025,31361690,Belo Horizonte,222,23.809523809523807,🟢 Baixo Risco,0,0,1
4591,2025,31361704,Belo Horizonte,357,23.809523809523807,🟢 Baixo Risco,0,0,1
4592,2025,31361712,Belo Horizonte,352,23.809523809523807,🟢 Baixo Risco,0,0,1
4593,2025,31361720,Belo Horizonte,353,23.809523809523807,🟢 Baixo Risco,0,0,1
4594,2025,31361739,Belo Horizonte,315,23.809523809523807,🟢 Baixo Risco,0,0,1
4595,2025,31361747,Belo Horizonte,386,23.809523809523807,🟢 Baixo Risco,0,0,1
4596,2025,31361771,Belo Horizonte,405,23.809523809523807,🟢 Baixo Risco,0,0,1
4597,2025,31361780,Belo Horizonte,240,23.809523809523807,🟢 Baixo Risco,0,0,1
4598,2025,31361798,Belo Horizonte,350,23.809523809523807,🟢 Baixo Risco,0,0,1
4599,2025,31011860,Contagem,546,23.809523809523807,🟢 Baixo Risco,0,0,1
4600,2025,31146960,Itinga,66,23.809523809523807,🟢 Baixo Risco,0,0,1
4601,2025,31146994,Itinga,55,23.809523809523807,🟢 Baixo Risco,0,0,1
4602,2025,31147125,Machacalis,242,23.809523809523807,🟢 Baixo Risco,0,0,1
4603,2025,31146641,Carlos Chagas,41,23.809523809523807,🟢 Baixo Risco,0,0,1
4604,2025,31011886,Contagem,805,23.809523809523807,🟢 Baixo Risco,0,0,1
4605,2025,31011894,Contagem,622,23.809523809523807,🟢 Baixo Risco,0,0,1
4606,2025,31011916,Contagem,370,23.809523809523807,🟢 Baixo Risco,0,0,1
4607,2025,31011941,Contagem,707,23.809523809523807,🟢 Baixo Risco,0,0,1
4608,2025,31361291,Confins,196,23.809523809523807,🟢 Baixo Risco,0,0,1
4609,2025,31361364,Mateus Leme,256,23.809523809523807,🟢 Baixo Risco,0,0,1
4610,2025,31361402,Santos Dumont,83,23.809523809523807,🟢 Baixo Risco,0,0,1
4611,2025,31360988,Carbonita,285,23.809523809523807,🟢 Baixo Risco,0,0,1
4612,2025,31361054,Alfenas,120,23.809523809523807,🟢 Baixo Risco,0,0,1
4613,2025,31361070,Brumadinho,423,23.809523809523807,🟢 Baixo Risco,0,0,1
4614,2025,31361135,José Raydan,80,23.809523809523807,🟢 Baixo Risco,0,0,1
4615,2025,31361186,Presidente Olegário,274,23.809523809523807,🟢 Baixo Risco,0,0,1
4616,2025,31011797,Contagem,530,23.809523809523807,🟢 Baixo Risco,0,0,1
4617,2025,31011827,Contagem,920,23.809523809523807,🟢 Baixo Risco,0,0,1
4618,2025,31011983,Contagem,485,23.809523809523807,🟢 Baixo Risco,0,0,1
4619,2025,31011991,Contagem,738,23.809523809523807,🟢 Baixo Risco,0,0,1
4620,2025,31147320,Setubinha,68,23.809523809523807,🟢 Baixo Risco,0,0,1
4621,2025,31147338,Setubinha,377,23.809523809523807,🟢 Baixo Risco,0,0,1
4622,2025,31146935,Itaobim,68,23.809523809523807,🟢 Baixo Risco,0,0,1
4623,2025,31012149,Esmeraldas,140,23.809523809523807,🟢 Baixo Risco,0,0,1
4624,2025,31012165,Esmeraldas,133,23.809523809523807,🟢 Baixo Risco,0,0,1
4625,2025,31012173,Esmeraldas,683,23.809523809523807,🟢 Baixo Risco,0,0,1
4626,2025,31012254,Esmeraldas,396,23.809523809523807,🟢 Baixo Risco,0,0,1
4627,2025,31012262,Esmeraldas,58,23.809523809523807,🟢 Baixo Risco,0,0,1
4628,2025,31012343,Sarzedo,233,23.809523809523807,🟢 Baixo Risco,0,0,1
4629,2025,31012378,Igarapé,470,23.809523809523807,🟢 Baixo Risco,0,0,1
4630,2025,31360414,Camanducaia,111,23.809523809523807,🟢 Baixo Risco,0,0,1
4631,2025,31360821,Juramento,30,23.809523809523807,🟢 Baixo Risco,0,0,1
4632,2025,31359793,Minas Novas,77,23.809523809523807,🟢 Baixo Risco,0,0,1
4633,2025,31013196,Sabará,181,23.809523809523807,🟢 Baixo Risco,0,0,1
4634,2025,31359866,Pompéu,158,23.809523809523807,🟢 Baixo Risco,0,0,1
4635,2025,31119288,Rio Paranaíba,32,23.809523809523807,🟢 Baixo Risco,0,0,1
4636,2025,31119351,Rio Paranaíba,37,23.809523809523807,🟢 Baixo Risco,0,0,1
4637,2025,31359874,Inhaúma,274,23.809523809523807,🟢 Baixo Risco,0,0,1
4638,2025,31359980,Bom Despacho,153,23.809523809523807,🟢 Baixo Risco,0,0,1
4639,2025,31360058,Santa Bárbara,132,23.809523809523807,🟢 Baixo Risco,0,0,1
4640,2025,31360066,Congonhas,106,23.809523809523807,🟢 Baixo Risco,0,0,1
4641,2025,31360120,Santos Dumont,186,23.809523809523807,🟢 Baixo Risco,0,0,1
4642,2025,31360325,Lavras,139,23.809523809523807,🟢 Baixo Risco,0,0,1
4643,2025,31360333,Lavras,100,23.809523809523807,🟢 Baixo Risco,0,0,1
4644,2025,31360368,Passos,210,23.809523809523807,🟢 Baixo Risco,0,0,1
4645,2025,31360384,Camanducaia,183,23.809523809523807,🟢 Baixo Risco,0,0,1
4646,2025,31360392,Camanducaia,61,23.809523809523807,🟢 Baixo Risco,0,0,1
4647,2025,31359483,Arcos,127,23.809523809523807,🟢 Baixo Risco,0,0,1
4648,2025,31359602,Bonfim,149,23.809523809523807,🟢 Baixo Risco,0,0,1
4649,2025,31359181,Contagem,170,23.809523809523807,🟢 Baixo Risco,0,0,1
4650,2025,31147486,Nanuque,436,23.809523809523807,🟢 Baixo Risco,0,0,1
4651,2025,31119156,Presidente Olegário,786,23.809523809523807,🟢 Baixo Risco,0,0,1
4652,2025,31359670,Nova Lima,77,23.809523809523807,🟢 Baixo Risco,0,0,1
4653,2025,31012556,Jaboticatubas,34,23.809523809523807,🟢 Baixo Risco,0,0,1
4654,2025,31012572,Jaboticatubas,23,23.809523809523807,🟢 Baixo Risco,0,0,1
4655,2025,31012751,Nova Lima,319,23.809523809523807,🟢 Baixo Risco,0,0,1
4656,2025,31012785,Nova Lima,492,23.809523809523807,🟢 Baixo Risco,0,0,1
4657,2025,31359700,Minas Novas,214,23.809523809523807,🟢 Baixo Risco,0,0,1
4658,2025,31359742,Nova Lima,121,23.809523809523807,🟢 Baixo Risco,0,0,1
4659,2025,31359777,Estrela do Indaiá,91,23.809523809523807,🟢 Baixo Risco,0,0,1
4660,2025,31012874,Pedro Leopoldo,57,23.809523809523807,🟢 Baixo Risco,0,0,1
4661,2025,31147745,Pavão,384,23.809523809523807,🟢 Baixo Risco,0,0,1
4662,2025,31147753,Pavão,249,23.809523809523807,🟢 Baixo Risco,0,0,1
4663,2025,31013056,Ribeirão das Neves,824,23.809523809523807,🟢 Baixo Risco,0,0,1
4664,2025,31013064,Rio Acima,11,23.809523809523807,🟢 Baixo Risco,0,0,1
4665,2025,31358924,Santa Bárbara do Leste,262,23.809523809523807,🟢 Baixo Risco,0,0,1
4666,2025,31359025,Conselheiro Pena,113,23.809523809523807,🟢 Baixo Risco,0,0,1
4667,2025,31013218,Sabará,85,23.809523809523807,🟢 Baixo Risco,0,0,1
4668,2025,31013242,Santa Bárbara,512,23.809523809523807,🟢 Baixo Risco,0,0,1
4669,2025,31013251,Santa Bárbara,54,23.809523809523807,🟢 Baixo Risco,0,0,1
4670,2025,31013269,Catas Altas,147,23.809523809523807,🟢 Baixo Risco,0,0,1
4671,2025,31359343,Contagem,199,23.809523809523807,🟢 Baixo Risco,0,0,1
4672,2025,31359386,Contagem,172,23.809523809523807,🟢 Baixo Risco,0,0,1
4673,2025,31359394,Contagem,233,23.809523809523807,🟢 Baixo Risco,0,0,1
4674,2025,31359076,Nepomuceno,201,23.809523809523807,🟢 Baixo Risco,0,0,1
4675,2025,31359114,Contagem,348,23.809523809523807,🟢 Baixo Risco,0,0,1
4676,2025,31359122,Contagem,128,23.809523809523807,🟢 Baixo Risco,0,0,1
4677,2025,31359149,Contagem,191,23.809523809523807,🟢 Baixo Risco,0,0,1
4678,2025,31359157,Contagem,242,23.809523809523807,🟢 Baixo Risco,0,0,1
4679,2025,31359165,Contagem,130,23.809523809523807,🟢 Baixo Risco,0,0,1
4680,2025,31359173,Contagem,129,23.809523809523807,🟢 Baixo Risco,0,0,1
4681,2025,31358029,Belo Horizonte,436,23.809523809523807,🟢 Baixo Risco,0,0,1
4682,2025,31358053,Belo Horizonte,264,23.809523809523807,🟢 Baixo Risco,0,0,1
4683,2025,31358061,Belo Horizonte,403,23.809523809523807,🟢 Baixo Risco,0,0,1
4684,2025,31358185,Ituiutaba,90,23.809523809523807,🟢 Baixo Risco,0,0,1
4685,2025,31359203,Contagem,260,23.809523809523807,🟢 Baixo Risco,0,0,1
4686,2025,31359220,Contagem,161,23.809523809523807,🟢 Baixo Risco,0,0,1
4687,2025,31359270,Contagem,173,23.809523809523807,🟢 Baixo Risco,0,0,1
4688,2025,31359289,Contagem,169,23.809523809523807,🟢 Baixo Risco,0,0,1
4689,2025,31359319,Contagem,144,23.809523809523807,🟢 Baixo Risco,0,0,1
4690,2025,31358690,Araçuaí,503,23.809523809523807,🟢 Baixo Risco,0,0,1
4691,2025,31358703,Guidoval,266,23.809523809523807,🟢 Baixo Risco,0,0,1
4692,2025,31358711,Vespasiano,318,23.809523809523807,🟢 Baixo Risco,0,0,1
4693,2025,31013412,Santa Luzia,926,23.809523809523807,🟢 Baixo Risco,0,0,1
4694,2025,31013439,Santa Luzia,280,23.809523809523807,🟢 Baixo Risco,0,0,1
4695,2025,31013501,Santa Luzia,742,23.809523809523807,🟢 Baixo Risco,0,0,1
4696,2025,31358789,Iturama,177,23.809523809523807,🟢 Baixo Risco,0,0,1
4697,2025,31118907,Patos de Minas,171,23.809523809523807,🟢 Baixo Risco,0,0,1
4698,2025,31118931,Patos de Minas,631,23.809523809523807,🟢 Baixo Risco,0,0,1
4699,2025,31149179,Araçuaí,55,23.809523809523807,🟢 Baixo Risco,0,0,1
4700,2025,31149187,Araçuaí,42,23.809523809523807,🟢 Baixo Risco,0,0,1
4701,2025,31014648,Alto Rio Doce,238,23.809523809523807,🟢 Baixo Risco,0,0,1
4702,2025,31147907,Serra dos Aimorés,161,23.809523809523807,🟢 Baixo Risco,0,0,1
4703,2025,31147915,Serra dos Aimorés,339,23.809523809523807,🟢 Baixo Risco,0,0,1
4704,2025,31014711,Alto Rio Doce,30,23.809523809523807,🟢 Baixo Risco,0,0,1
4705,2025,31014761,Andrelândia,210,23.809523809523807,🟢 Baixo Risco,0,0,1
4706,2025,31014796,Andrelândia,298,23.809523809523807,🟢 Baixo Risco,0,0,1
4707,2025,31358371,Carneirinho,127,23.809523809523807,🟢 Baixo Risco,0,0,1
4708,2025,31358576,Careaçu,256,23.809523809523807,🟢 Baixo Risco,0,0,1
4709,2025,31357979,Belo Horizonte,445,23.809523809523807,🟢 Baixo Risco,0,0,1
4710,2025,31357987,Belo Horizonte,407,23.809523809523807,🟢 Baixo Risco,0,0,1
4711,2025,31357995,Belo Horizonte,213,23.809523809523807,🟢 Baixo Risco,0,0,1
4712,2025,31358002,Belo Horizonte,569,23.809523809523807,🟢 Baixo Risco,0,0,1
4713,2025,31357820,Belo Horizonte,161,23.809523809523807,🟢 Baixo Risco,0,0,1
4714,2025,31357847,Belo Horizonte,261,23.809523809523807,🟢 Baixo Risco,0,0,1
4715,2025,31357855,Belo Horizonte,254,23.809523809523807,🟢 Baixo Risco,0,0,1
4716,2025,31118508,Carmo do Paranaíba,377,23.809523809523807,🟢 Baixo Risco,0,0,1
4717,2025,31118516,Carmo do Paranaíba,334,23.809523809523807,🟢 Baixo Risco,0,0,1
4718,2025,31358193,Campestre,234,23.809523809523807,🟢 Baixo Risco,0,0,1
4719,2025,31014184,Contagem,406,23.809523809523807,🟢 Baixo Risco,0,0,1
4720,2025,31014281,Contagem,469,23.809523809523807,🟢 Baixo Risco,0,0,1
4721,2025,31148466,Umburatiba,125,23.809523809523807,🟢 Baixo Risco,0,0,1
4722,2025,31015148,Barbacena,338,23.809523809523807,🟢 Baixo Risco,0,0,1
4723,2025,31357871,Belo Horizonte,215,23.809523809523807,🟢 Baixo Risco,0,0,1
4724,2025,31357936,Belo Horizonte,456,23.809523809523807,🟢 Baixo Risco,0,0,1
4725,2025,31357944,Belo Horizonte,319,23.809523809523807,🟢 Baixo Risco,0,0,1
4726,2025,31357952,Belo Horizonte,259,23.809523809523807,🟢 Baixo Risco,0,0,1
4727,2025,31357650,Belo Horizonte,129,23.809523809523807,🟢 Baixo Risco,0,0,1
4728,2025,31357677,Belo Horizonte,298,23.809523809523807,🟢 Baixo Risco,0,0,1
4729,2025,31357294,Belo Horizonte,220,23.809523809523807,🟢 Baixo Risco,0,0,1
4730,2025,31357367,Belo Horizonte,165,23.809523809523807,🟢 Baixo Risco,0,0,1
4731,2025,31357375,Belo Horizonte,261,23.809523809523807,🟢 Baixo Risco,0,0,1
4732,2025,31357383,Belo Horizonte,253,23.809523809523807,🟢 Baixo Risco,0,0,1
4733,2025,31357391,Belo Horizonte,266,23.809523809523807,🟢 Baixo Risco,0,0,1
4734,2025,31149217,Araçuaí,39,23.809523809523807,🟢 Baixo Risco,0,0,1
4735,2025,31149349,Araçuaí,65,23.809523809523807,🟢 Baixo Risco,0,0,1
4736,2025,31149918,Ataléia,327,23.809523809523807,🟢 Baixo Risco,0,0,1
4737,2025,31357731,Belo Horizonte,254,23.809523809523807,🟢 Baixo Risco,0,0,1
4738,2025,31357740,Belo Horizonte,142,23.809523809523807,🟢 Baixo Risco,0,0,1
4739,2025,31357758,Belo Horizonte,279,23.809523809523807,🟢 Baixo Risco,0,0,1
4740,2025,31357766,Belo Horizonte,209,23.809523809523807,🟢 Baixo Risco,0,0,1
4741,2025,31357774,Belo Horizonte,190,23.809523809523807,🟢 Baixo Risco,0,0,1
4742,2025,31357782,Belo Horizonte,180,23.809523809523807,🟢 Baixo Risco,0,0,1
4743,2025,31357804,Belo Horizonte,205,23.809523809523807,🟢 Baixo Risco,0,0,1
4744,2025,31357812,Belo Horizonte,268,23.809523809523807,🟢 Baixo Risco,0,0,1
4745,2025,31150924,Carlos Chagas,100,23.809523809523807,🟢 Baixo Risco,0,0,1
4746,2025,31151025,Carlos Chagas,135,23.809523809523807,🟢 Baixo Risco,0,0,1
4747,2025,31151289,Coronel Murta,78,23.809523809523807,🟢 Baixo Risco,0,0,1
4748,2025,31151301,Coronel Murta,65,23.809523809523807,🟢 Baixo Risco,0,0,1
4749,2025,31151556,Frei Gaspar,103,23.809523809523807,🟢 Baixo Risco,0,0,1
4750,2025,31118524,Carmo do Paranaíba,188,23.809523809523807,🟢 Baixo Risco,0,0,1
4751,2025,31118613,Lagamar,207,23.809523809523807,🟢 Baixo Risco,0,0,1
4752,2025,31357561,Belo Horizonte,248,23.809523809523807,🟢 Baixo Risco,0,0,1
4753,2025,31357588,Belo Horizonte,314,23.809523809523807,🟢 Baixo Risco,0,0,1
4754,2025,31357596,Belo Horizonte,382,23.809523809523807,🟢 Baixo Risco,0,0,1
4755,2025,31357600,Belo Horizonte,283,23.809523809523807,🟢 Baixo Risco,0,0,1
4756,2025,31357634,Belo Horizonte,132,23.809523809523807,🟢 Baixo Risco,0,0,1
4757,2025,31357642,Belo Horizonte,397,23.809523809523807,🟢 Baixo Risco,0,0,1
4758,2025,31357090,Tocantins,194,23.809523809523807,🟢 Baixo Risco,0,0,1
4759,2025,31357111,Diamantina,146,23.809523809523807,🟢 Baixo Risco,0,0,1
4760,2025,31357278,Paula Cândido,90,23.809523809523807,🟢 Baixo Risco,0,0,1
4761,2025,31115819,São Roque de Minas,17,23.809523809523807,🟢 Baixo Risco,0,0,1
4762,2025,31118702,Matutina,179,23.809523809523807,🟢 Baixo Risco,0,0,1
4763,2025,31116009,São José da Barra,199,23.809523809523807,🟢 Baixo Risco,0,0,1
4764,2025,31116050,Alpinópolis,42,23.809523809523807,🟢 Baixo Risco,0,0,1
4765,2025,31116351,Carmo do Rio Claro,118,23.809523809523807,🟢 Baixo Risco,0,0,1
4766,2025,31357405,Belo Horizonte,382,23.809523809523807,🟢 Baixo Risco,0,0,1
4767,2025,31357413,Belo Horizonte,406,23.809523809523807,🟢 Baixo Risco,0,0,1
4768,2025,31357430,Belo Horizonte,196,23.809523809523807,🟢 Baixo Risco,0,0,1
4769,2025,31357456,Belo Horizonte,278,23.809523809523807,🟢 Baixo Risco,0,0,1
4770,2025,31357464,Belo Horizonte,251,23.809523809523807,🟢 Baixo Risco,0,0,1
4771,2025,31357537,Belo Horizonte,283,23.809523809523807,🟢 Baixo Risco,0,0,1
4772,2025,31015181,Barbacena,1025,23.809523809523807,🟢 Baixo Risco,0,0,1
4773,2025,31356786,São João das Missões,225,23.809523809523807,🟢 Baixo Risco,0,0,1
4774,2025,31150398,Caraí,113,23.809523809523807,🟢 Baixo Risco,0,0,1
4775,2025,31150444,Caraí,113,23.809523809523807,🟢 Baixo Risco,0,0,1
4776,2025,31150738,Caraí,86,23.809523809523807,🟢 Baixo Risco,0,0,1
4777,2025,31356905,Barbacena,386,23.809523809523807,🟢 Baixo Risco,0,0,1
4778,2025,31015555,Carandaí,224,23.809523809523807,🟢 Baixo Risco,0,0,1
4779,2025,31015563,Carandaí,78,23.809523809523807,🟢 Baixo Risco,0,0,1
4780,2025,31357057,Formiga,214,23.809523809523807,🟢 Baixo Risco,0,0,1
4781,2025,31015687,Madre de Deus de Minas,213,23.809523809523807,🟢 Baixo Risco,0,0,1
4782,2025,31115622,Pimenta,247,23.809523809523807,🟢 Baixo Risco,0,0,1
4783,2025,31117137,Passos,181,23.809523809523807,🟢 Baixo Risco,0,0,1
4784,2025,31117218,Passos,144,23.809523809523807,🟢 Baixo Risco,0,0,1
4785,2025,31117421,Passos,546,23.809523809523807,🟢 Baixo Risco,0,0,1
4786,2025,31150037,Santa Helena de Minas,86,23.809523809523807,🟢 Baixo Risco,0,0,1
4787,2025,31150096,Santa Helena de Minas,159,23.809523809523807,🟢 Baixo Risco,0,0,1
4788,2025,31117498,Passos,144,23.809523809523807,🟢 Baixo Risco,0,0,1
4789,2025,31117978,São Roque de Minas,75,23.809523809523807,🟢 Baixo Risco,0,0,1
4790,2025,31118460,Carmo do Paranaíba,390,23.809523809523807,🟢 Baixo Risco,0,0,1
4791,2025,31151947,Itaipé,129,23.809523809523807,🟢 Baixo Risco,0,0,1
4792,2025,31152412,Itambacuri,68,23.809523809523807,🟢 Baixo Risco,0,0,1
4793,2025,31355771,Nova Resende,121,23.809523809523807,🟢 Baixo Risco,0,0,1
4794,2025,31355887,Santa Vitória,25,23.809523809523807,🟢 Baixo Risco,0,0,1
4795,2025,31356360,João Pinheiro,460,23.809523809523807,🟢 Baixo Risco,0,0,1
4796,2025,31356450,João Pinheiro,218,23.809523809523807,🟢 Baixo Risco,0,0,1
4797,2025,31356522,Alpinópolis,161,23.809523809523807,🟢 Baixo Risco,0,0,1
4798,2025,31355208,Perdigão,146,23.809523809523807,🟢 Baixo Risco,0,0,1
4799,2025,31116432,Carmo do Rio Claro,137,23.809523809523807,🟢 Baixo Risco,0,0,1
4800,2025,31116602,Delfinópolis,7,23.809523809523807,🟢 Baixo Risco,0,0,1
4801,2025,31116815,Córrego Fundo,265,23.809523809523807,🟢 Baixo Risco,0,0,1
4802,2025,31116874,Formiga,73,23.809523809523807,🟢 Baixo Risco,0,0,1
4803,2025,31116939,Formiga,22,23.809523809523807,🟢 Baixo Risco,0,0,1
4804,2025,31152480,Itambacuri,81,23.809523809523807,🟢 Baixo Risco,0,0,1
4805,2025,31152579,Itambacuri,163,23.809523809523807,🟢 Baixo Risco,0,0,1
4806,2025,31152757,Itaobim,8,23.809523809523807,🟢 Baixo Risco,0,0,1
4807,2025,31117471,Passos,1013,23.809523809523807,🟢 Baixo Risco,0,0,1
4808,2025,31356832,São Lourenço,191,23.809523809523807,🟢 Baixo Risco,0,0,1
4809,2025,31153184,Itinga,76,23.809523809523807,🟢 Baixo Risco,0,0,1
4810,2025,31355283,São Lourenço,144,23.809523809523807,🟢 Baixo Risco,0,0,1
4811,2025,31355330,Águas Formosas,274,23.809523809523807,🟢 Baixo Risco,0,0,1
4812,2025,31355410,Alterosa,215,23.809523809523807,🟢 Baixo Risco,0,0,1
4813,2025,31355429,Passos,204,23.809523809523807,🟢 Baixo Risco,0,0,1
4814,2025,31355445,Rio Pardo de Minas,311,23.809523809523807,🟢 Baixo Risco,0,0,1
4815,2025,31355011,Bandeira do Sul,336,23.809523809523807,🟢 Baixo Risco,0,0,1
4816,2025,31115631,Piumhi,334,23.809523809523807,🟢 Baixo Risco,0,0,1
4817,2025,31115681,Piumhi,436,23.809523809523807,🟢 Baixo Risco,0,0,1
4818,2025,31115827,São Roque de Minas,52,23.809523809523807,🟢 Baixo Risco,0,0,1
4819,2025,31015806,Mercês,17,23.809523809523807,🟢 Baixo Risco,0,0,1
4820,2025,31356662,Pequeri,11,23.809523809523807,🟢 Baixo Risco,0,0,1
4821,2025,31016101,Santa Rita de Ibitipoca,31,23.809523809523807,🟢 Baixo Risco,0,0,1
4822,2025,31016217,Senhora dos Remédios,148,23.809523809523807,🟢 Baixo Risco,0,0,1
4823,2025,31355577,Alpercata,93,23.809523809523807,🟢 Baixo Risco,0,0,1
4824,2025,31355615,Januária,99,23.809523809523807,🟢 Baixo Risco,0,0,1
4825,2025,31016497,Alto Rio Doce,148,23.809523809523807,🟢 Baixo Risco,0,0,1
4826,2025,31016993,Barbacena,52,23.809523809523807,🟢 Baixo Risco,0,0,1
4827,2025,31017001,Barbacena,178,23.809523809523807,🟢 Baixo Risco,0,0,1
4828,2025,31017183,Barroso,39,23.809523809523807,🟢 Baixo Risco,0,0,1
4829,2025,31115215,Formiga,153,23.809523809523807,🟢 Baixo Risco,0,0,1
4830,2025,31155683,Padre Paraíso,262,23.809523809523807,🟢 Baixo Risco,0,0,1
4831,2025,31155748,Padre Paraíso,275,23.809523809523807,🟢 Baixo Risco,0,0,1
4832,2025,31355259,Uberlândia,245,23.809523809523807,🟢 Baixo Risco,0,0,1
4833,2025,31153222,Itinga,65,23.809523809523807,🟢 Baixo Risco,0,0,1
4834,2025,31153711,Ladainha,518,23.809523809523807,🟢 Baixo Risco,0,0,1
4835,2025,31153923,Machacalis,60,23.809523809523807,🟢 Baixo Risco,0,0,1
4836,2025,31154717,Nanuque,252,23.809523809523807,🟢 Baixo Risco,0,0,1
4837,2025,31154733,Nanuque,181,23.809523809523807,🟢 Baixo Risco,0,0,1
4838,2025,31115355,Formiga,265,23.809523809523807,🟢 Baixo Risco,0,0,1
4839,2025,31115380,Passos,268,23.809523809523807,🟢 Baixo Risco,0,0,1
4840,2025,31153079,Itinga,16,23.809523809523807,🟢 Baixo Risco,0,0,1
4841,2025,31354333,Perdizes,235,23.809523809523807,🟢 Baixo Risco,0,0,1
4842,2025,31354490,Uberlândia,1253,23.809523809523807,🟢 Baixo Risco,0,0,1
4843,2025,31354678,Três Corações,210,23.809523809523807,🟢 Baixo Risco,0,0,1
4844,2025,31354759,Guimarânia,308,23.809523809523807,🟢 Baixo Risco,0,0,1
4845,2025,31114871,Alpinópolis,430,23.809523809523807,🟢 Baixo Risco,0,0,1
4846,2025,31114928,São José da Barra,108,23.809523809523807,🟢 Baixo Risco,0,0,1
4847,2025,31114987,Capitólio,280,23.809523809523807,🟢 Baixo Risco,0,0,1
4848,2025,31156671,Serra dos Aimorés,27,23.809523809523807,🟢 Baixo Risco,0,0,1
4849,2025,31355070,Montes Claros,375,23.809523809523807,🟢 Baixo Risco,0,0,1
4850,2025,31115525,Passos,587,23.809523809523807,🟢 Baixo Risco,0,0,1
4851,2025,31115011,Carmo do Rio Claro,548,23.809523809523807,🟢 Baixo Risco,0,0,1
4852,2025,31115045,Carmo do Rio Claro,212,23.809523809523807,🟢 Baixo Risco,0,0,1
4853,2025,31355089,Montes Claros,209,23.809523809523807,🟢 Baixo Risco,0,0,1
4854,2025,31355100,Marilac,361,23.809523809523807,🟢 Baixo Risco,0,0,1
4855,2025,31355151,Franciscópolis,157,23.809523809523807,🟢 Baixo Risco,0,0,1
4856,2025,31016446,Alto Rio Doce,41,23.809523809523807,🟢 Baixo Risco,0,0,1
4857,2025,31354015,São Francisco de Sales,54,23.809523809523807,🟢 Baixo Risco,0,0,1
4858,2025,31354120,Carmo do Cajuru,255,23.809523809523807,🟢 Baixo Risco,0,0,1
4859,2025,31354210,Uberlândia,832,23.809523809523807,🟢 Baixo Risco,0,0,1
4860,2025,31353477,Pará de Minas,256,23.809523809523807,🟢 Baixo Risco,0,0,1
4861,2025,31113379,Unaí,38,23.809523809523807,🟢 Baixo Risco,0,0,1
4862,2025,31110710,Buritis,84,23.809523809523807,🟢 Baixo Risco,0,0,1
4863,2025,31110744,Buritis,79,23.809523809523807,🟢 Baixo Risco,0,0,1
4864,2025,31110931,Buritis,94,23.809523809523807,🟢 Baixo Risco,0,0,1
4865,2025,31111988,João Pinheiro,176,23.809523809523807,🟢 Baixo Risco,0,0,1
4866,2025,31114367,Unaí,79,23.809523809523807,🟢 Baixo Risco,0,0,1
4867,2025,31019186,Caratinga,358,23.809523809523807,🟢 Baixo Risco,0,0,1
4868,2025,31018031,Mercês,53,23.809523809523807,🟢 Baixo Risco,0,0,1
4869,2025,31018368,Alfredo Vasconcelos,136,23.809523809523807,🟢 Baixo Risco,0,0,1
4870,2025,31018635,Senhora dos Remédios,96,23.809523809523807,🟢 Baixo Risco,0,0,1
4871,2025,31354295,Volta Grande,165,23.809523809523807,🟢 Baixo Risco,0,0,1
4872,2025,31354317,Ouro Branco,52,23.809523809523807,🟢 Baixo Risco,0,0,1
4873,2025,31019691,Santa Bárbara do Leste,113,23.809523809523807,🟢 Baixo Risco,0,0,1
4874,2025,31353337,Alterosa,64,23.809523809523807,🟢 Baixo Risco,0,0,1
4875,2025,31353426,Ponto dos Volantes,547,23.809523809523807,🟢 Baixo Risco,0,0,1
4876,2025,31352853,Guanhães,153,23.809523809523807,🟢 Baixo Risco,0,0,1
4877,2025,31352896,Pompéu,165,23.809523809523807,🟢 Baixo Risco,0,0,1
4878,2025,31112615,Paracatu,143,23.809523809523807,🟢 Baixo Risco,0,0,1
4879,2025,31157155,Teófilo Otoni,777,23.809523809523807,🟢 Baixo Risco,0,0,1
4880,2025,31157163,Teófilo Otoni,133,23.809523809523807,🟢 Baixo Risco,0,0,1
4881,2025,31157210,Novo Oriente de Minas,133,23.809523809523807,🟢 Baixo Risco,0,0,1
4882,2025,31156680,Serra dos Aimorés,87,23.809523809523807,🟢 Baixo Risco,0,0,1
4883,2025,31112631,Paracatu,188,23.809523809523807,🟢 Baixo Risco,0,0,1
4884,2025,31112640,Paracatu,84,23.809523809523807,🟢 Baixo Risco,0,0,1
4885,2025,31112755,Paracatu,395,23.809523809523807,🟢 Baixo Risco,0,0,1
4886,2025,31112844,Paracatu,147,23.809523809523807,🟢 Baixo Risco,0,0,1
4887,2025,31115169,Delfinópolis,140,23.809523809523807,🟢 Baixo Risco,0,0,1
4888,2025,31019640,Ipaba,31,23.809523809523807,🟢 Baixo Risco,0,0,1
4889,2025,31353035,Uberlândia,300,23.809523809523807,🟢 Baixo Risco,0,0,1
4890,2025,31353060,Campo Florido,140,23.809523809523807,🟢 Baixo Risco,0,0,1
4891,2025,31353078,Passos,366,23.809523809523807,🟢 Baixo Risco,0,0,1
4892,2025,31353248,Ubá,199,23.809523809523807,🟢 Baixo Risco,0,0,1
4893,2025,31019682,Ipaba,1130,23.809523809523807,🟢 Baixo Risco,0,0,1
4894,2025,31020389,Iapu,496,23.809523809523807,🟢 Baixo Risco,0,0,1
4895,2025,31352721,Rio Acima,271,23.809523809523807,🟢 Baixo Risco,0,0,1
4896,2025,31352748,São Gonçalo do Rio Abaixo,320,23.809523809523807,🟢 Baixo Risco,0,0,1
4897,2025,31352772,Itaobim,253,23.809523809523807,🟢 Baixo Risco,0,0,1
4898,2025,31352780,Itaobim,485,23.809523809523807,🟢 Baixo Risco,0,0,1
4899,2025,31352837,Patrocínio,19,23.809523809523807,🟢 Baixo Risco,0,0,1
4900,2025,31114847,Alpinópolis,38,23.809523809523807,🟢 Baixo Risco,0,0,1
4901,2025,31353760,Belo Horizonte,778,23.809523809523807,🟢 Baixo Risco,0,0,1
4902,2025,31353779,Vespasiano,363,23.809523809523807,🟢 Baixo Risco,0,0,1
4903,2025,31353914,Presidente Olegário,182,23.809523809523807,🟢 Baixo Risco,0,0,1
4904,2025,31019330,Piedade de Caratinga,104,23.809523809523807,🟢 Baixo Risco,0,0,1
4905,2025,31110418,Buritis,29,23.809523809523807,🟢 Baixo Risco,0,0,1
4906,2025,31110493,Buritis,109,23.809523809523807,🟢 Baixo Risco,0,0,1
4907,2025,31110639,Buritis,294,23.809523809523807,🟢 Baixo Risco,0,0,1
4908,2025,31158160,Água Comprida,263,23.809523809523807,🟢 Baixo Risco,0,0,1
4909,2025,31112178,João Pinheiro,208,23.809523809523807,🟢 Baixo Risco,0,0,1
4910,2025,31112275,Paracatu,178,23.809523809523807,🟢 Baixo Risco,0,0,1
4911,2025,31352020,Areado,113,23.809523809523807,🟢 Baixo Risco,0,0,1
4912,2025,31352055,Lavras,92,23.809523809523807,🟢 Baixo Risco,0,0,1
4913,2025,31352330,São Sebastião do Maranhão,11,23.809523809523807,🟢 Baixo Risco,0,0,1
4914,2025,31352420,Sacramento,357,23.809523809523807,🟢 Baixo Risco,0,0,1
4915,2025,31352446,Manga,121,23.809523809523807,🟢 Baixo Risco,0,0,1
4916,2025,31352551,Oliveira,39,23.809523809523807,🟢 Baixo Risco,0,0,1
4917,2025,31109517,Arinos,50,23.809523809523807,🟢 Baixo Risco,0,0,1
4918,2025,31112861,Paracatu,53,23.809523809523807,🟢 Baixo Risco,0,0,1
4919,2025,31353000,Uberlândia,309,23.809523809523807,🟢 Baixo Risco,0,0,1
4920,2025,31353019,Uberlândia,100,23.809523809523807,🟢 Baixo Risco,0,0,1
4921,2025,31158496,Campo Florido,319,23.809523809523807,🟢 Baixo Risco,0,0,1
4922,2025,31158593,Campos Altos,39,23.809523809523807,🟢 Baixo Risco,0,0,1
4923,2025,31158640,Conceição das Alagoas,815,23.809523809523807,🟢 Baixo Risco,0,0,1
4924,2025,31109967,Arinos,71,23.809523809523807,🟢 Baixo Risco,0,0,1
4925,2025,31110141,Bonfinópolis de Minas,21,23.809523809523807,🟢 Baixo Risco,0,0,1
4926,2025,31351881,Argirita,132,23.809523809523807,🟢 Baixo Risco,0,0,1
4927,2025,31020575,Inhapim,69,23.809523809523807,🟢 Baixo Risco,0,0,1
4928,2025,31351121,Urucuia,84,23.809523809523807,🟢 Baixo Risco,0,0,1
4929,2025,31158682,Conceição das Alagoas,48,23.809523809523807,🟢 Baixo Risco,0,0,1
4930,2025,31158704,Conquista,359,23.809523809523807,🟢 Baixo Risco,0,0,1
4931,2025,31351890,Vespasiano,161,23.809523809523807,🟢 Baixo Risco,0,0,1
4932,2025,31352004,Senhora dos Remédios,132,23.809523809523807,🟢 Baixo Risco,0,0,1
4933,2025,31110396,Buritis,134,23.809523809523807,🟢 Baixo Risco,0,0,1
4934,2025,31351156,Urucuia,145,23.809523809523807,🟢 Baixo Risco,0,0,1
4935,2025,31351180,Esmeraldas,1834,23.809523809523807,🟢 Baixo Risco,0,0,1
4936,2025,31351199,Poços de Caldas,153,23.809523809523807,🟢 Baixo Risco,0,0,1
4937,2025,31351288,Uberaba,138,23.809523809523807,🟢 Baixo Risco,0,0,1
4938,2025,31351326,Alfenas,242,23.809523809523807,🟢 Baixo Risco,0,0,1
4939,2025,31351458,Uberaba,51,23.809523809523807,🟢 Baixo Risco,0,0,1
4940,2025,31351482,Itamonte,106,23.809523809523807,🟢 Baixo Risco,0,0,1
4941,2025,31351547,São João del Rei,186,23.809523809523807,🟢 Baixo Risco,0,0,1
4942,2025,31351571,Cambuí,216,23.809523809523807,🟢 Baixo Risco,0,0,1
4943,2025,31351628,Moema,338,23.809523809523807,🟢 Baixo Risco,0,0,1
4944,2025,31351776,Almenara,398,23.809523809523807,🟢 Baixo Risco,0,0,1
4945,2025,31158992,Ibiá,75,23.809523809523807,🟢 Baixo Risco,0,0,1
4946,2025,31159000,Ibiá,228,23.809523809523807,🟢 Baixo Risco,0,0,1
4947,2025,31020087,Ubaporanga,414,23.809523809523807,🟢 Baixo Risco,0,0,1
4948,2025,31351814,Congonhas,145,23.809523809523807,🟢 Baixo Risco,0,0,1
4949,2025,31351822,Uberaba,286,23.809523809523807,🟢 Baixo Risco,0,0,1
4950,2025,31158658,Conceição das Alagoas,184,23.809523809523807,🟢 Baixo Risco,0,0,1
4951,2025,31020826,São João do Oriente,393,23.809523809523807,🟢 Baixo Risco,0,0,1
4952,2025,31351091,Verdelândia,251,23.809523809523807,🟢 Baixo Risco,0,0,1
4953,2025,31351105,Monte Carmelo,359,23.809523809523807,🟢 Baixo Risco,0,0,1
4954,2025,31350710,Passos,422,23.809523809523807,🟢 Baixo Risco,0,0,1
4955,2025,31350729,Bambuí,120,23.809523809523807,🟢 Baixo Risco,0,0,1
4956,2025,31350737,Santo Antônio do Monte,192,23.809523809523807,🟢 Baixo Risco,0,0,1
4957,2025,31350770,Araçuaí,154,23.809523809523807,🟢 Baixo Risco,0,0,1
4958,2025,31350800,Ubá,334,23.809523809523807,🟢 Baixo Risco,0,0,1
4959,2025,31351016,Joaíma,143,23.809523809523807,🟢 Baixo Risco,0,0,1
4960,2025,31351032,Capelinha,291,23.809523809523807,🟢 Baixo Risco,0,0,1
4961,2025,31020681,Inhapim,12,23.809523809523807,🟢 Baixo Risco,0,0,1
4962,2025,31159361,Perdizes,499,23.809523809523807,🟢 Baixo Risco,0,0,1
4963,2025,31158925,Frutal,320,23.809523809523807,🟢 Baixo Risco,0,0,1
4964,2025,31158933,Frutal,63,23.809523809523807,🟢 Baixo Risco,0,0,1
4965,2025,31158950,Frutal,664,23.809523809523807,🟢 Baixo Risco,0,0,1
4966,2025,31350419,Uberlândia,291,23.809523809523807,🟢 Baixo Risco,0,0,1
4967,2025,31350451,Delta,339,23.809523809523807,🟢 Baixo Risco,0,0,1
4968,2025,31350524,Lontra,258,23.809523809523807,🟢 Baixo Risco,0,0,1
4969,2025,31349593,Conselheiro Lafaiete,422,23.809523809523807,🟢 Baixo Risco,0,0,1
4970,2025,31349640,Patrocínio,36,23.809523809523807,🟢 Baixo Risco,0,0,1
4971,2025,31349771,Nova Ponte,233,23.809523809523807,🟢 Baixo Risco,0,0,1
4972,2025,31349852,Novo Oriente de Minas,257,23.809523809523807,🟢 Baixo Risco,0,0,1
4973,2025,31350060,Padre Paraíso,252,23.809523809523807,🟢 Baixo Risco,0,0,1
4974,2025,31350117,Contagem,802,23.809523809523807,🟢 Baixo Risco,0,0,1
4975,2025,31350125,Contagem,361,23.809523809523807,🟢 Baixo Risco,0,0,1
4976,2025,31350338,São José da Lapa,380,23.809523809523807,🟢 Baixo Risco,0,0,1
4977,2025,31159531,Sacramento,520,23.809523809523807,🟢 Baixo Risco,0,0,1
4978,2025,31159557,Sacramento,60,23.809523809523807,🟢 Baixo Risco,0,0,1
4979,2025,31159042,Ibiá,269,23.809523809523807,🟢 Baixo Risco,0,0,1
4980,2025,31159123,Ibiá,113,23.809523809523807,🟢 Baixo Risco,0,0,1
4981,2025,31159174,Iturama,338,23.809523809523807,🟢 Baixo Risco,0,0,1
4982,2025,31349526,Alfenas,95,23.809523809523807,🟢 Baixo Risco,0,0,1
4983,2025,31021890,Iapu,27,23.809523809523807,🟢 Baixo Risco,0,0,1
4984,2025,31022161,Inhapim,38,23.809523809523807,🟢 Baixo Risco,0,0,1
4985,2025,31349020,Três Corações,87,23.809523809523807,🟢 Baixo Risco,0,0,1
4986,2025,31349259,Ninheira,120,23.809523809523807,🟢 Baixo Risco,0,0,1
4987,2025,31023027,Alvorada de Minas,224,23.809523809523807,🟢 Baixo Risco,0,0,1
4988,2025,31023272,Capelinha,405,23.809523809523807,🟢 Baixo Risco,0,0,1
4989,2025,31023329,Capelinha,437,23.809523809523807,🟢 Baixo Risco,0,0,1
4990,2025,31023361,Carbonita,435,23.809523809523807,🟢 Baixo Risco,0,0,1
4991,2025,31023400,Chapada do Norte,47,23.809523809523807,🟢 Baixo Risco,0,0,1
4992,2025,31023418,Chapada do Norte,76,23.809523809523807,🟢 Baixo Risco,0,0,1
4993,2025,31023442,Chapada do Norte,50,23.809523809523807,🟢 Baixo Risco,0,0,1
4994,2025,31347949,Lavras,50,23.809523809523807,🟢 Baixo Risco,0,0,1
4995,2025,31159441,Pratinha,252,23.809523809523807,🟢 Baixo Risco,0,0,1
4996,2025,31158984,Ibiá,375,23.809523809523807,🟢 Baixo Risco,0,0,1
4997,2025,31021491,Santa Bárbara do Leste,131,23.809523809523807,🟢 Baixo Risco,0,0,1
4998,2025,31348341,Contagem,570,23.809523809523807,🟢 Baixo Risco,0,0,1
4999,2025,31348430,Elói Mendes,270,23.809523809523807,🟢 Baixo Risco,0,0,1
5000,2025,31348449,Lavras,161,23.809523809523807,🟢 Baixo Risco,0,0,1
5001,2025,31348546,Muzambinho,500,23.809523809523807,🟢 Baixo Risco,0,0,1
5002,2025,31348562,Esmeraldas,222,23.809523809523807,🟢 Baixo Risco,0,0,1
5003,2025,31348597,Contagem,614,23.809523809523807,🟢 Baixo Risco,0,0,1
5004,2025,31348627,Patrocínio,30,23.809523809523807,🟢 Baixo Risco,0,0,1
5005,2025,31347795,Nanuque,297,23.809523809523807,🟢 Baixo Risco,0,0,1
5006,2025,31347884,Perdizes,392,23.809523809523807,🟢 Baixo Risco,0,0,1
5007,2025,31160253,Uberaba,749,23.809523809523807,🟢 Baixo Risco,0,0,1
5008,2025,31023451,Conceição do Mato Dentro,875,23.809523809523807,🟢 Baixo Risco,0,0,1
5009,2025,31023477,Conceição do Mato Dentro,531,23.809523809523807,🟢 Baixo Risco,0,0,1
5010,2025,31023591,Conceição do Mato Dentro,53,23.809523809523807,🟢 Baixo Risco,0,0,1
5011,2025,31159603,Santa Juliana,296,23.809523809523807,🟢 Baixo Risco,0,0,1
5012,2025,31159638,Santa Juliana,40,23.809523809523807,🟢 Baixo Risco,0,0,1
5013,2025,31159654,Tapira,332,23.809523809523807,🟢 Baixo Risco,0,0,1
5014,2025,31347396,Poté,666,23.809523809523807,🟢 Baixo Risco,0,0,1
5015,2025,31347485,Poços de Caldas,821,23.809523809523807,🟢 Baixo Risco,0,0,1
5016,2025,31347531,Iturama,136,23.809523809523807,🟢 Baixo Risco,0,0,1
5017,2025,31347620,Passos,287,23.809523809523807,🟢 Baixo Risco,0,0,1
5018,2025,31347639,Cláudio,379,23.809523809523807,🟢 Baixo Risco,0,0,1
5019,2025,31347663,Belo Vale,422,23.809523809523807,🟢 Baixo Risco,0,0,1
5020,2025,31347698,Campanha,75,23.809523809523807,🟢 Baixo Risco,0,0,1
5021,2025,31347728,Nova Ponte,287,23.809523809523807,🟢 Baixo Risco,0,0,1
5022,2025,31347779,Nova Ponte,337,23.809523809523807,🟢 Baixo Risco,0,0,1
5023,2025,31023752,Diamantina,420,23.809523809523807,🟢 Baixo Risco,0,0,1
5024,2025,31160555,Araxá,156,23.809523809523807,🟢 Baixo Risco,0,0,1
5025,2025,31160954,Campina Verde,206,23.809523809523807,🟢 Baixo Risco,0,0,1
5026,2025,31160989,Campina Verde,67,23.809523809523807,🟢 Baixo Risco,0,0,1
5027,2025,31348104,Mantena,263,23.809523809523807,🟢 Baixo Risco,0,0,1
5028,2025,31160059,Uberaba,88,23.809523809523807,🟢 Baixo Risco,0,0,1
5029,2025,31348236,Sete Lagoas,153,23.809523809523807,🟢 Baixo Risco,0,0,1
5030,2025,31161799,Conquista,181,23.809523809523807,🟢 Baixo Risco,0,0,1
5031,2025,31162264,Frutal,89,23.809523809523807,🟢 Baixo Risco,0,0,1
5032,2025,31023833,Diamantina,406,23.809523809523807,🟢 Baixo Risco,0,0,1
5033,2025,31023914,Diamantina,137,23.809523809523807,🟢 Baixo Risco,0,0,1
5034,2025,31024074,Francisco Badaró,115,23.809523809523807,🟢 Baixo Risco,0,0,1
5035,2025,31024147,Gouveia,340,23.809523809523807,🟢 Baixo Risco,0,0,1
5036,2025,31346730,Manhuaçu,83,23.809523809523807,🟢 Baixo Risco,0,0,1
5037,2025,31346837,Passos,208,23.809523809523807,🟢 Baixo Risco,0,0,1
5038,2025,31163864,Perdizes,37,23.809523809523807,🟢 Baixo Risco,0,0,1
5039,2025,31164372,Sacramento,149,23.809523809523807,🟢 Baixo Risco,0,0,1
5040,2025,31346306,Vespasiano,209,23.809523809523807,🟢 Baixo Risco,0,0,1
5041,2025,31346470,Paraopeba,361,23.809523809523807,🟢 Baixo Risco,0,0,1
5042,2025,31346489,Esmeraldas,100,23.809523809523807,🟢 Baixo Risco,0,0,1
5043,2025,31023710,Diamantina,450,23.809523809523807,🟢 Baixo Risco,0,0,1
5044,2025,31347922,Lavras,133,23.809523809523807,🟢 Baixo Risco,0,0,1
5045,2025,31347256,Paracatu,448,23.809523809523807,🟢 Baixo Risco,0,0,1
5046,2025,31346039,Diamantina,145,23.809523809523807,🟢 Baixo Risco,0,0,1
5047,2025,31346101,Montes Claros,237,23.809523809523807,🟢 Baixo Risco,0,0,1
5048,2025,31346179,Carlos Chagas,289,23.809523809523807,🟢 Baixo Risco,0,0,1
5049,2025,31346187,Santa Margarida,439,23.809523809523807,🟢 Baixo Risco,0,0,1
5050,2025,31024465,Minas Novas,212,23.809523809523807,🟢 Baixo Risco,0,0,1
5051,2025,31345458,Janaúba,645,23.809523809523807,🟢 Baixo Risco,0,0,1
5052,2025,31345466,Janaúba,233,23.809523809523807,🟢 Baixo Risco,0,0,1
5053,2025,31165441,Uberaba,549,23.809523809523807,🟢 Baixo Risco,0,0,1
5054,2025,31162361,Ibiá,146,23.809523809523807,🟢 Baixo Risco,0,0,1
5055,2025,31024678,Rio Vermelho,460,23.809523809523807,🟢 Baixo Risco,0,0,1
5056,2025,31024686,Rio Vermelho,99,23.809523809523807,🟢 Baixo Risco,0,0,1
5057,2025,31344974,São João das Missões,122,23.809523809523807,🟢 Baixo Risco,0,0,1
5058,2025,31161314,Campo Florido,9,23.809523809523807,🟢 Baixo Risco,0,0,1
5059,2025,31161357,Campo Florido,75,23.809523809523807,🟢 Baixo Risco,0,0,1
5060,2025,31161608,Conceição das Alagoas,571,23.809523809523807,🟢 Baixo Risco,0,0,1
5061,2025,31344257,Ouro Branco,136,23.809523809523807,🟢 Baixo Risco,0,0,1
5062,2025,31344281,Santa Luzia,607,23.809523809523807,🟢 Baixo Risco,0,0,1
5063,2025,31344338,Córrego Novo,145,23.809523809523807,🟢 Baixo Risco,0,0,1
5064,2025,31344354,Itabirito,143,23.809523809523807,🟢 Baixo Risco,0,0,1
5065,2025,31344559,Córrego Fundo,160,23.809523809523807,🟢 Baixo Risco,0,0,1
5066,2025,31344923,São Gonçalo do Pará,380,23.809523809523807,🟢 Baixo Risco,0,0,1
5067,2025,31024503,Minas Novas,181,23.809523809523807,🟢 Baixo Risco,0,0,1
5068,2025,31024520,Minas Novas,148,23.809523809523807,🟢 Baixo Risco,0,0,1
5069,2025,31343935,Carmo do Cajuru,455,23.809523809523807,🟢 Baixo Risco,0,0,1
5070,2025,31024716,Rio Vermelho,125,23.809523809523807,🟢 Baixo Risco,0,0,1
5071,2025,31165832,Uberaba,203,23.809523809523807,🟢 Baixo Risco,0,0,1
5072,2025,31166618,Araguari,724,23.809523809523807,🟢 Baixo Risco,0,0,1
5073,2025,31166642,Araguari,39,23.809523809523807,🟢 Baixo Risco,0,0,1
5074,2025,31346705,Esmeraldas,113,23.809523809523807,🟢 Baixo Risco,0,0,1
5075,2025,31345725,São Romão,153,23.809523809523807,🟢 Baixo Risco,0,0,1
5076,2025,31345822,Esmeraldas,526,23.809523809523807,🟢 Baixo Risco,0,0,1
5077,2025,31344010,Comercinho,158,23.809523809523807,🟢 Baixo Risco,0,0,1
5078,2025,31342955,Igarapé,187,23.809523809523807,🟢 Baixo Risco,0,0,1
5079,2025,31342971,Formiga,34,23.809523809523807,🟢 Baixo Risco,0,0,1
5080,2025,31343110,João Monlevade,865,23.809523809523807,🟢 Baixo Risco,0,0,1
5081,2025,31343579,Pedrinópolis,77,23.809523809523807,🟢 Baixo Risco,0,0,1
5082,2025,31343641,Sete Lagoas,287,23.809523809523807,🟢 Baixo Risco,0,0,1
5083,2025,31343692,Uberlândia,322,23.809523809523807,🟢 Baixo Risco,0,0,1
5084,2025,31343811,Contagem,851,23.809523809523807,🟢 Baixo Risco,0,0,1
5085,2025,31343870,Contagem,1326,23.809523809523807,🟢 Baixo Risco,0,0,1
5086,2025,31024953,Serro,221,23.809523809523807,🟢 Baixo Risco,0,0,1
5087,2025,31166944,Monte Alegre de Minas,62,23.809523809523807,🟢 Baixo Risco,0,0,1
5088,2025,31165824,Uberaba,313,23.809523809523807,🟢 Baixo Risco,0,0,1
5089,2025,31025046,Turmalina,54,23.809523809523807,🟢 Baixo Risco,0,0,1
5090,2025,31344990,Lima Duarte,168,23.809523809523807,🟢 Baixo Risco,0,0,1
5091,2025,31345288,Montes Claros,154,23.809523809523807,🟢 Baixo Risco,0,0,1
5092,2025,31344206,Itaúna,90,23.809523809523807,🟢 Baixo Risco,0,0,1
5093,2025,31342645,Rochedo de Minas,74,23.809523809523807,🟢 Baixo Risco,0,0,1
5094,2025,31342700,Camanducaia,354,23.809523809523807,🟢 Baixo Risco,0,0,1
5095,2025,31342807,Salinas,114,23.809523809523807,🟢 Baixo Risco,0,0,1
5096,2025,31342823,Machado,329,23.809523809523807,🟢 Baixo Risco,0,0,1
5097,2025,31341983,Uberlândia,290,23.809523809523807,🟢 Baixo Risco,0,0,1
5098,2025,31341991,Uberlândia,86,23.809523809523807,🟢 Baixo Risco,0,0,1
5099,2025,31025526,Capelinha,32,23.809523809523807,🟢 Baixo Risco,0,0,1
5100,2025,31025763,Angelândia,564,23.809523809523807,🟢 Baixo Risco,0,0,1
5101,2025,31026026,Carbonita,14,23.809523809523807,🟢 Baixo Risco,0,0,1
5102,2025,31026247,Carbonita,10,23.809523809523807,🟢 Baixo Risco,0,0,1
5103,2025,31341843,São Lourenço,322,23.809523809523807,🟢 Baixo Risco,0,0,1
5104,2025,31341851,Uberlândia,107,23.809523809523807,🟢 Baixo Risco,0,0,1
5105,2025,31165310,Uberaba,442,23.809523809523807,🟢 Baixo Risco,0,0,1
5106,2025,31024856,Serra Azul de Minas,20,23.809523809523807,🟢 Baixo Risco,0,0,1
5107,2025,31343960,Senhora dos Remédios,52,23.809523809523807,🟢 Baixo Risco,0,0,1
5108,2025,31167151,Tupaciguara,37,23.809523809523807,🟢 Baixo Risco,0,0,1
5109,2025,31341878,Uberlândia,70,23.809523809523807,🟢 Baixo Risco,0,0,1
5110,2025,31341940,Uberlândia,165,23.809523809523807,🟢 Baixo Risco,0,0,1
5111,2025,31341959,Uberlândia,216,23.809523809523807,🟢 Baixo Risco,0,0,1
5112,2025,31028291,Jenipapo de Minas,13,23.809523809523807,🟢 Baixo Risco,0,0,1
5113,2025,31026263,Chapada do Norte,101,23.809523809523807,🟢 Baixo Risco,0,0,1
5114,2025,31026956,Conceição do Mato Dentro,183,23.809523809523807,🟢 Baixo Risco,0,0,1
5115,2025,31027278,Datas,83,23.809523809523807,🟢 Baixo Risco,0,0,1
5116,2025,31027324,Diamantina,166,23.809523809523807,🟢 Baixo Risco,0,0,1
5117,2025,31027499,Diamantina,39,23.809523809523807,🟢 Baixo Risco,0,0,1
5118,2025,31030091,Rio Vermelho,100,23.809523809523807,🟢 Baixo Risco,0,0,1
5119,2025,31341169,Uberlândia,85,23.809523809523807,🟢 Baixo Risco,0,0,1
5120,2025,31341339,Uberlândia,452,23.809523809523807,🟢 Baixo Risco,0,0,1
5121,2025,31025054,Turmalina,652,23.809523809523807,🟢 Baixo Risco,0,0,1
5122,2025,31025071,Veredinha,288,23.809523809523807,🟢 Baixo Risco,0,0,1
5123,2025,31342564,Ribeirão das Neves,26,23.809523809523807,🟢 Baixo Risco,0,0,1
5124,2025,31001431,Belo Horizonte,459,23.809523809523807,🟢 Baixo Risco,0,0,1
5125,2025,31388998,Lavras,160,23.809523809523807,🟢 Baixo Risco,0,0,1
5126,2025,31387789,Passos,330,23.809523809523807,🟢 Baixo Risco,0,0,1
5127,2025,31341800,Indianópolis,252,23.809523809523807,🟢 Baixo Risco,0,0,1
5128,2025,31341827,Virginópolis,262,23.809523809523807,🟢 Baixo Risco,0,0,1
5129,2025,31032191,Bambuí,311,23.809523809523807,🟢 Baixo Risco,0,0,1
5130,2025,31032204,Bambuí,291,23.809523809523807,🟢 Baixo Risco,0,0,1
5131,2025,31031518,Turmalina,92,23.809523809523807,🟢 Baixo Risco,0,0,1
5132,2025,31031623,Turmalina,73,23.809523809523807,🟢 Baixo Risco,0,0,1
5133,2025,31167525,Uberlândia,709,23.809523809523807,🟢 Baixo Risco,0,0,1
5134,2025,31340170,Nova Resende,178,23.809523809523807,🟢 Baixo Risco,0,0,1
5135,2025,31340189,Uberaba,402,23.809523809523807,🟢 Baixo Risco,0,0,1
5136,2025,31340243,Pingo-d'Água,109,23.809523809523807,🟢 Baixo Risco,0,0,1
5137,2025,31167088,Prata,367,23.809523809523807,🟢 Baixo Risco,0,0,1
5138,2025,31167096,Prata,107,23.809523809523807,🟢 Baixo Risco,0,0,1
5139,2025,31167100,Prata,98,23.809523809523807,🟢 Baixo Risco,0,0,1
5140,2025,31341541,Alpercata,90,23.809523809523807,🟢 Baixo Risco,0,0,1
5141,2025,31029149,Minas Novas,86,23.809523809523807,🟢 Baixo Risco,0,0,1
5142,2025,31028371,Gouveia,27,23.809523809523807,🟢 Baixo Risco,0,0,1
5143,2025,31028428,Gouveia,71,23.809523809523807,🟢 Baixo Risco,0,0,1
5144,2025,31341762,Camanducaia,178,23.809523809523807,🟢 Baixo Risco,0,0,1
5145,2025,31387630,Vespasiano,199,23.809523809523807,🟢 Baixo Risco,0,0,1
5146,2025,31386898,Toledo,189,23.809523809523807,🟢 Baixo Risco,0,0,1
5147,2025,31386928,Sete Lagoas,207,23.809523809523807,🟢 Baixo Risco,0,0,1
5148,2025,31387037,Belo Horizonte,200,23.809523809523807,🟢 Baixo Risco,0,0,1
5149,2025,31387193,Araxá,113,23.809523809523807,🟢 Baixo Risco,0,0,1
5150,2025,31387401,Igarapé,196,23.809523809523807,🟢 Baixo Risco,0,0,1
5151,2025,31387410,Camanducaia,183,23.809523809523807,🟢 Baixo Risco,0,0,1
5152,2025,31387444,Conselheiro Lafaiete,127,23.809523809523807,🟢 Baixo Risco,0,0,1
5153,2025,31387460,Uberaba,146,23.809523809523807,🟢 Baixo Risco,0,0,1
5154,2025,31389196,Lajinha,404,23.809523809523807,🟢 Baixo Risco,0,0,1
5155,2025,31389292,Arinos,22,23.809523809523807,🟢 Baixo Risco,0,0,1
5156,2025,31340286,Congonhas,425,23.809523809523807,🟢 Baixo Risco,0,0,1
5157,2025,31340510,Senador Amaral,286,23.809523809523807,🟢 Baixo Risco,0,0,1
5158,2025,31340553,Bom Despacho,289,23.809523809523807,🟢 Baixo Risco,0,0,1
5159,2025,31340880,Conceição das Alagoas,63,23.809523809523807,🟢 Baixo Risco,0,0,1
5160,2025,31340898,Iturama,135,23.809523809523807,🟢 Baixo Risco,0,0,1
5161,2025,31340901,Francisco Sá,176,23.809523809523807,🟢 Baixo Risco,0,0,1
5162,2025,31340022,São José da Lapa,402,23.809523809523807,🟢 Baixo Risco,0,0,1
5163,2025,31339210,Passos,655,23.809523809523807,🟢 Baixo Risco,0,0,1
5164,2025,31339296,Sete Lagoas,82,23.809523809523807,🟢 Baixo Risco,0,0,1
5165,2025,31339458,Perdizes,230,23.809523809523807,🟢 Baixo Risco,0,0,1
5166,2025,31339466,Poços de Caldas,192,23.809523809523807,🟢 Baixo Risco,0,0,1
5167,2025,31339482,Lagoa da Prata,111,23.809523809523807,🟢 Baixo Risco,0,0,1
5168,2025,31339490,Rio Piracicaba,375,23.809523809523807,🟢 Baixo Risco,0,0,1
5169,2025,31339865,Conselheiro Lafaiete,392,23.809523809523807,🟢 Baixo Risco,0,0,1
5170,2025,31339873,Santa Luzia,451,23.809523809523807,🟢 Baixo Risco,0,0,1
5171,2025,31032590,Carmo do Cajuru,511,23.809523809523807,🟢 Baixo Risco,0,0,1
5172,2025,31167657,Uberlândia,177,23.809523809523807,🟢 Baixo Risco,0,0,1
5173,2025,31032719,Cedro do Abaeté,101,23.809523809523807,🟢 Baixo Risco,0,0,1
5174,2025,31339091,Formiga,180,23.809523809523807,🟢 Baixo Risco,0,0,1
5175,2025,31338982,Piranga,417,23.809523809523807,🟢 Baixo Risco,0,0,1
5176,2025,31032581,Carmo do Cajuru,19,23.809523809523807,🟢 Baixo Risco,0,0,1
5177,2025,31337730,Palmópolis,90,23.809523809523807,🟢 Baixo Risco,0,0,1
5178,2025,31337870,Itabira,273,23.809523809523807,🟢 Baixo Risco,0,0,1
5179,2025,31338400,Uberlândia,1166,23.809523809523807,🟢 Baixo Risco,0,0,1
5180,2025,31338427,Ipaba,170,23.809523809523807,🟢 Baixo Risco,0,0,1
5181,2025,31338524,Coração de Jesus,68,23.809523809523807,🟢 Baixo Risco,0,0,1
5182,2025,31338702,Porteirinha,212,23.809523809523807,🟢 Baixo Risco,0,0,1
5183,2025,31032981,Córrego Danta,64,23.809523809523807,🟢 Baixo Risco,0,0,1
5184,2025,31033260,Divinópolis,1499,23.809523809523807,🟢 Baixo Risco,0,0,1
5185,2025,31337315,Centralina,228,23.809523809523807,🟢 Baixo Risco,0,0,1
5186,2025,31337374,Coração de Jesus,309,23.809523809523807,🟢 Baixo Risco,0,0,1
5187,2025,31033481,Dores do Indaiá,226,23.809523809523807,🟢 Baixo Risco,0,0,1
5188,2025,31169994,Uberlândia,181,23.809523809523807,🟢 Baixo Risco,0,0,1
5189,2025,31033511,Estrela do Indaiá,95,23.809523809523807,🟢 Baixo Risco,0,0,1
5190,2025,31336688,Nova Porteirinha,31,23.809523809523807,🟢 Baixo Risco,0,0,1
5191,2025,31336696,Porteirinha,186,23.809523809523807,🟢 Baixo Risco,0,0,1
5192,2025,31336858,Confins,104,23.809523809523807,🟢 Baixo Risco,0,0,1
5193,2025,31336939,Catuti,70,23.809523809523807,🟢 Baixo Risco,0,0,1
5194,2025,31336963,Paula Cândido,216,23.809523809523807,🟢 Baixo Risco,0,0,1
5195,2025,31033791,Itaúna,247,23.809523809523807,🟢 Baixo Risco,0,0,1
5196,2025,31336149,Rio Pardo de Minas,209,23.809523809523807,🟢 Baixo Risco,0,0,1
5197,2025,31336190,Pai Pedro,196,23.809523809523807,🟢 Baixo Risco,0,0,1
5198,2025,31336238,Jaíba,450,23.809523809523807,🟢 Baixo Risco,0,0,1
5199,2025,31336254,Barroso,104,23.809523809523807,🟢 Baixo Risco,0,0,1
5200,2025,31336297,Barroso,150,23.809523809523807,🟢 Baixo Risco,0,0,1
5201,2025,31033936,Itaúna,250,23.809523809523807,🟢 Baixo Risco,0,0,1
5202,2025,31168955,Prata,108,23.809523809523807,🟢 Baixo Risco,0,0,1
5203,2025,31168971,Prata,424,23.809523809523807,🟢 Baixo Risco,0,0,1
5204,2025,31170801,Alfenas,256,23.809523809523807,🟢 Baixo Risco,0,0,1
5205,2025,31169285,Tupaciguara,51,23.809523809523807,🟢 Baixo Risco,0,0,1
5206,2025,31169439,Tupaciguara,90,23.809523809523807,🟢 Baixo Risco,0,0,1
5207,2025,31169561,Uberlândia,121,23.809523809523807,🟢 Baixo Risco,0,0,1
5208,2025,31169579,Uberlândia,111,23.809523809523807,🟢 Baixo Risco,0,0,1
5209,2025,31335002,Minduri,135,23.809523809523807,🟢 Baixo Risco,0,0,1
5210,2025,31335231,Monte Santo de Minas,170,23.809523809523807,🟢 Baixo Risco,0,0,1
5211,2025,31033642,Iguatama,259,23.809523809523807,🟢 Baixo Risco,0,0,1
5212,2025,31033651,Iguatama,12,23.809523809523807,🟢 Baixo Risco,0,0,1
5213,2025,31033693,Iguatama,104,23.809523809523807,🟢 Baixo Risco,0,0,1
5214,2025,31033731,Itaguara,75,23.809523809523807,🟢 Baixo Risco,0,0,1
5215,2025,31334324,Brumadinho,159,23.809523809523807,🟢 Baixo Risco,0,0,1
5216,2025,31334332,Buritis,468,23.809523809523807,🟢 Baixo Risco,0,0,1
5217,2025,31169757,Uberlândia,209,23.809523809523807,🟢 Baixo Risco,0,0,1
5218,2025,31169871,Uberlândia,827,23.809523809523807,🟢 Baixo Risco,0,0,1
5219,2025,31169897,Uberlândia,122,23.809523809523807,🟢 Baixo Risco,0,0,1
5220,2025,31332445,Ipatinga,364,23.809523809523807,🟢 Baixo Risco,0,0,1
5221,2025,31170038,Uberlândia,130,23.809523809523807,🟢 Baixo Risco,0,0,1
5222,2025,31170054,Uberlândia,231,23.809523809523807,🟢 Baixo Risco,0,0,1
5223,2025,31168378,Indianópolis,42,23.809523809523807,🟢 Baixo Risco,0,0,1
5224,2025,31334936,São Lourenço,145,23.809523809523807,🟢 Baixo Risco,0,0,1
5225,2025,31334987,Periquito,74,23.809523809523807,🟢 Baixo Risco,0,0,1
5226,2025,31033812,Itaúna,674,23.809523809523807,🟢 Baixo Risco,0,0,1
5227,2025,31033839,Itaúna,409,23.809523809523807,🟢 Baixo Risco,0,0,1
5228,2025,31033863,Itaúna,276,23.809523809523807,🟢 Baixo Risco,0,0,1
5229,2025,31333603,Itacarambi,5,23.809523809523807,🟢 Baixo Risco,0,0,1
5230,2025,31033979,Itaúna,483,23.809523809523807,🟢 Baixo Risco,0,0,1
5231,2025,31033995,Japaraíba,164,23.809523809523807,🟢 Baixo Risco,0,0,1
5232,2025,31034029,Lagoa da Prata,374,23.809523809523807,🟢 Baixo Risco,0,0,1
5233,2025,31034100,Lagoa da Prata,1313,23.809523809523807,🟢 Baixo Risco,0,0,1
5234,2025,31170721,Alagoa,269,23.809523809523807,🟢 Baixo Risco,0,0,1
5235,2025,31170747,Alfenas,785,23.809523809523807,🟢 Baixo Risco,0,0,1
5236,2025,31330060,Ituiutaba,290,23.809523809523807,🟢 Baixo Risco,0,0,1
5237,2025,31169609,Uberlândia,654,23.809523809523807,🟢 Baixo Risco,0,0,1
5238,2025,31169625,Uberlândia,366,23.809523809523807,🟢 Baixo Risco,0,0,1
5239,2025,31034291,Martinho Campos,35,23.809523809523807,🟢 Baixo Risco,0,0,1
5240,2025,31034304,Martinho Campos,37,23.809523809523807,🟢 Baixo Risco,0,0,1
5241,2025,31333549,Leopoldina,160,23.809523809523807,🟢 Baixo Risco,0,0,1
5242,2025,31034576,Morada Nova de Minas,502,23.809523809523807,🟢 Baixo Risco,0,0,1
5243,2025,31034592,Morada Nova de Minas,41,23.809523809523807,🟢 Baixo Risco,0,0,1
5244,2025,31333107,Santa Luzia,840,23.809523809523807,🟢 Baixo Risco,0,0,1
5245,2025,31333263,Santa Maria de Itabira,330,23.809523809523807,🟢 Baixo Risco,0,0,1
5246,2025,31333271,Luz,292,23.809523809523807,🟢 Baixo Risco,0,0,1
5247,2025,31333336,Felixlândia,125,23.809523809523807,🟢 Baixo Risco,0,0,1
5248,2025,31333387,Uberaba,445,23.809523809523807,🟢 Baixo Risco,0,0,1
5249,2025,31331538,Sabará,204,23.809523809523807,🟢 Baixo Risco,0,0,1
5250,2025,31170917,Alfenas,78,23.809523809523807,🟢 Baixo Risco,0,0,1
5251,2025,31170984,Baependi,77,23.809523809523807,🟢 Baixo Risco,0,0,1
5252,2025,31035394,Pitangui,112,23.809523809523807,🟢 Baixo Risco,0,0,1
5253,2025,31332666,Cláudio,268,23.809523809523807,🟢 Baixo Risco,0,0,1
5254,2025,31332941,Betim,859,23.809523809523807,🟢 Baixo Risco,0,0,1
5255,2025,31333077,São João del Rei,123,23.809523809523807,🟢 Baixo Risco,0,0,1
5256,2025,31034789,Pains,279,23.809523809523807,🟢 Baixo Risco,0,0,1
5257,2025,31034801,Pains,303,23.809523809523807,🟢 Baixo Risco,0,0,1
5258,2025,31331341,Vazante,99,23.809523809523807,🟢 Baixo Risco,0,0,1
5259,2025,31331368,Sarzedo,326,23.809523809523807,🟢 Baixo Risco,0,0,1
5260,2025,31331449,Elói Mendes,435,23.809523809523807,🟢 Baixo Risco,0,0,1
5261,2025,31331082,Perdigão,297,23.809523809523807,🟢 Baixo Risco,0,0,1
5262,2025,31331171,Gouveia,321,23.809523809523807,🟢 Baixo Risco,0,0,1
5263,2025,31331333,Santana dos Montes,234,23.809523809523807,🟢 Baixo Risco,0,0,1
5264,2025,31330591,Catuji,444,23.809523809523807,🟢 Baixo Risco,0,0,1
5265,2025,31330604,Angelândia,513,23.809523809523807,🟢 Baixo Risco,0,0,1
5266,2025,31330698,Unaí,43,23.809523809523807,🟢 Baixo Risco,0,0,1
5267,2025,31330779,Araguari,47,23.809523809523807,🟢 Baixo Risco,0,0,1
5268,2025,31327867,Lagoa Grande,211,23.809523809523807,🟢 Baixo Risco,0,0,1
5269,2025,31330281,Ubá,291,23.809523809523807,🟢 Baixo Risco,0,0,1
5270,2025,31330302,Santa Bárbara,304,23.809523809523807,🟢 Baixo Risco,0,0,1
5271,2025,31330337,Dom Bosco,149,23.809523809523807,🟢 Baixo Risco,0,0,1
5272,2025,31328626,Uberlândia,104,23.809523809523807,🟢 Baixo Risco,0,0,1
5273,2025,31328642,Uberlândia,353,23.809523809523807,🟢 Baixo Risco,0,0,1
5274,2025,31328651,Uberlândia,263,23.809523809523807,🟢 Baixo Risco,0,0,1
5275,2025,31328839,Pompéu,90,23.809523809523807,🟢 Baixo Risco,0,0,1
5276,2025,31328952,Bambuí,56,23.809523809523807,🟢 Baixo Risco,0,0,1
5277,2025,31035076,Pará de Minas,606,23.809523809523807,🟢 Baixo Risco,0,0,1
5278,2025,31035084,Pará de Minas,641,23.809523809523807,🟢 Baixo Risco,0,0,1
5279,2025,31035301,Pequi,269,23.809523809523807,🟢 Baixo Risco,0,0,1
5280,2025,31109134,Vazante,184,23.809523809523807,🟢 Baixo Risco,0,0,1
5281,2025,31109142,Vazante,69,23.809523809523807,🟢 Baixo Risco,0,0,1
5282,2025,31171573,Campo do Meio,226,23.809523809523807,🟢 Baixo Risco,0,0,1
5283,2025,31171581,Campo do Meio,589,23.809523809523807,🟢 Baixo Risco,0,0,1
5284,2025,31326313,Bom Despacho,75,23.809523809523807,🟢 Baixo Risco,0,0,1
5285,2025,31035432,Pitangui,12,23.809523809523807,🟢 Baixo Risco,0,0,1
5286,2025,31328561,Uberlândia,92,23.809523809523807,🟢 Baixo Risco,0,0,1
5287,2025,31328600,Uberlândia,70,23.809523809523807,🟢 Baixo Risco,0,0,1
5288,2025,31328618,Uberlândia,175,23.809523809523807,🟢 Baixo Risco,0,0,1
5289,2025,31327964,Uberlândia,85,23.809523809523807,🟢 Baixo Risco,0,0,1
5290,2025,31327999,Espera Feliz,142,23.809523809523807,🟢 Baixo Risco,0,0,1
5291,2025,31328120,Carangola,134,23.809523809523807,🟢 Baixo Risco,0,0,1
5292,2025,31328341,Machacalis,103,23.809523809523807,🟢 Baixo Risco,0,0,1
5293,2025,31328359,Juiz de Fora,178,23.809523809523807,🟢 Baixo Risco,0,0,1
5294,2025,31328464,Montes Claros,210,23.809523809523807,🟢 Baixo Risco,0,0,1
5295,2025,31328502,Uberlândia,286,23.809523809523807,🟢 Baixo Risco,0,0,1
5296,2025,31327760,Congonhas,230,23.809523809523807,🟢 Baixo Risco,0,0,1
5297,2025,31327859,Cristália,212,23.809523809523807,🟢 Baixo Risco,0,0,1
5298,2025,31171816,Carmo da Cachoeira,344,23.809523809523807,🟢 Baixo Risco,0,0,1
5299,2025,31109037,Unaí,803,23.809523809523807,🟢 Baixo Risco,0,0,1
5300,2025,31172855,Itamonte,364,23.809523809523807,🟢 Baixo Risco,0,0,1
5301,2025,31327891,Botumirim,75,23.809523809523807,🟢 Baixo Risco,0,0,1
5302,2025,31035483,Pitangui,217,23.809523809523807,🟢 Baixo Risco,0,0,1
5303,2025,31035530,Quartel Geral,340,23.809523809523807,🟢 Baixo Risco,0,0,1
5304,2025,31035564,Santo Antônio do Monte,364,23.809523809523807,🟢 Baixo Risco,0,0,1
5305,2025,31036269,Bambuí,293,23.809523809523807,🟢 Baixo Risco,0,0,1
5306,2025,31036277,Bambuí,47,23.809523809523807,🟢 Baixo Risco,0,0,1
5307,2025,31036480,Bom Despacho,331,23.809523809523807,🟢 Baixo Risco,0,0,1
5308,2025,31327620,Sete Lagoas,198,23.809523809523807,🟢 Baixo Risco,0,0,1
5309,2025,31327689,Tocantins,170,23.809523809523807,🟢 Baixo Risco,0,0,1
5310,2025,31327743,Botumirim,121,23.809523809523807,🟢 Baixo Risco,0,0,1
5311,2025,31326992,Divinópolis,111,23.809523809523807,🟢 Baixo Risco,0,0,1
5312,2025,31036838,Carmo do Cajuru,151,23.809523809523807,🟢 Baixo Risco,0,0,1
5313,2025,31037958,Itaguara,38,23.809523809523807,🟢 Baixo Risco,0,0,1
5314,2025,31327115,Santa Luzia,542,23.809523809523807,🟢 Baixo Risco,0,0,1
5315,2025,31172677,Guapé,46,23.809523809523807,🟢 Baixo Risco,0,0,1
5316,2025,31325040,Joaíma,100,23.809523809523807,🟢 Baixo Risco,0,0,1
5317,2025,31326364,Cambuí,284,23.809523809523807,🟢 Baixo Risco,0,0,1
5318,2025,31326542,Felício dos Santos,127,23.809523809523807,🟢 Baixo Risco,0,0,1
5319,2025,31326640,Patos de Minas,106,23.809523809523807,🟢 Baixo Risco,0,0,1
5320,2025,31326771,Catuji,245,23.809523809523807,🟢 Baixo Risco,0,0,1
5321,2025,31326801,Juiz de Fora,76,23.809523809523807,🟢 Baixo Risco,0,0,1
5322,2025,31326810,Juiz de Fora,38,23.809523809523807,🟢 Baixo Risco,0,0,1
5323,2025,31326054,Lavras,394,23.809523809523807,🟢 Baixo Risco,0,0,1
5324,2025,31037966,Itaguara,9,23.809523809523807,🟢 Baixo Risco,0,0,1
5325,2025,31038091,Itatiaiuçu,535,23.809523809523807,🟢 Baixo Risco,0,0,1
5326,2025,31038211,Itaúna,73,23.809523809523807,🟢 Baixo Risco,0,0,1
5327,2025,31038261,Itaúna,86,23.809523809523807,🟢 Baixo Risco,0,0,1
5328,2025,31326071,Brumadinho,175,23.809523809523807,🟢 Baixo Risco,0,0,1
5329,2025,31038521,Lagoa da Prata,388,23.809523809523807,🟢 Baixo Risco,0,0,1
5330,2025,31038687,Luz,618,23.809523809523807,🟢 Baixo Risco,0,0,1
5331,2025,31173614,Paraguaçu,623,23.809523809523807,🟢 Baixo Risco,0,0,1
5332,2025,31173657,Paraguaçu,159,23.809523809523807,🟢 Baixo Risco,0,0,1
5333,2025,31173002,Lambari,689,23.809523809523807,🟢 Baixo Risco,0,0,1
5334,2025,31172367,Cordislândia,274,23.809523809523807,🟢 Baixo Risco,0,0,1
5335,2025,31038962,Morada Nova de Minas,10,23.809523809523807,🟢 Baixo Risco,0,0,1
5336,2025,31039021,Morada Nova de Minas,87,23.809523809523807,🟢 Baixo Risco,0,0,1
5337,2025,31039055,Nova Serrana,117,23.809523809523807,🟢 Baixo Risco,0,0,1
5338,2025,31039080,Nova Serrana,99,23.809523809523807,🟢 Baixo Risco,0,0,1
5339,2025,31039110,Onça de Pitangui,43,23.809523809523807,🟢 Baixo Risco,0,0,1
5340,2025,31325635,Uberaba,322,23.809523809523807,🟢 Baixo Risco,0,0,1
5341,2025,31324701,Lambari,106,23.809523809523807,🟢 Baixo Risco,0,0,1
5342,2025,31324795,Jequeri,287,23.809523809523807,🟢 Baixo Risco,0,0,1
5343,2025,31173410,Nepomuceno,431,23.809523809523807,🟢 Baixo Risco,0,0,1
5344,2025,31324841,Montes Claros,358,23.809523809523807,🟢 Baixo Risco,0,0,1
5345,2025,31324906,Montes Claros,202,23.809523809523807,🟢 Baixo Risco,0,0,1
5346,2025,31324914,Montes Claros,135,23.809523809523807,🟢 Baixo Risco,0,0,1
5347,2025,31173436,Nepomuceno,133,23.809523809523807,🟢 Baixo Risco,0,0,1
5348,2025,31041742,Água Boa,380,23.809523809523807,🟢 Baixo Risco,0,0,1
5349,2025,31325082,Coração de Jesus,176,23.809523809523807,🟢 Baixo Risco,0,0,1
5350,2025,31325228,Ilicínea,259,23.809523809523807,🟢 Baixo Risco,0,0,1
5351,2025,31325368,Bocaiúva,128,23.809523809523807,🟢 Baixo Risco,0,0,1
5352,2025,31325431,Esmeraldas,791,23.809523809523807,🟢 Baixo Risco,0,0,1
5353,2025,31324205,Setubinha,53,23.809523809523807,🟢 Baixo Risco,0,0,1
5354,2025,31039128,Onça de Pitangui,10,23.809523809523807,🟢 Baixo Risco,0,0,1
5355,2025,31040061,Pitangui,12,23.809523809523807,🟢 Baixo Risco,0,0,1
5356,2025,31040070,Pitangui,23,23.809523809523807,🟢 Baixo Risco,0,0,1
5357,2025,31040100,Pitangui,9,23.809523809523807,🟢 Baixo Risco,0,0,1
5358,2025,31040266,Santo Antônio do Monte,23,23.809523809523807,🟢 Baixo Risco,0,0,1
5359,2025,31324639,Barão de Cocais,320,23.809523809523807,🟢 Baixo Risco,0,0,1
5360,2025,31041581,Açucena,114,23.809523809523807,🟢 Baixo Risco,0,0,1
5361,2025,31041602,Açucena,58,23.809523809523807,🟢 Baixo Risco,0,0,1
5362,2025,31173444,Nepomuceno,301,23.809523809523807,🟢 Baixo Risco,0,0,1
5363,2025,31174301,Serranos,259,23.809523809523807,🟢 Baixo Risco,0,0,1
5364,2025,31320528,Leopoldina,323,23.809523809523807,🟢 Baixo Risco,0,0,1
5365,2025,31173797,Passa Quatro,174,23.809523809523807,🟢 Baixo Risco,0,0,1
5366,2025,31173827,Passa Quatro,119,23.809523809523807,🟢 Baixo Risco,0,0,1
5367,2025,31323926,Oliveira,196,23.809523809523807,🟢 Baixo Risco,0,0,1
5368,2025,31324132,Vespasiano,222,23.809523809523807,🟢 Baixo Risco,0,0,1
5369,2025,31324141,Vespasiano,240,23.809523809523807,🟢 Baixo Risco,0,0,1
5370,2025,31324159,Vespasiano,322,23.809523809523807,🟢 Baixo Risco,0,0,1
5371,2025,31323152,Tarumirim,24,23.809523809523807,🟢 Baixo Risco,0,0,1
5372,2025,31323195,Francisco Dumont,166,23.809523809523807,🟢 Baixo Risco,0,0,1
5373,2025,31323560,Patos de Minas,488,23.809523809523807,🟢 Baixo Risco,0,0,1
5374,2025,31323578,Alfenas,367,23.809523809523807,🟢 Baixo Risco,0,0,1
5375,2025,31323675,Coromandel,70,23.809523809523807,🟢 Baixo Risco,0,0,1
5376,2025,31323799,Contagem,369,23.809523809523807,🟢 Baixo Risco,0,0,1
5377,2025,31041718,Água Boa,50,23.809523809523807,🟢 Baixo Risco,0,0,1
5378,2025,31173894,Pouso Alto,79,23.809523809523807,🟢 Baixo Risco,0,0,1
5379,2025,31320412,Uberaba,237,23.809523809523807,🟢 Baixo Risco,0,0,1
5380,2025,31319457,Conselheiro Lafaiete,484,23.809523809523807,🟢 Baixo Risco,0,0,1
5381,2025,31322954,Varzelândia,449,23.809523809523807,🟢 Baixo Risco,0,0,1
5382,2025,31322571,São João das Missões,340,23.809523809523807,🟢 Baixo Risco,0,0,1
5383,2025,31322709,Contagem,310,23.809523809523807,🟢 Baixo Risco,0,0,1
5384,2025,31042170,Conselheiro Pena,23,23.809523809523807,🟢 Baixo Risco,0,0,1
5385,2025,31321516,Pedro Leopoldo,296,23.809523809523807,🟢 Baixo Risco,0,0,1
5386,2025,31321559,Ponte Nova,179,23.809523809523807,🟢 Baixo Risco,0,0,1
5387,2025,31321796,Betim,429,23.809523809523807,🟢 Baixo Risco,0,0,1
5388,2025,31322288,Sarzedo,325,23.809523809523807,🟢 Baixo Risco,0,0,1
5389,2025,31321354,Montes Claros,303,23.809523809523807,🟢 Baixo Risco,0,0,1
5390,2025,31321362,Montes Claros,392,23.809523809523807,🟢 Baixo Risco,0,0,1
5391,2025,31321371,Turmalina,21,23.809523809523807,🟢 Baixo Risco,0,0,1
5392,2025,31041947,Alpercata,5,23.809523809523807,🟢 Baixo Risco,0,0,1
5393,2025,31041980,Carmésia,275,23.809523809523807,🟢 Baixo Risco,0,0,1
5394,2025,31320463,Uberaba,263,23.809523809523807,🟢 Baixo Risco,0,0,1
5395,2025,31108791,João Pinheiro,68,23.809523809523807,🟢 Baixo Risco,0,0,1
5396,2025,31318701,Natércia,172,23.809523809523807,🟢 Baixo Risco,0,0,1
5397,2025,31320587,Cataguases,155,23.809523809523807,🟢 Baixo Risco,0,0,1
5398,2025,31320820,Nova Porteirinha,87,23.809523809523807,🟢 Baixo Risco,0,0,1
5399,2025,31320897,Lagoa Santa,192,23.809523809523807,🟢 Baixo Risco,0,0,1
5400,2025,31321028,Vespasiano,556,23.809523809523807,🟢 Baixo Risco,0,0,1
5401,2025,31321125,Passos,457,23.809523809523807,🟢 Baixo Risco,0,0,1
5402,2025,31321206,Frei Inocêncio,238,23.809523809523807,🟢 Baixo Risco,0,0,1
5403,2025,31321338,Ibiaí,117,23.809523809523807,🟢 Baixo Risco,0,0,1
5404,2025,31321346,Lassance,102,23.809523809523807,🟢 Baixo Risco,0,0,1
5405,2025,31320421,Uberaba,85,23.809523809523807,🟢 Baixo Risco,0,0,1
5406,2025,31320455,Uberaba,170,23.809523809523807,🟢 Baixo Risco,0,0,1
5407,2025,31042315,Conselheiro Pena,113,23.809523809523807,🟢 Baixo Risco,0,0,1
5408,2025,31042404,Coroaci,96,23.809523809523807,🟢 Baixo Risco,0,0,1
5409,2025,31042439,Divino das Laranjeiras,40,23.809523809523807,🟢 Baixo Risco,0,0,1
5410,2025,31174807,Três Pontas,418,23.809523809523807,🟢 Baixo Risco,0,0,1
5411,2025,31043362,Governador Valadares,364,23.809523809523807,🟢 Baixo Risco,0,0,1
5412,2025,31108936,Paracatu,231,23.809523809523807,🟢 Baixo Risco,0,0,1
5413,2025,31319473,Conselheiro Lafaiete,605,23.809523809523807,🟢 Baixo Risco,0,0,1
5414,2025,31319490,Conselheiro Lafaiete,234,23.809523809523807,🟢 Baixo Risco,0,0,1
5415,2025,31319562,Manhuaçu,70,23.809523809523807,🟢 Baixo Risco,0,0,1
5416,2025,31319686,Manhuaçu,149,23.809523809523807,🟢 Baixo Risco,0,0,1
5417,2025,31319881,Formiga,261,23.809523809523807,🟢 Baixo Risco,0,0,1
5418,2025,31319902,Indaiabira,116,23.809523809523807,🟢 Baixo Risco,0,0,1
5419,2025,31319376,Capelinha,83,23.809523809523807,🟢 Baixo Risco,0,0,1
5420,2025,31042889,Frei Inocêncio,46,23.809523809523807,🟢 Baixo Risco,0,0,1
5421,2025,31042897,Frei Inocêncio,402,23.809523809523807,🟢 Baixo Risco,0,0,1
5422,2025,31042943,Galiléia,41,23.809523809523807,🟢 Baixo Risco,0,0,1
5423,2025,31042978,Galiléia,44,23.809523809523807,🟢 Baixo Risco,0,0,1
5424,2025,31318485,Ouro Preto,131,23.809523809523807,🟢 Baixo Risco,0,0,1
5425,2025,31108758,João Pinheiro,227,23.809523809523807,🟢 Baixo Risco,0,0,1
5426,2025,31108774,João Pinheiro,88,23.809523809523807,🟢 Baixo Risco,0,0,1
5427,2025,31176176,Campos Gerais,78,23.809523809523807,🟢 Baixo Risco,0,0,1
5428,2025,31176354,Campos Gerais,131,23.809523809523807,🟢 Baixo Risco,0,0,1
5429,2025,31176371,Campos Gerais,272,23.809523809523807,🟢 Baixo Risco,0,0,1
5430,2025,31318728,Machado,183,23.809523809523807,🟢 Baixo Risco,0,0,1
5431,2025,31318779,Itabira,98,23.809523809523807,🟢 Baixo Risco,0,0,1
5432,2025,31318990,Itabira,84,23.809523809523807,🟢 Baixo Risco,0,0,1
5433,2025,31319007,Itabira,155,23.809523809523807,🟢 Baixo Risco,0,0,1
5434,2025,31318396,São Francisco,458,23.809523809523807,🟢 Baixo Risco,0,0,1
5435,2025,31317527,Ferros,17,23.809523809523807,🟢 Baixo Risco,0,0,1
5436,2025,31317543,Ferros,4,23.809523809523807,🟢 Baixo Risco,0,0,1
5437,2025,31317616,Serranópolis de Minas,150,23.809523809523807,🟢 Baixo Risco,0,0,1
5438,2025,31317781,Uruana de Minas,77,23.809523809523807,🟢 Baixo Risco,0,0,1
5439,2025,31317811,São Lourenço,420,23.809523809523807,🟢 Baixo Risco,0,0,1
5440,2025,31317985,Ouro Fino,28,23.809523809523807,🟢 Baixo Risco,0,0,1
5441,2025,31318248,Campos Altos,269,23.809523809523807,🟢 Baixo Risco,0,0,1
5442,2025,31318256,Campos Altos,78,23.809523809523807,🟢 Baixo Risco,0,0,1
5443,2025,31177709,Lambari,33,23.809523809523807,🟢 Baixo Risco,0,0,1
5444,2025,31175323,Alfenas,161,23.809523809523807,🟢 Baixo Risco,0,0,1
5445,2025,31175439,Alfenas,58,23.809523809523807,🟢 Baixo Risco,0,0,1
5446,2025,31108944,Paracatu,198,23.809523809523807,🟢 Baixo Risco,0,0,1
5447,2025,31175251,Aiuruoca,60,23.809523809523807,🟢 Baixo Risco,0,0,1
5448,2025,31317331,Antônio Dias,41,23.809523809523807,🟢 Baixo Risco,0,0,1
5449,2025,31316792,Nova Porteirinha,206,23.809523809523807,🟢 Baixo Risco,0,0,1
5450,2025,31316890,São Domingos do Prata,319,23.809523809523807,🟢 Baixo Risco,0,0,1
5451,2025,31316946,Formiga,151,23.809523809523807,🟢 Baixo Risco,0,0,1
5452,2025,31316971,Pintópolis,269,23.809523809523807,🟢 Baixo Risco,0,0,1
5453,2025,31317136,Betim,1197,23.809523809523807,🟢 Baixo Risco,0,0,1
5454,2025,31317152,Bom Despacho,236,23.809523809523807,🟢 Baixo Risco,0,0,1
5455,2025,31043320,Governador Valadares,799,23.809523809523807,🟢 Baixo Risco,0,0,1
5456,2025,31316245,Lavras,738,23.809523809523807,🟢 Baixo Risco,0,0,1
5457,2025,31175846,Boa Esperança,52,23.809523809523807,🟢 Baixo Risco,0,0,1
5458,2025,31176133,Campo do Meio,94,23.809523809523807,🟢 Baixo Risco,0,0,1
5459,2025,31178241,Nepomuceno,242,23.809523809523807,🟢 Baixo Risco,0,0,1
5460,2025,31178438,Passa Quatro,19,23.809523809523807,🟢 Baixo Risco,0,0,1
5461,2025,31179060,São Lourenço,327,23.809523809523807,🟢 Baixo Risco,0,0,1
5462,2025,31177172,Guapé,26,23.809523809523807,🟢 Baixo Risco,0,0,1
5463,2025,31177407,Itamonte,84,23.809523809523807,🟢 Baixo Risco,0,0,1
5464,2025,31108472,Formoso,158,23.809523809523807,🟢 Baixo Risco,0,0,1
5465,2025,31316393,Janaúba,443,23.809523809523807,🟢 Baixo Risco,0,0,1
5466,2025,31316440,Janaúba,227,23.809523809523807,🟢 Baixo Risco,0,0,1
5467,2025,31316458,Janaúba,198,23.809523809523807,🟢 Baixo Risco,0,0,1
5468,2025,31316491,Janaúba,47,23.809523809523807,🟢 Baixo Risco,0,0,1
5469,2025,31316504,Janaúba,107,23.809523809523807,🟢 Baixo Risco,0,0,1
5470,2025,31316539,Janaúba,393,23.809523809523807,🟢 Baixo Risco,0,0,1
5471,2025,31316601,Gameleiras,62,23.809523809523807,🟢 Baixo Risco,0,0,1
5472,2025,31316695,Diamantina,284,23.809523809523807,🟢 Baixo Risco,0,0,1
5473,2025,31108626,João Pinheiro,5,23.809523809523807,🟢 Baixo Risco,0,0,1
5474,2025,31108642,Brasilândia de Minas,870,23.809523809523807,🟢 Baixo Risco,0,0,1
5475,2025,31180866,Ervália,29,23.809523809523807,🟢 Baixo Risco,0,0,1
5476,2025,31177733,Lambari,107,23.809523809523807,🟢 Baixo Risco,0,0,1
5477,2025,31313190,Monte Carmelo,142,23.809523809523807,🟢 Baixo Risco,0,0,1
5478,2025,31043605,Guanhães,483,23.809523809523807,🟢 Baixo Risco,0,0,1
5479,2025,31314544,Lontra,213,23.809523809523807,🟢 Baixo Risco,0,0,1
5480,2025,31315141,Catuti,153,23.809523809523807,🟢 Baixo Risco,0,0,1
5481,2025,31315478,Contagem,268,23.809523809523807,🟢 Baixo Risco,0,0,1
5482,2025,31315486,Contagem,255,23.809523809523807,🟢 Baixo Risco,0,0,1
5483,2025,31315583,Volta Grande,210,23.809523809523807,🟢 Baixo Risco,0,0,1
5484,2025,31315591,Poços de Caldas,17,23.809523809523807,🟢 Baixo Risco,0,0,1
5485,2025,31315737,Conselheiro Lafaiete,173,23.809523809523807,🟢 Baixo Risco,0,0,1
5486,2025,31315800,Carmo da Cachoeira,317,23.809523809523807,🟢 Baixo Risco,0,0,1
5487,2025,31315818,Teófilo Otoni,405,23.809523809523807,🟢 Baixo Risco,0,0,1
5488,2025,31315851,Três Corações,189,23.809523809523807,🟢 Baixo Risco,0,0,1
5489,2025,31315982,Lavras,86,23.809523809523807,🟢 Baixo Risco,0,0,1
5490,2025,31043788,Itabirinha,63,23.809523809523807,🟢 Baixo Risco,0,0,1
5491,2025,31312258,Diamantina,199,23.809523809523807,🟢 Baixo Risco,0,0,1
5492,2025,31311677,Passos,234,23.809523809523807,🟢 Baixo Risco,0,0,1
5493,2025,31181145,Guidoval,402,23.809523809523807,🟢 Baixo Risco,0,0,1
5494,2025,31311731,Frutal,114,23.809523809523807,🟢 Baixo Risco,0,0,1
5495,2025,31179078,São Lourenço,642,23.809523809523807,🟢 Baixo Risco,0,0,1
5496,2025,31179124,São Tomé das Letras,43,23.809523809523807,🟢 Baixo Risco,0,0,1
5497,2025,31179396,Três Corações,35,23.809523809523807,🟢 Baixo Risco,0,0,1
5498,2025,31179515,Três Corações,259,23.809523809523807,🟢 Baixo Risco,0,0,1
5499,2025,31043958,Itueta,143,23.809523809523807,🟢 Baixo Risco,0,0,1
5500,2025,31314421,Coronel Murta,979,23.809523809523807,🟢 Baixo Risco,0,0,1
5501,2025,31044385,Mantena,440,23.809523809523807,🟢 Baixo Risco,0,0,1
5502,2025,31313840,Alto Jequitibá,347,23.809523809523807,🟢 Baixo Risco,0,0,1
5503,2025,31314307,Simonésia,1222,23.809523809523807,🟢 Baixo Risco,0,0,1
5504,2025,31314340,Mutum,46,23.809523809523807,🟢 Baixo Risco,0,0,1
5505,2025,31180009,Varginha,352,23.809523809523807,🟢 Baixo Risco,0,0,1
5506,2025,31180726,Astolfo Dutra,354,23.809523809523807,🟢 Baixo Risco,0,0,1
5507,2025,31310948,Muriaé,331,23.809523809523807,🟢 Baixo Risco,0,0,1
5508,2025,31044911,Resplendor,202,23.809523809523807,🟢 Baixo Risco,0,0,1
5509,2025,31044946,Resplendor,176,23.809523809523807,🟢 Baixo Risco,0,0,1
5510,2025,31044954,Resplendor,90,23.809523809523807,🟢 Baixo Risco,0,0,1
5511,2025,31313441,Juvenília,168,23.809523809523807,🟢 Baixo Risco,0,0,1
5512,2025,31313726,Ipatinga,428,23.809523809523807,🟢 Baixo Risco,0,0,1
5513,2025,31313769,Florestal,187,23.809523809523807,🟢 Baixo Risco,0,0,1
5514,2025,31312274,Unaí,458,23.809523809523807,🟢 Baixo Risco,0,0,1
5515,2025,31312291,Ponte Nova,153,23.809523809523807,🟢 Baixo Risco,0,0,1
5516,2025,31312461,Dom Bosco,111,23.809523809523807,🟢 Baixo Risco,0,0,1
5517,2025,31312479,Mutum,134,23.809523809523807,🟢 Baixo Risco,0,0,1
5518,2025,31312550,São Joaquim de Bicas,802,23.809523809523807,🟢 Baixo Risco,0,0,1
5519,2025,31312606,Belo Horizonte,255,23.809523809523807,🟢 Baixo Risco,0,0,1
5520,2025,31044741,Peçanha,115,23.809523809523807,🟢 Baixo Risco,0,0,1
5521,2025,31044857,Resplendor,420,23.809523809523807,🟢 Baixo Risco,0,0,1
5522,2025,31044865,Resplendor,346,23.809523809523807,🟢 Baixo Risco,0,0,1
5523,2025,31181871,Ubá,464,23.809523809523807,🟢 Baixo Risco,0,0,1
5524,2025,31181901,Ubá,230,23.809523809523807,🟢 Baixo Risco,0,0,1
5525,2025,31181960,Ubá,250,23.809523809523807,🟢 Baixo Risco,0,0,1
5526,2025,31045497,São Pedro do Suaçuí,203,23.809523809523807,🟢 Baixo Risco,0,0,1
5527,2025,31311740,Iguatama,71,23.809523809523807,🟢 Baixo Risco,0,0,1
5528,2025,31311782,Araxá,188,23.809523809523807,🟢 Baixo Risco,0,0,1
5529,2025,31045012,Sabinópolis,190,23.809523809523807,🟢 Baixo Risco,0,0,1
5530,2025,31045047,Sabinópolis,192,23.809523809523807,🟢 Baixo Risco,0,0,1
5531,2025,31045071,Sabinópolis,20,23.809523809523807,🟢 Baixo Risco,0,0,1
5532,2025,31045128,Santa Maria do Suaçuí,329,23.809523809523807,🟢 Baixo Risco,0,0,1
5533,2025,31311201,Entre Folhas,295,23.809523809523807,🟢 Baixo Risco,0,0,1
5534,2025,31311316,Imbé de Minas,58,23.809523809523807,🟢 Baixo Risco,0,0,1
5535,2025,31311341,Itamarandiba,137,23.809523809523807,🟢 Baixo Risco,0,0,1
5536,2025,31311375,Senador Modestino Gonçalves,208,23.809523809523807,🟢 Baixo Risco,0,0,1
5537,2025,31310786,São Tiago,185,23.809523809523807,🟢 Baixo Risco,0,0,1
5538,2025,31310930,Esmeraldas,708,23.809523809523807,🟢 Baixo Risco,0,0,1
5539,2025,31182192,Visconde do Rio Branco,51,23.809523809523807,🟢 Baixo Risco,0,0,1
5540,2025,31108324,Dom Bosco,76,23.809523809523807,🟢 Baixo Risco,0,0,1
5541,2025,31045616,São Sebastião do Maranhão,169,23.809523809523807,🟢 Baixo Risco,0,0,1
5542,2025,31045721,Sobrália,65,23.809523809523807,🟢 Baixo Risco,0,0,1
5543,2025,31181404,Presidente Bernardes,70,23.809523809523807,🟢 Baixo Risco,0,0,1
5544,2025,31310425,Conceição do Mato Dentro,578,23.809523809523807,🟢 Baixo Risco,0,0,1
5545,2025,31310522,Pitangui,397,23.809523809523807,🟢 Baixo Risco,0,0,1
5546,2025,31307904,Contagem,838,23.809523809523807,🟢 Baixo Risco,0,0,1
5547,2025,31307921,Itacarambi,12,23.809523809523807,🟢 Baixo Risco,0,0,1
5548,2025,31308072,Espinosa,44,23.809523809523807,🟢 Baixo Risco,0,0,1
5549,2025,31308161,Carmo do Paranaíba,27,23.809523809523807,🟢 Baixo Risco,0,0,1
5550,2025,31310182,Poços de Caldas,604,23.809523809523807,🟢 Baixo Risco,0,0,1
5551,2025,31045250,São João Evangelista,35,23.809523809523807,🟢 Baixo Risco,0,0,1
5552,2025,31307769,Bonito de Minas,352,23.809523809523807,🟢 Baixo Risco,0,0,1
5553,2025,31307599,Formoso,347,23.809523809523807,🟢 Baixo Risco,0,0,1
5554,2025,31045381,Frei Lagonegro,63,23.809523809523807,🟢 Baixo Risco,0,0,1
5555,2025,31048305,Gonzaga,24,23.809523809523807,🟢 Baixo Risco,0,0,1
5556,2025,31108405,Buritis,438,23.809523809523807,🟢 Baixo Risco,0,0,1
5557,2025,31385310,Guaxupé,57,23.809523809523807,🟢 Baixo Risco,0,0,1
5558,2025,31108456,Formoso,375,23.809523809523807,🟢 Baixo Risco,0,0,1
5559,2025,31045543,São Pedro do Suaçuí,33,23.809523809523807,🟢 Baixo Risco,0,0,1
5560,2025,31045560,São Sebastião do Maranhão,219,23.809523809523807,🟢 Baixo Risco,0,0,1
5561,2025,31306665,Ipatinga,118,23.809523809523807,🟢 Baixo Risco,0,0,1
5562,2025,31306908,Felício dos Santos,126,23.809523809523807,🟢 Baixo Risco,0,0,1
5563,2025,31306975,Varginha,868,23.809523809523807,🟢 Baixo Risco,0,0,1
5564,2025,31307068,Belo Horizonte,771,23.809523809523807,🟢 Baixo Risco,0,0,1
5565,2025,31305669,Teófilo Otoni,474,23.809523809523807,🟢 Baixo Risco,0,0,1
5566,2025,31305685,Botelhos,18,23.809523809523807,🟢 Baixo Risco,0,0,1
5567,2025,31305782,Prudente de Morais,215,23.809523809523807,🟢 Baixo Risco,0,0,1
5568,2025,31305928,Ponte Nova,139,23.809523809523807,🟢 Baixo Risco,0,0,1
5569,2025,31306177,Boa Esperança,96,23.809523809523807,🟢 Baixo Risco,0,0,1
5570,2025,31182150,Visconde do Rio Branco,216,23.809523809523807,🟢 Baixo Risco,0,0,1
5571,2025,31183946,Ubá,145,23.809523809523807,🟢 Baixo Risco,0,0,1
5572,2025,31184004,Ubá,271,23.809523809523807,🟢 Baixo Risco,0,0,1
5573,2025,31184012,Ubá,415,23.809523809523807,🟢 Baixo Risco,0,0,1
5574,2025,31184187,Visconde do Rio Branco,42,23.809523809523807,🟢 Baixo Risco,0,0,1
5575,2025,31045829,Virgolândia,214,23.809523809523807,🟢 Baixo Risco,0,0,1
5576,2025,31305014,Nova Lima,1469,23.809523809523807,🟢 Baixo Risco,0,0,1
5577,2025,31305197,Passos,558,23.809523809523807,🟢 Baixo Risco,0,0,1
5578,2025,31303348,Imbé de Minas,352,23.809523809523807,🟢 Baixo Risco,0,0,1
5579,2025,31303488,Capitão Enéas,189,23.809523809523807,🟢 Baixo Risco,0,0,1
5580,2025,31303526,Francisco Dumont,137,23.809523809523807,🟢 Baixo Risco,0,0,1
5581,2025,31303593,Betim,421,23.809523809523807,🟢 Baixo Risco,0,0,1
5582,2025,31047252,Conselheiro Pena,87,23.809523809523807,🟢 Baixo Risco,0,0,1
5583,2025,31047589,Coroaci,51,23.809523809523807,🟢 Baixo Risco,0,0,1
5584,2025,31225487,Santa Rita do Sapucaí,584,23.809523809523807,🟢 Baixo Risco,0,0,1
5585,2025,31047805,Dores de Guanhães,175,23.809523809523807,🟢 Baixo Risco,0,0,1
5586,2025,31046817,Alpercata,21,23.809523809523807,🟢 Baixo Risco,0,0,1
5587,2025,31107468,Ouro Preto,399,23.809523809523807,🟢 Baixo Risco,0,0,1
5588,2025,31107514,Ouro Preto,113,23.809523809523807,🟢 Baixo Risco,0,0,1
5589,2025,31182621,Dona Euzébia,415,23.809523809523807,🟢 Baixo Risco,0,0,1
5590,2025,31051799,Santa Maria do Suaçuí,514,23.809523809523807,🟢 Baixo Risco,0,0,1
5591,2025,31182281,Visconde do Rio Branco,275,23.809523809523807,🟢 Baixo Risco,0,0,1
5592,2025,31182290,Visconde do Rio Branco,408,23.809523809523807,🟢 Baixo Risco,0,0,1
5593,2025,31048313,Gonzaga,68,23.809523809523807,🟢 Baixo Risco,0,0,1
5594,2025,31302741,Betim,160,23.809523809523807,🟢 Baixo Risco,0,0,1
5595,2025,31299588,Monte Carmelo,160,23.809523809523807,🟢 Baixo Risco,0,0,1
5596,2025,31299812,Campos Gerais,83,23.809523809523807,🟢 Baixo Risco,0,0,1
5597,2025,31302139,Uberaba,285,23.809523809523807,🟢 Baixo Risco,0,0,1
5598,2025,31302376,Arapuá,43,23.809523809523807,🟢 Baixo Risco,0,0,1
5599,2025,31047945,Frei Inocêncio,20,23.809523809523807,🟢 Baixo Risco,0,0,1
5600,2025,31049972,Materlândia,97,23.809523809523807,🟢 Baixo Risco,0,0,1
5601,2025,31050601,Peçanha,59,23.809523809523807,🟢 Baixo Risco,0,0,1
5602,2025,31183636,São Geraldo,39,23.809523809523807,🟢 Baixo Risco,0,0,1
5603,2025,31052698,São Pedro do Suaçuí,11,23.809523809523807,🟢 Baixo Risco,0,0,1
5604,2025,31053325,Sobrália,15,23.809523809523807,🟢 Baixo Risco,0,0,1
5605,2025,31297607,São João da Ponte,100,23.809523809523807,🟢 Baixo Risco,0,0,1
5606,2025,31295876,Lajinha,148,23.809523809523807,🟢 Baixo Risco,0,0,1
5607,2025,31053368,Sobrália,53,23.809523809523807,🟢 Baixo Risco,0,0,1
5608,2025,31107557,Ouro Preto,78,23.809523809523807,🟢 Baixo Risco,0,0,1
5609,2025,31184209,Visconde do Rio Branco,19,23.809523809523807,🟢 Baixo Risco,0,0,1
5610,2025,31050733,Peçanha,222,23.809523809523807,🟢 Baixo Risco,0,0,1
5611,2025,31051357,Sabinópolis,80,23.809523809523807,🟢 Baixo Risco,0,0,1
5612,2025,31051403,Sabinópolis,10,23.809523809523807,🟢 Baixo Risco,0,0,1
5613,2025,31051411,Sabinópolis,14,23.809523809523807,🟢 Baixo Risco,0,0,1
5614,2025,31225827,Leopoldina,86,23.809523809523807,🟢 Baixo Risco,0,0,1
5615,2025,31298671,Contagem,343,23.809523809523807,🟢 Baixo Risco,0,0,1
5616,2025,31299057,Sete Lagoas,584,23.809523809523807,🟢 Baixo Risco,0,0,1
5617,2025,31299219,Machacalis,94,23.809523809523807,🟢 Baixo Risco,0,0,1
5618,2025,31051764,Santa Maria do Suaçuí,51,23.809523809523807,🟢 Baixo Risco,0,0,1
5619,2025,31054640,Camanducaia,843,23.809523809523807,🟢 Baixo Risco,0,0,1
5620,2025,31295612,Santana do Jacaré,104,23.809523809523807,🟢 Baixo Risco,0,0,1
5621,2025,31295621,Lavras,64,23.809523809523807,🟢 Baixo Risco,0,0,1
5622,2025,31295671,São João do Manhuaçu,259,23.809523809523807,🟢 Baixo Risco,0,0,1
5623,2025,31295736,Itacarambi,177,23.809523809523807,🟢 Baixo Risco,0,0,1
5624,2025,31184900,Jequitinhonha,188,23.809523809523807,🟢 Baixo Risco,0,0,1
5625,2025,31051888,José Raydan,31,23.809523809523807,🟢 Baixo Risco,0,0,1
5626,2025,31051969,Santa Maria do Suaçuí,77,23.809523809523807,🟢 Baixo Risco,0,0,1
5627,2025,31052299,São João Evangelista,97,23.809523809523807,🟢 Baixo Risco,0,0,1
5628,2025,31052418,São João Evangelista,450,23.809523809523807,🟢 Baixo Risco,0,0,1
5629,2025,31298000,Cruzeiro da Fortaleza,147,23.809523809523807,🟢 Baixo Risco,0,0,1
5630,2025,31298441,Prudente de Morais,90,23.809523809523807,🟢 Baixo Risco,0,0,1
5631,2025,31298581,São José da Lapa,478,23.809523809523807,🟢 Baixo Risco,0,0,1
5632,2025,31049166,Guanhães,236,23.809523809523807,🟢 Baixo Risco,0,0,1
5633,2025,31049336,Itanhomi,239,23.809523809523807,🟢 Baixo Risco,0,0,1
5634,2025,31296350,Timóteo,187,23.809523809523807,🟢 Baixo Risco,0,0,1
5635,2025,31294179,Sabará,608,23.809523809523807,🟢 Baixo Risco,0,0,1
5636,2025,31292109,Minas Novas,298,23.809523809523807,🟢 Baixo Risco,0,0,1
5637,2025,31292168,João Pinheiro,204,23.809523809523807,🟢 Baixo Risco,0,0,1
5638,2025,31292656,Pompéu,130,23.809523809523807,🟢 Baixo Risco,0,0,1
5639,2025,31054739,Cambuí,259,23.809523809523807,🟢 Baixo Risco,0,0,1
5640,2025,31185175,Medina,427,23.809523809523807,🟢 Baixo Risco,0,0,1
5641,2025,31185183,Medina,126,23.809523809523807,🟢 Baixo Risco,0,0,1
5642,2025,31107573,Ouro Preto,773,23.809523809523807,🟢 Baixo Risco,0,0,1
5643,2025,31107735,Ouro Preto,178,23.809523809523807,🟢 Baixo Risco,0,0,1
5644,2025,31107743,Ouro Preto,13,23.809523809523807,🟢 Baixo Risco,0,0,1
5645,2025,31107778,Ouro Preto,39,23.809523809523807,🟢 Baixo Risco,0,0,1
5646,2025,31184667,Comercinho,114,23.809523809523807,🟢 Baixo Risco,0,0,1
5647,2025,31184713,Felisburgo,427,23.809523809523807,🟢 Baixo Risco,0,0,1
5648,2025,31295981,Pouso Alegre,178,23.809523809523807,🟢 Baixo Risco,0,0,1
5649,2025,31296325,Uberlândia,957,23.809523809523807,🟢 Baixo Risco,0,0,1
5650,2025,31054518,Bueno Brandão,77,23.809523809523807,🟢 Baixo Risco,0,0,1
5651,2025,31290947,Miradouro,23,23.809523809523807,🟢 Baixo Risco,0,0,1
5652,2025,31290998,Pirajuba,333,23.809523809523807,🟢 Baixo Risco,0,0,1
5653,2025,31290599,Araxá,254,23.809523809523807,🟢 Baixo Risco,0,0,1
5654,2025,31290602,Araxá,110,23.809523809523807,🟢 Baixo Risco,0,0,1
5655,2025,31127477,Poços de Caldas,121,23.809523809523807,🟢 Baixo Risco,0,0,1
5656,2025,31107158,Mariana,259,23.809523809523807,🟢 Baixo Risco,0,0,1
5657,2025,31107174,Mariana,207,23.809523809523807,🟢 Baixo Risco,0,0,1
5658,2025,31184926,Jequitinhonha,554,23.809523809523807,🟢 Baixo Risco,0,0,1
5659,2025,31107531,Ouro Preto,236,23.809523809523807,🟢 Baixo Risco,0,0,1
5660,2025,31295183,São José da Barra,326,23.809523809523807,🟢 Baixo Risco,0,0,1
5661,2025,31295221,Lajinha,437,23.809523809523807,🟢 Baixo Risco,0,0,1
5662,2025,31295299,Ipatinga,231,23.809523809523807,🟢 Baixo Risco,0,0,1
5663,2025,31295370,Guaraciama,421,23.809523809523807,🟢 Baixo Risco,0,0,1
5664,2025,31292940,Muriaé,473,23.809523809523807,🟢 Baixo Risco,0,0,1
5665,2025,31293041,Ubá,753,23.809523809523807,🟢 Baixo Risco,0,0,1
5666,2025,31293113,São Francisco,578,23.809523809523807,🟢 Baixo Risco,0,0,1
5667,2025,31289787,Águas Formosas,76,23.809523809523807,🟢 Baixo Risco,0,0,1
5668,2025,31290165,Gameleiras,12,23.809523809523807,🟢 Baixo Risco,0,0,1
5669,2025,31290386,Catuji,204,23.809523809523807,🟢 Baixo Risco,0,0,1
5670,2025,31290467,Frutal,128,23.809523809523807,🟢 Baixo Risco,0,0,1
5671,2025,31106682,Ouro Preto,219,23.809523809523807,🟢 Baixo Risco,0,0,1
5672,2025,31186473,Cachoeira de Pajeú,137,23.809523809523807,🟢 Baixo Risco,0,0,1
5673,2025,31186562,Cachoeira de Pajeú,30,23.809523809523807,🟢 Baixo Risco,0,0,1
5674,2025,31185299,Rio do Prado,281,23.809523809523807,🟢 Baixo Risco,0,0,1
5675,2025,31184811,Jequitinhonha,165,23.809523809523807,🟢 Baixo Risco,0,0,1
5676,2025,31291412,Boa Esperança,148,23.809523809523807,🟢 Baixo Risco,0,0,1
5677,2025,31291528,Piraúba,161,23.809523809523807,🟢 Baixo Risco,0,0,1
5678,2025,31291544,São Sebastião do Paraíso,168,23.809523809523807,🟢 Baixo Risco,0,0,1
5679,2025,31291633,Munhoz,241,23.809523809523807,🟢 Baixo Risco,0,0,1
5680,2025,31291871,Itanhomi,56,23.809523809523807,🟢 Baixo Risco,0,0,1
5681,2025,31389411,Várzea da Palma,34,23.809523809523807,🟢 Baixo Risco,0,0,1
5682,2025,31055069,Espírito Santo do Dourado,140,23.809523809523807,🟢 Baixo Risco,0,0,1
5683,2025,31288985,Carmo do Paranaíba,94,23.809523809523807,🟢 Baixo Risco,0,0,1
5684,2025,31288110,Lavras,105,23.809523809523807,🟢 Baixo Risco,0,0,1
5685,2025,31288128,Lavras,81,23.809523809523807,🟢 Baixo Risco,0,0,1
5686,2025,31187496,Felisburgo,34,23.809523809523807,🟢 Baixo Risco,0,0,1
5687,2025,31187739,Jacinto,451,23.809523809523807,🟢 Baixo Risco,0,0,1
5688,2025,31288144,Lavras,224,23.809523809523807,🟢 Baixo Risco,0,0,1
5689,2025,31056910,Bom Repouso,61,23.809523809523807,🟢 Baixo Risco,0,0,1
5690,2025,31057797,Camanducaia,249,23.809523809523807,🟢 Baixo Risco,0,0,1
5691,2025,31107379,Moeda,31,23.809523809523807,🟢 Baixo Risco,0,0,1
5692,2025,31185981,Almenara,382,23.809523809523807,🟢 Baixo Risco,0,0,1
5693,2025,31290807,São Gonçalo do Abaeté,127,23.809523809523807,🟢 Baixo Risco,0,0,1
5694,2025,31290831,Itamarandiba,159,23.809523809523807,🟢 Baixo Risco,0,0,1
5695,2025,31290475,Frutal,148,23.809523809523807,🟢 Baixo Risco,0,0,1
5696,2025,31055778,Monte Sião,74,23.809523809523807,🟢 Baixo Risco,0,0,1
5697,2025,31055859,Natércia,209,23.809523809523807,🟢 Baixo Risco,0,0,1
5698,2025,31289710,Patrocínio,76,23.809523809523807,🟢 Baixo Risco,0,0,1
5699,2025,31059587,Itapeva,1233,23.809523809523807,🟢 Baixo Risco,0,0,1
5700,2025,31059617,Itapeva,240,23.809523809523807,🟢 Baixo Risco,0,0,1
5701,2025,31288004,Paraopeba,456,23.809523809523807,🟢 Baixo Risco,0,0,1
5702,2025,31288101,Rio Paranaíba,131,23.809523809523807,🟢 Baixo Risco,0,0,1
5703,2025,31286869,Serra da Saudade,34,23.809523809523807,🟢 Baixo Risco,0,0,1
5704,2025,31106186,Itabirito,240,23.809523809523807,🟢 Baixo Risco,0,0,1
5705,2025,31106283,Mariana,382,23.809523809523807,🟢 Baixo Risco,0,0,1
5706,2025,31106356,Mariana,60,23.809523809523807,🟢 Baixo Risco,0,0,1
5707,2025,31187216,Comercinho,52,23.809523809523807,🟢 Baixo Risco,0,0,1
5708,2025,31056553,Santa Rita do Sapucaí,441,23.809523809523807,🟢 Baixo Risco,0,0,1
5709,2025,31289281,Eugenópolis,104,23.809523809523807,🟢 Baixo Risco,0,0,1
5710,2025,31288616,Rochedo de Minas,113,23.809523809523807,🟢 Baixo Risco,0,0,1
5711,2025,31056723,Silvianópolis,416,23.809523809523807,🟢 Baixo Risco,0,0,1
5712,2025,31056740,Silvianópolis,151,23.809523809523807,🟢 Baixo Risco,0,0,1
5713,2025,31126420,Conceição da Aparecida,55,23.809523809523807,🟢 Baixo Risco,0,0,1
5714,2025,31288934,Patos de Minas,10,23.809523809523807,🟢 Baixo Risco,0,0,1
5715,2025,31060925,Pouso Alegre,780,23.809523809523807,🟢 Baixo Risco,0,0,1
5716,2025,31287121,Bom Despacho,287,23.809523809523807,🟢 Baixo Risco,0,0,1
5717,2025,31286664,Capelinha,309,23.809523809523807,🟢 Baixo Risco,0,0,1
5718,2025,31061051,Pouso Alegre,797,23.809523809523807,🟢 Baixo Risco,0,0,1
5719,2025,31061131,Pouso Alegre,100,23.809523809523807,🟢 Baixo Risco,0,0,1
5720,2025,31061166,Pouso Alegre,140,23.809523809523807,🟢 Baixo Risco,0,0,1
5721,2025,31062316,São João das Missões,131,23.809523809523807,🟢 Baixo Risco,0,0,1
5722,2025,31286281,Medeiros,194,23.809523809523807,🟢 Baixo Risco,0,0,1
5723,2025,31288268,Rio Paranaíba,17,23.809523809523807,🟢 Baixo Risco,0,0,1
5724,2025,31288420,Rio Paranaíba,135,23.809523809523807,🟢 Baixo Risco,0,0,1
5725,2025,31288527,Bonfinópolis de Minas,102,23.809523809523807,🟢 Baixo Risco,0,0,1
5726,2025,31287181,Pedra do Indaiá,65,23.809523809523807,🟢 Baixo Risco,0,0,1
5727,2025,31287342,Diamantina,952,23.809523809523807,🟢 Baixo Risco,0,0,1
5728,2025,31287695,Buritis,234,23.809523809523807,🟢 Baixo Risco,0,0,1
5729,2025,31287725,Itajubá,54,23.809523809523807,🟢 Baixo Risco,0,0,1
5730,2025,31059579,Itapeva,235,23.809523809523807,🟢 Baixo Risco,0,0,1
5731,2025,31286150,São Sebastião do Paraíso,264,23.809523809523807,🟢 Baixo Risco,0,0,1
5732,2025,31062570,Cônego Marinho,143,23.809523809523807,🟢 Baixo Risco,0,0,1
5733,2025,31062600,Januária,68,23.809523809523807,🟢 Baixo Risco,0,0,1
5734,2025,31062677,Januária,266,23.809523809523807,🟢 Baixo Risco,0,0,1
5735,2025,31127230,Nova Resende,73,23.809523809523807,🟢 Baixo Risco,0,0,1
5736,2025,31190683,Antônio Dias,524,23.809523809523807,🟢 Baixo Risco,0,0,1
5737,2025,31190926,Coronel Fabriciano,574,23.809523809523807,🟢 Baixo Risco,0,0,1
5738,2025,31062791,Jaíba,102,23.809523809523807,🟢 Baixo Risco,0,0,1
5739,2025,31188514,Jordânia,173,23.809523809523807,🟢 Baixo Risco,0,0,1
5740,2025,31189243,Pedra Azul,208,23.809523809523807,🟢 Baixo Risco,0,0,1
5741,2025,31106381,Mariana,132,23.809523809523807,🟢 Baixo Risco,0,0,1
5742,2025,31287075,Santo Antônio do Monte,196,23.809523809523807,🟢 Baixo Risco,0,0,1
5743,2025,31287091,Santo Antônio do Monte,186,23.809523809523807,🟢 Baixo Risco,0,0,1
5744,2025,31287113,Bom Despacho,202,23.809523809523807,🟢 Baixo Risco,0,0,1
5745,2025,31060062,Monte Sião,102,23.809523809523807,🟢 Baixo Risco,0,0,1
5746,2025,31060178,Munhoz,175,23.809523809523807,🟢 Baixo Risco,0,0,1
5747,2025,31063355,São Francisco,225,23.809523809523807,🟢 Baixo Risco,0,0,1
5748,2025,31063363,Pintópolis,562,23.809523809523807,🟢 Baixo Risco,0,0,1
5749,2025,31284076,Piedade de Caratinga,242,23.809523809523807,🟢 Baixo Risco,0,0,1
5750,2025,31284084,Joaíma,157,23.809523809523807,🟢 Baixo Risco,0,0,1
5751,2025,31284211,Guarda-Mor,296,23.809523809523807,🟢 Baixo Risco,0,0,1
5752,2025,31284271,Pouso Alegre,350,23.809523809523807,🟢 Baixo Risco,0,0,1
5753,2025,31284718,Ibiraci,135,23.809523809523807,🟢 Baixo Risco,0,0,1
5754,2025,31284742,Itambacuri,449,23.809523809523807,🟢 Baixo Risco,0,0,1
5755,2025,31286338,Perdigão,314,23.809523809523807,🟢 Baixo Risco,0,0,1
5756,2025,31105317,Rio Piracicaba,13,23.809523809523807,🟢 Baixo Risco,0,0,1
5757,2025,31190209,Santa Maria do Salto,39,23.809523809523807,🟢 Baixo Risco,0,0,1
5758,2025,31286362,Bom Despacho,158,23.809523809523807,🟢 Baixo Risco,0,0,1
5759,2025,31286401,Quartel Geral,71,23.809523809523807,🟢 Baixo Risco,0,0,1
5760,2025,31062332,Itacarambi,640,23.809523809523807,🟢 Baixo Risco,0,0,1
5761,2025,31062383,Januária,703,23.809523809523807,🟢 Baixo Risco,0,0,1
5762,2025,31286133,Arceburgo,419,23.809523809523807,🟢 Baixo Risco,0,0,1
5763,2025,31127302,Nova Resende,34,23.809523809523807,🟢 Baixo Risco,0,0,1
5764,2025,31063461,Ubaí,151,23.809523809523807,🟢 Baixo Risco,0,0,1
5765,2025,31063509,Varzelândia,927,23.809523809523807,🟢 Baixo Risco,0,0,1
5766,2025,31063541,Ibiracatu,115,23.809523809523807,🟢 Baixo Risco,0,0,1
5767,2025,31283797,Itanhandu,120,23.809523809523807,🟢 Baixo Risco,0,0,1
5768,2025,31283843,Caxambu,157,23.809523809523807,🟢 Baixo Risco,0,0,1
5769,2025,31065188,Matias Cardoso,228,23.809523809523807,🟢 Baixo Risco,0,0,1
5770,2025,31065251,Miravânia,115,23.809523809523807,🟢 Baixo Risco,0,0,1
5771,2025,31062863,Jaíba,131,23.809523809523807,🟢 Baixo Risco,0,0,1
5772,2025,31285927,São Sebastião do Paraíso,75,23.809523809523807,🟢 Baixo Risco,0,0,1
5773,2025,31286095,Guaranésia,140,23.809523809523807,🟢 Baixo Risco,0,0,1
5774,2025,31063029,Juvenília,221,23.809523809523807,🟢 Baixo Risco,0,0,1
5775,2025,31285188,Santa Margarida,246,23.809523809523807,🟢 Baixo Risco,0,0,1
5776,2025,31285226,João Pinheiro,172,23.809523809523807,🟢 Baixo Risco,0,0,1
5777,2025,31285366,Jordânia,181,23.809523809523807,🟢 Baixo Risco,0,0,1
5778,2025,31063321,Icaraí de Minas,16,23.809523809523807,🟢 Baixo Risco,0,0,1
5779,2025,31064050,Januária,160,23.809523809523807,🟢 Baixo Risco,0,0,1
5780,2025,31283151,Gurinhatã,133,23.809523809523807,🟢 Baixo Risco,0,0,1
5781,2025,31283592,Perdizes,213,23.809523809523807,🟢 Baixo Risco,0,0,1
5782,2025,31067580,Varzelândia,33,23.809523809523807,🟢 Baixo Risco,0,0,1
5783,2025,31191493,Timóteo,167,23.809523809523807,🟢 Baixo Risco,0,0,1
5784,2025,31282219,Pequi,194,23.809523809523807,🟢 Baixo Risco,0,0,1
5785,2025,31282545,Ninheira,237,23.809523809523807,🟢 Baixo Risco,0,0,1
5786,2025,31065323,Manga,91,23.809523809523807,🟢 Baixo Risco,0,0,1
5787,2025,31284980,Bom Jesus da Penha,246,23.809523809523807,🟢 Baixo Risco,0,0,1
5788,2025,31283916,Monte Alegre de Minas,85,23.809523809523807,🟢 Baixo Risco,0,0,1
5789,2025,31283924,Monte Alegre de Minas,90,23.809523809523807,🟢 Baixo Risco,0,0,1
5790,2025,31190993,Ipatinga,701,23.809523809523807,🟢 Baixo Risco,0,0,1
5791,2025,31191001,Ipatinga,517,23.809523809523807,🟢 Baixo Risco,0,0,1
5792,2025,31190608,Almenara,216,23.809523809523807,🟢 Baixo Risco,0,0,1
5793,2025,31283941,Monte Alegre de Minas,90,23.809523809523807,🟢 Baixo Risco,0,0,1
5794,2025,31284009,Caratinga,99,23.809523809523807,🟢 Baixo Risco,0,0,1
5795,2025,31064807,Manga,150,23.809523809523807,🟢 Baixo Risco,0,0,1
5796,2025,31065056,Jaíba,136,23.809523809523807,🟢 Baixo Risco,0,0,1
5797,2025,31067920,Belmiro Braga,53,23.809523809523807,🟢 Baixo Risco,0,0,1
5798,2025,31068063,Bocaina de Minas,51,23.809523809523807,🟢 Baixo Risco,0,0,1
5799,2025,31068071,Bom Jardim de Minas,570,23.809523809523807,🟢 Baixo Risco,0,0,1
5800,2025,31066745,Urucuia,81,23.809523809523807,🟢 Baixo Risco,0,0,1
5801,2025,31067458,Varzelândia,82,23.809523809523807,🟢 Baixo Risco,0,0,1
5802,2025,31067555,Varzelândia,121,23.809523809523807,🟢 Baixo Risco,0,0,1
5803,2025,31191213,Ipatinga,1121,23.809523809523807,🟢 Baixo Risco,0,0,1
5804,2025,31191230,Ipatinga,662,23.809523809523807,🟢 Baixo Risco,0,0,1
5805,2025,31191264,Ipatinga,360,23.809523809523807,🟢 Baixo Risco,0,0,1
5806,2025,31191311,Jaguaraçu,290,23.809523809523807,🟢 Baixo Risco,0,0,1
5807,2025,31191353,Joanésia,38,23.809523809523807,🟢 Baixo Risco,0,0,1
5808,2025,31282758,Ouro Branco,61,23.809523809523807,🟢 Baixo Risco,0,0,1
5809,2025,31283029,Monte Carmelo,47,23.809523809523807,🟢 Baixo Risco,0,0,1
5810,2025,31063941,Januária,349,23.809523809523807,🟢 Baixo Risco,0,0,1
5811,2025,31191809,Antônio Dias,25,23.809523809523807,🟢 Baixo Risco,0,0,1
5812,2025,31280542,Salinas,86,23.809523809523807,🟢 Baixo Risco,0,0,1
5813,2025,31280704,Monte Alegre de Minas,290,23.809523809523807,🟢 Baixo Risco,0,0,1
5814,2025,31280895,João Monlevade,736,23.809523809523807,🟢 Baixo Risco,0,0,1
5815,2025,31281026,Consolação,131,23.809523809523807,🟢 Baixo Risco,0,0,1
5816,2025,31068241,Coronel Pacheco,293,23.809523809523807,🟢 Baixo Risco,0,0,1
5817,2025,31068306,Ewbank da Câmara,61,23.809523809523807,🟢 Baixo Risco,0,0,1
5818,2025,31068322,Guarará,155,23.809523809523807,🟢 Baixo Risco,0,0,1
5819,2025,31068349,Juiz de Fora,734,23.809523809523807,🟢 Baixo Risco,0,0,1
5820,2025,31277657,Carmésia,127,23.809523809523807,🟢 Baixo Risco,0,0,1
5821,2025,31277797,São João da Lagoa,169,23.809523809523807,🟢 Baixo Risco,0,0,1
5822,2025,31192228,Ipatinga,101,23.809523809523807,🟢 Baixo Risco,0,0,1
5823,2025,31065471,Juvenília,21,23.809523809523807,🟢 Baixo Risco,0,0,1
5824,2025,31066451,São Francisco,17,23.809523809523807,🟢 Baixo Risco,0,0,1
5825,2025,31064475,Januária,44,23.809523809523807,🟢 Baixo Risco,0,0,1
5826,2025,31064718,Matias Cardoso,26,23.809523809523807,🟢 Baixo Risco,0,0,1
5827,2025,31192325,Ipatinga,736,23.809523809523807,🟢 Baixo Risco,0,0,1
5828,2025,31192333,Ipatinga,551,23.809523809523807,🟢 Baixo Risco,0,0,1
5829,2025,31192341,Ipatinga,541,23.809523809523807,🟢 Baixo Risco,0,0,1
5830,2025,31192350,Ipatinga,419,23.809523809523807,🟢 Baixo Risco,0,0,1
5831,2025,31192384,Ipatinga,646,23.809523809523807,🟢 Baixo Risco,0,0,1
5832,2025,31192392,Ipatinga,963,23.809523809523807,🟢 Baixo Risco,0,0,1
5833,2025,31192406,Ipatinga,887,23.809523809523807,🟢 Baixo Risco,0,0,1
5834,2025,31191612,Timóteo,327,23.809523809523807,🟢 Baixo Risco,0,0,1
5835,2025,31191621,Timóteo,293,23.809523809523807,🟢 Baixo Risco,0,0,1
5836,2025,31192431,Ipatinga,265,23.809523809523807,🟢 Baixo Risco,0,0,1
5837,2025,31192449,Ipatinga,282,23.809523809523807,🟢 Baixo Risco,0,0,1
5838,2025,31192490,Jaguaraçu,16,23.809523809523807,🟢 Baixo Risco,0,0,1
5839,2025,31279633,Montes Claros,347,23.809523809523807,🟢 Baixo Risco,0,0,1
5840,2025,31279706,Itaobim,272,23.809523809523807,🟢 Baixo Risco,0,0,1
5841,2025,31191701,Antônio Dias,67,23.809523809523807,🟢 Baixo Risco,0,0,1
5842,2025,31191736,Antônio Dias,157,23.809523809523807,🟢 Baixo Risco,0,0,1
5843,2025,31192911,Timóteo,354,23.809523809523807,🟢 Baixo Risco,0,0,1
5844,2025,31192929,Timóteo,278,23.809523809523807,🟢 Baixo Risco,0,0,1
5845,2025,31277908,Lagoa Grande,59,23.809523809523807,🟢 Baixo Risco,0,0,1
5846,2025,31277959,Indaiabira,209,23.809523809523807,🟢 Baixo Risco,0,0,1
5847,2025,31278203,Varzelândia,32,23.809523809523807,🟢 Baixo Risco,0,0,1
5848,2025,31278840,Montalvânia,37,23.809523809523807,🟢 Baixo Risco,0,0,1
5849,2025,31279161,Carlos Chagas,323,23.809523809523807,🟢 Baixo Risco,0,0,1
5850,2025,31279196,Janaúba,451,23.809523809523807,🟢 Baixo Risco,0,0,1
5851,2025,31068161,Carvalhos,270,23.809523809523807,🟢 Baixo Risco,0,0,1
5852,2025,31193437,Congonhas,161,23.809523809523807,🟢 Baixo Risco,0,0,1
5853,2025,31193461,Congonhas,23,23.809523809523807,🟢 Baixo Risco,0,0,1
5854,2025,31193518,Congonhas,91,23.809523809523807,🟢 Baixo Risco,0,0,1
5855,2025,31192244,Ipatinga,366,23.809523809523807,🟢 Baixo Risco,0,0,1
5856,2025,31192252,Ipatinga,627,23.809523809523807,🟢 Baixo Risco,0,0,1
5857,2025,31192261,Ipatinga,274,23.809523809523807,🟢 Baixo Risco,0,0,1
5858,2025,31192287,Ipatinga,545,23.809523809523807,🟢 Baixo Risco,0,0,1
5859,2025,31277428,Bocaiúva,396,23.809523809523807,🟢 Baixo Risco,0,0,1
5860,2025,31277533,Santa Fé de Minas,21,23.809523809523807,🟢 Baixo Risco,0,0,1
5861,2025,31277622,Pedra Dourada,99,23.809523809523807,🟢 Baixo Risco,0,0,1
5862,2025,31276910,Igarapé,93,23.809523809523807,🟢 Baixo Risco,0,0,1
5863,2025,31276979,Rio Pardo de Minas,336,23.809523809523807,🟢 Baixo Risco,0,0,1
5864,2025,31277096,Capitão Enéas,229,23.809523809523807,🟢 Baixo Risco,0,0,1
5865,2025,31277258,Contagem,1053,23.809523809523807,🟢 Baixo Risco,0,0,1
5866,2025,31277321,São João do Paraíso,438,23.809523809523807,🟢 Baixo Risco,0,0,1
5867,2025,31277355,Bocaiúva,134,23.809523809523807,🟢 Baixo Risco,0,0,1
5868,2025,31276120,Palmópolis,131,23.809523809523807,🟢 Baixo Risco,0,0,1
5869,2025,31276138,Palmópolis,42,23.809523809523807,🟢 Baixo Risco,0,0,1
5870,2025,31193623,Conselheiro Lafaiete,10,23.809523809523807,🟢 Baixo Risco,0,0,1
5871,2025,31192571,Joanésia,22,23.809523809523807,🟢 Baixo Risco,0,0,1
5872,2025,31192881,Timóteo,320,23.809523809523807,🟢 Baixo Risco,0,0,1
5873,2025,31192899,Timóteo,293,23.809523809523807,🟢 Baixo Risco,0,0,1
5874,2025,31192902,Timóteo,481,23.809523809523807,🟢 Baixo Risco,0,0,1
5875,2025,31276201,Jaguaraçu,74,23.809523809523807,🟢 Baixo Risco,0,0,1
5876,2025,31276286,Patrocínio,129,23.809523809523807,🟢 Baixo Risco,0,0,1
5877,2025,31276405,São Francisco,5,23.809523809523807,🟢 Baixo Risco,0,0,1
5878,2025,31276430,Morro do Pilar,124,23.809523809523807,🟢 Baixo Risco,0,0,1
5879,2025,31276456,Bonfim,49,23.809523809523807,🟢 Baixo Risco,0,0,1
5880,2025,31276618,Betim,300,23.809523809523807,🟢 Baixo Risco,0,0,1
5881,2025,31275697,Machado,59,23.809523809523807,🟢 Baixo Risco,0,0,1
5882,2025,31276081,Tapira,100,23.809523809523807,🟢 Baixo Risco,0,0,1
5883,2025,31274976,Uberlândia,199,23.809523809523807,🟢 Baixo Risco,0,0,1
5884,2025,31193810,Cristiano Otoni,320,23.809523809523807,🟢 Baixo Risco,0,0,1
5885,2025,31193844,Desterro de Entre Rios,31,23.809523809523807,🟢 Baixo Risco,0,0,1
5886,2025,31104124,São José do Goiabal,370,23.809523809523807,🟢 Baixo Risco,0,0,1
5887,2025,31192414,Ipatinga,311,23.809523809523807,🟢 Baixo Risco,0,0,1
5888,2025,31192422,Ipatinga,384,23.809523809523807,🟢 Baixo Risco,0,0,1
5889,2025,31068608,Juiz de Fora,352,23.809523809523807,🟢 Baixo Risco,0,0,1
5890,2025,31277410,Montes Claros,286,23.809523809523807,🟢 Baixo Risco,0,0,1
5891,2025,31275166,Santa Bárbara do Monte Verde,76,23.809523809523807,🟢 Baixo Risco,0,0,1
5892,2025,31275247,Setubinha,289,23.809523809523807,🟢 Baixo Risco,0,0,1
5893,2025,31275271,Januária,273,23.809523809523807,🟢 Baixo Risco,0,0,1
5894,2025,31275310,Conceição do Mato Dentro,273,23.809523809523807,🟢 Baixo Risco,0,0,1
5895,2025,31275328,Frei Lagonegro,134,23.809523809523807,🟢 Baixo Risco,0,0,1
5896,2025,31275361,Ponto Chique,235,23.809523809523807,🟢 Baixo Risco,0,0,1
5897,2025,31275379,São João Batista do Glória,141,23.809523809523807,🟢 Baixo Risco,0,0,1
5898,2025,31275468,Heliodora,125,23.809523809523807,🟢 Baixo Risco,0,0,1
5899,2025,31105201,Passabém,101,23.809523809523807,🟢 Baixo Risco,0,0,1
5900,2025,31193941,Entre Rios de Minas,15,23.809523809523807,🟢 Baixo Risco,0,0,1
5901,2025,31274305,Montes Claros,423,23.809523809523807,🟢 Baixo Risco,0,0,1
5902,2025,31274330,Almenara,861,23.809523809523807,🟢 Baixo Risco,0,0,1
5903,2025,31193640,Conselheiro Lafaiete,115,23.809523809523807,🟢 Baixo Risco,0,0,1
5904,2025,31192953,Timóteo,172,23.809523809523807,🟢 Baixo Risco,0,0,1
5905,2025,31192988,Timóteo,372,23.809523809523807,🟢 Baixo Risco,0,0,1
5906,2025,31276162,Peçanha,290,23.809523809523807,🟢 Baixo Risco,0,0,1
5907,2025,31069043,Lima Duarte,22,23.809523809523807,🟢 Baixo Risco,0,0,1
5908,2025,31069078,Lima Duarte,247,23.809523809523807,🟢 Baixo Risco,0,0,1
5909,2025,31273899,Ouro Verde de Minas,183,23.809523809523807,🟢 Baixo Risco,0,0,1
5910,2025,31226475,Raposos,185,23.809523809523807,🟢 Baixo Risco,0,0,1
5911,2025,31273465,Coroaci,86,23.809523809523807,🟢 Baixo Risco,0,0,1
5912,2025,31273481,Mendes Pimentel,194,23.809523809523807,🟢 Baixo Risco,0,0,1
5913,2025,31273490,Mendes Pimentel,87,23.809523809523807,🟢 Baixo Risco,0,0,1
5914,2025,31273511,Santa Efigênia de Minas,133,23.809523809523807,🟢 Baixo Risco,0,0,1
5915,2025,31273546,Couto de Magalhães de Minas,273,23.809523809523807,🟢 Baixo Risco,0,0,1
5916,2025,31273619,Taparuba,13,23.809523809523807,🟢 Baixo Risco,0,0,1
5917,2025,31273643,Nova União,266,23.809523809523807,🟢 Baixo Risco,0,0,1
5918,2025,31273716,Ubaí,401,23.809523809523807,🟢 Baixo Risco,0,0,1
5919,2025,31104477,Ferros,34,23.809523809523807,🟢 Baixo Risco,0,0,1
5920,2025,31104558,Ferros,35,23.809523809523807,🟢 Baixo Risco,0,0,1
5921,2025,31193569,Conselheiro Lafaiete,582,23.809523809523807,🟢 Baixo Risco,0,0,1
5922,2025,31275026,Conceição das Alagoas,202,23.809523809523807,🟢 Baixo Risco,0,0,1
5923,2025,31128368,Barra Longa,196,23.809523809523807,🟢 Baixo Risco,0,0,1
5924,2025,31389323,Três Corações,109,23.809523809523807,🟢 Baixo Risco,0,0,1
5925,2025,31069256,Mar de Espanha,181,23.809523809523807,🟢 Baixo Risco,0,0,1
5926,2025,31069299,Maripá de Minas,377,23.809523809523807,🟢 Baixo Risco,0,0,1
5927,2025,31069388,Olaria,252,23.809523809523807,🟢 Baixo Risco,0,0,1
5928,2025,31069396,Olaria,21,23.809523809523807,🟢 Baixo Risco,0,0,1
5929,2025,31273139,Prados,117,23.809523809523807,🟢 Baixo Risco,0,0,1
5930,2025,31194638,Congonhas,41,23.809523809523807,🟢 Baixo Risco,0,0,1
5931,2025,31194662,Congonhas,51,23.809523809523807,🟢 Baixo Risco,0,0,1
5932,2025,31272779,Nacip Raydan,7,23.809523809523807,🟢 Baixo Risco,0,0,1
5933,2025,31273007,São João del Rei,446,23.809523809523807,🟢 Baixo Risco,0,0,1
5934,2025,31272434,Ponto Chique,100,23.809523809523807,🟢 Baixo Risco,0,0,1
5935,2025,31274569,Itamonte,141,23.809523809523807,🟢 Baixo Risco,0,0,1
5936,2025,31274607,São Sebastião do Anta,745,23.809523809523807,🟢 Baixo Risco,0,0,1
5937,2025,31274763,São José da Barra,88,23.809523809523807,🟢 Baixo Risco,0,0,1
5938,2025,31069001,Lima Duarte,227,23.809523809523807,🟢 Baixo Risco,0,0,1
5939,2025,31273163,Além Paraíba,537,23.809523809523807,🟢 Baixo Risco,0,0,1
5940,2025,31194093,Lamim,14,23.809523809523807,🟢 Baixo Risco,0,0,1
5941,2025,31273392,Inhapim,15,23.809523809523807,🟢 Baixo Risco,0,0,1
5942,2025,31273414,Resplendor,383,23.809523809523807,🟢 Baixo Risco,0,0,1
5943,2025,31387975,Três Corações,111,23.809523809523807,🟢 Baixo Risco,0,0,1
5944,2025,31387983,Três Corações,113,23.809523809523807,🟢 Baixo Risco,0,0,1
5945,2025,31387991,Três Corações,200,23.809523809523807,🟢 Baixo Risco,0,0,1
5946,2025,31388254,Sarzedo,139,23.809523809523807,🟢 Baixo Risco,0,0,1
5947,2025,31388327,Uberlândia,817,23.809523809523807,🟢 Baixo Risco,0,0,1
5948,2025,31388440,São Geraldo,299,23.809523809523807,🟢 Baixo Risco,0,0,1
5949,2025,31388610,Conceição das Pedras,49,23.809523809523807,🟢 Baixo Risco,0,0,1
5950,2025,31388637,Leopoldina,136,23.809523809523807,🟢 Baixo Risco,0,0,1
5951,2025,31128937,Ponte Nova,391,23.809523809523807,🟢 Baixo Risco,0,0,1
5952,2025,31129003,Ponte Nova,54,23.809523809523807,🟢 Baixo Risco,0,0,1
5953,2025,31128287,Amparo do Serra,258,23.809523809523807,🟢 Baixo Risco,0,0,1
5954,2025,31128295,Amparo do Serra,58,23.809523809523807,🟢 Baixo Risco,0,0,1
5955,2025,31272493,Divino das Laranjeiras,226,23.809523809523807,🟢 Baixo Risco,0,0,1
5956,2025,31272507,Datas,111,23.809523809523807,🟢 Baixo Risco,0,0,1
5957,2025,31272523,Presidente Kubitschek,218,23.809523809523807,🟢 Baixo Risco,0,0,1
5958,2025,31272612,Glaucilândia,18,23.809523809523807,🟢 Baixo Risco,0,0,1
5959,2025,31272191,Inhapim,48,23.809523809523807,🟢 Baixo Risco,0,0,1
5960,2025,31272221,Inhapim,26,23.809523809523807,🟢 Baixo Risco,0,0,1
5961,2025,31272248,Santana do Manhuaçu,69,23.809523809523807,🟢 Baixo Risco,0,0,1
5962,2025,31272256,Reduto,360,23.809523809523807,🟢 Baixo Risco,0,0,1
5963,2025,31272264,Bugre,197,23.809523809523807,🟢 Baixo Risco,0,0,1
5964,2025,31272337,Cascalho Rico,239,23.809523809523807,🟢 Baixo Risco,0,0,1
5965,2025,31272353,Queluzito,135,23.809523809523807,🟢 Baixo Risco,0,0,1
5966,2025,31103861,São Domingos do Prata,55,23.809523809523807,🟢 Baixo Risco,0,0,1
5967,2025,31103918,São Domingos do Prata,17,23.809523809523807,🟢 Baixo Risco,0,0,1
5968,2025,31104078,São Gonçalo do Rio Abaixo,100,23.809523809523807,🟢 Baixo Risco,0,0,1
5969,2025,31273732,Belo Horizonte,151,23.809523809523807,🟢 Baixo Risco,0,0,1
5970,2025,31273741,Cônego Marinho,78,23.809523809523807,🟢 Baixo Risco,0,0,1
5971,2025,31194760,Conselheiro Lafaiete,114,23.809523809523807,🟢 Baixo Risco,0,0,1
5972,2025,31194913,Desterro de Entre Rios,25,23.809523809523807,🟢 Baixo Risco,0,0,1
5973,2025,31069663,Rio Preto,243,23.809523809523807,🟢 Baixo Risco,0,0,1
5974,2025,31069728,Santa Bárbara do Monte Verde,370,23.809523809523807,🟢 Baixo Risco,0,0,1
5975,2025,31069833,Santa Rita de Jacutinga,406,23.809523809523807,🟢 Baixo Risco,0,0,1
5976,2025,31272132,Bonfim,44,23.809523809523807,🟢 Baixo Risco,0,0,1
5977,2025,31272159,Inhapim,25,23.809523809523807,🟢 Baixo Risco,0,0,1
5978,2025,31272167,Inhapim,100,23.809523809523807,🟢 Baixo Risco,0,0,1
5979,2025,31272175,Divino,434,23.809523809523807,🟢 Baixo Risco,0,0,1
5980,2025,31271926,Oratórios,251,23.809523809523807,🟢 Baixo Risco,0,0,1
5981,2025,31271951,Ubá,240,23.809523809523807,🟢 Baixo Risco,0,0,1
5982,2025,31271985,Olhos-d'Água,327,23.809523809523807,🟢 Baixo Risco,0,0,1
5983,2025,31271993,Josenópolis,174,23.809523809523807,🟢 Baixo Risco,0,0,1
5984,2025,31272035,Fernandes Tourinho,150,23.809523809523807,🟢 Baixo Risco,0,0,1
5985,2025,31272051,Taquaraçu de Minas,458,23.809523809523807,🟢 Baixo Risco,0,0,1
5986,2025,31272060,Rio Manso,198,23.809523809523807,🟢 Baixo Risco,0,0,1
5987,2025,31272078,Rio Manso,123,23.809523809523807,🟢 Baixo Risco,0,0,1
5988,2025,31271543,Campestre,264,23.809523809523807,🟢 Baixo Risco,0,0,1
5989,2025,31195529,Ouro Branco,71,23.809523809523807,🟢 Baixo Risco,0,0,1
5990,2025,31195898,Rio Espera,133,23.809523809523807,🟢 Baixo Risco,0,0,1
5991,2025,31196207,Conselheiro Lafaiete,885,23.809523809523807,🟢 Baixo Risco,0,0,1
5992,2025,31000311,Belo Horizonte,526,23.809523809523807,🟢 Baixo Risco,0,0,1
5993,2025,31196363,Canápolis,307,23.809523809523807,🟢 Baixo Risco,0,0,1
5994,2025,31103748,Rio Piracicaba,140,23.809523809523807,🟢 Baixo Risco,0,0,1
5995,2025,31271586,Paiva,144,23.809523809523807,🟢 Baixo Risco,0,0,1
5996,2025,31271667,São Roque de Minas,284,23.809523809523807,🟢 Baixo Risco,0,0,1
5997,2025,31271756,Florestal,443,23.809523809523807,🟢 Baixo Risco,0,0,1
5998,2025,31271799,Carmo do Cajuru,446,23.809523809523807,🟢 Baixo Risco,0,0,1
5999,2025,31271802,Carmo do Cajuru,189,23.809523809523807,🟢 Baixo Risco,0,0,1
6000,2025,31271811,Carmo do Cajuru,26,23.809523809523807,🟢 Baixo Risco,0,0,1
6001,2025,31271829,Carmo do Cajuru,58,23.809523809523807,🟢 Baixo Risco,0,0,1
6002,2025,31271250,Iraí de Minas,464,23.809523809523807,🟢 Baixo Risco,0,0,1
6003,2025,31196479,Gurinhatã,155,23.809523809523807,🟢 Baixo Risco,0,0,1
6004,2025,31194956,Desterro de Entre Rios,26,23.809523809523807,🟢 Baixo Risco,0,0,1
6005,2025,31271284,Descoberto,276,23.809523809523807,🟢 Baixo Risco,0,0,1
6006,2025,31271306,Aguanil,162,23.809523809523807,🟢 Baixo Risco,0,0,1
6007,2025,31271454,Jaíba,545,23.809523809523807,🟢 Baixo Risco,0,0,1
6008,2025,31271462,Nova Porteirinha,138,23.809523809523807,🟢 Baixo Risco,0,0,1
6009,2025,31271471,Pai Pedro,233,23.809523809523807,🟢 Baixo Risco,0,0,1
6010,2025,31271489,São João do Pacuí,144,23.809523809523807,🟢 Baixo Risco,0,0,1
6011,2025,31271501,Ubá,203,23.809523809523807,🟢 Baixo Risco,0,0,1
6012,2025,31070009,Santos Dumont,46,23.809523809523807,🟢 Baixo Risco,0,0,1
6013,2025,31070017,Santos Dumont,115,23.809523809523807,🟢 Baixo Risco,0,0,1
6014,2025,31070033,Santos Dumont,38,23.809523809523807,🟢 Baixo Risco,0,0,1
6015,2025,31070131,São João Nepomuceno,278,23.809523809523807,🟢 Baixo Risco,0,0,1
6016,2025,31271152,Iturama,370,23.809523809523807,🟢 Baixo Risco,0,0,1
6017,2025,31196754,Santa Vitória,34,23.809523809523807,🟢 Baixo Risco,0,0,1
6018,2025,31197017,Capinópolis,283,23.809523809523807,🟢 Baixo Risco,0,0,1
6019,2025,31199052,Patrocínio,466,23.809523809523807,🟢 Baixo Risco,0,0,1
6020,2025,31197408,Gurinhatã,22,23.809523809523807,🟢 Baixo Risco,0,0,1
6021,2025,31197661,Ipiaçu,385,23.809523809523807,🟢 Baixo Risco,0,0,1
6022,2025,31197726,Ipiaçu,87,23.809523809523807,🟢 Baixo Risco,0,0,1
6023,2025,31271071,Joaquim Felício,450,23.809523809523807,🟢 Baixo Risco,0,0,1
6024,2025,31271098,Estrela Dalva,146,23.809523809523807,🟢 Baixo Risco,0,0,1
6025,2025,31271101,Iturama,497,23.809523809523807,🟢 Baixo Risco,0,0,1
6026,2025,31271128,Iturama,611,23.809523809523807,🟢 Baixo Risco,0,0,1
6027,2025,31271144,Iturama,391,23.809523809523807,🟢 Baixo Risco,0,0,1
6028,2025,31270598,Tarumirim,44,23.809523809523807,🟢 Baixo Risco,0,0,1
6029,2025,31270601,Santo Hipólito,115,23.809523809523807,🟢 Baixo Risco,0,0,1
6030,2025,31270636,Jequitinhonha,52,23.809523809523807,🟢 Baixo Risco,0,0,1
6031,2025,31270644,Medina,349,23.809523809523807,🟢 Baixo Risco,0,0,1
6032,2025,31270806,Jacinto,72,23.809523809523807,🟢 Baixo Risco,0,0,1
6033,2025,31270326,Caratinga,69,23.809523809523807,🟢 Baixo Risco,0,0,1
6034,2025,31198161,Ituiutaba,41,23.809523809523807,🟢 Baixo Risco,0,0,1
6035,2025,31269522,Ubá,298,23.809523809523807,🟢 Baixo Risco,0,0,1
6036,2025,31198269,Ituiutaba,582,23.809523809523807,🟢 Baixo Risco,0,0,1
6037,2025,31198382,Ituiutaba,178,23.809523809523807,🟢 Baixo Risco,0,0,1
6038,2025,31198633,Santa Vitória,273,23.809523809523807,🟢 Baixo Risco,0,0,1
6039,2025,31198668,Santa Vitória,40,23.809523809523807,🟢 Baixo Risco,0,0,1
6040,2025,31198714,Santa Vitória,76,23.809523809523807,🟢 Baixo Risco,0,0,1
6041,2025,31198901,Cruzeiro da Fortaleza,127,23.809523809523807,🟢 Baixo Risco,0,0,1
6042,2025,31198919,Cruzeiro da Fortaleza,394,23.809523809523807,🟢 Baixo Risco,0,0,1
6043,2025,31198927,Guimarânia,259,23.809523809523807,🟢 Baixo Risco,0,0,1
6044,2025,31270334,Itanhomi,28,23.809523809523807,🟢 Baixo Risco,0,0,1
6045,2025,31270385,Córrego Danta,69,23.809523809523807,🟢 Baixo Risco,0,0,1
6046,2025,31270547,Matipó,356,23.809523809523807,🟢 Baixo Risco,0,0,1
6047,2025,31270571,Tabuleiro,376,23.809523809523807,🟢 Baixo Risco,0,0,1
6048,2025,31270148,Taparuba,191,23.809523809523807,🟢 Baixo Risco,0,0,1
6049,2025,31270156,Taparuba,97,23.809523809523807,🟢 Baixo Risco,0,0,1
6050,2025,31199001,Patrocínio,548,23.809523809523807,🟢 Baixo Risco,0,0,1
6051,2025,31199818,Patrocínio,65,23.809523809523807,🟢 Baixo Risco,0,0,1
6052,2025,31269069,Santa Rita do Itueto,132,23.809523809523807,🟢 Baixo Risco,0,0,1
6053,2025,31197769,Ituiutaba,189,23.809523809523807,🟢 Baixo Risco,0,0,1
6054,2025,31270164,Umburatiba,153,23.809523809523807,🟢 Baixo Risco,0,0,1
6055,2025,31070360,Belmiro Braga,22,23.809523809523807,🟢 Baixo Risco,0,0,1
6056,2025,31270237,Confins,329,23.809523809523807,🟢 Baixo Risco,0,0,1
6057,2025,31270121,Tumiritinga,302,23.809523809523807,🟢 Baixo Risco,0,0,1
6058,2025,31270130,Tumiritinga,69,23.809523809523807,🟢 Baixo Risco,0,0,1
6059,2025,31269735,Santana da Vargem,405,23.809523809523807,🟢 Baixo Risco,0,0,1
6060,2025,31269867,Bertópolis,608,23.809523809523807,🟢 Baixo Risco,0,0,1
6061,2025,31269875,São João das Missões,607,23.809523809523807,🟢 Baixo Risco,0,0,1
6062,2025,31269956,Pouso Alegre,849,23.809523809523807,🟢 Baixo Risco,0,0,1
6063,2025,31269981,Toledo,122,23.809523809523807,🟢 Baixo Risco,0,0,1
6064,2025,31270008,Piraúba,176,23.809523809523807,🟢 Baixo Risco,0,0,1
6065,2025,31269441,Pingo-d'Água,309,23.809523809523807,🟢 Baixo Risco,0,0,1
6066,2025,31269514,Indianópolis,307,23.809523809523807,🟢 Baixo Risco,0,0,1
6067,2025,31267694,Bom Sucesso,193,23.809523809523807,🟢 Baixo Risco,0,0,1
6068,2025,31200565,Monte Carmelo,432,23.809523809523807,🟢 Baixo Risco,0,0,1
6069,2025,31269557,Frei Lagonegro,71,23.809523809523807,🟢 Baixo Risco,0,0,1
6070,2025,31269697,Silveirânia,224,23.809523809523807,🟢 Baixo Risco,0,0,1
6071,2025,31269204,Barroso,215,23.809523809523807,🟢 Baixo Risco,0,0,1
6072,2025,31269239,Santa Bárbara,36,23.809523809523807,🟢 Baixo Risco,0,0,1
6073,2025,31269247,Santa Bárbara,123,23.809523809523807,🟢 Baixo Risco,0,0,1
6074,2025,31269263,Santa Bárbara,125,23.809523809523807,🟢 Baixo Risco,0,0,1
6075,2025,31269298,Desterro de Entre Rios,78,23.809523809523807,🟢 Baixo Risco,0,0,1
6076,2025,31269301,Desterro de Entre Rios,55,23.809523809523807,🟢 Baixo Risco,0,0,1
6077,2025,31269344,Santa Rita de Jacutinga,286,23.809523809523807,🟢 Baixo Risco,0,0,1
6078,2025,31269352,Juruaia,589,23.809523809523807,🟢 Baixo Risco,0,0,1
6079,2025,31269409,Centralina,567,23.809523809523807,🟢 Baixo Risco,0,0,1
6080,2025,31269425,Entre Folhas,363,23.809523809523807,🟢 Baixo Risco,0,0,1
6081,2025,31199630,Patrocínio,70,23.809523809523807,🟢 Baixo Risco,0,0,1
6082,2025,31199737,Patrocínio,167,23.809523809523807,🟢 Baixo Risco,0,0,1
6083,2025,31202142,Aguanil,72,23.809523809523807,🟢 Baixo Risco,0,0,1
6084,2025,31075132,Manhuaçu,420,23.809523809523807,🟢 Baixo Risco,0,0,1
6085,2025,31269123,Passa Vinte,229,23.809523809523807,🟢 Baixo Risco,0,0,1
6086,2025,31000477,Belo Horizonte,393,23.809523809523807,🟢 Baixo Risco,0,0,1
6087,2025,31269191,Aiuruoca,226,23.809523809523807,🟢 Baixo Risco,0,0,1
6088,2025,31268844,Fortuna de Minas,336,23.809523809523807,🟢 Baixo Risco,0,0,1
6089,2025,31268917,Joanésia,117,23.809523809523807,🟢 Baixo Risco,0,0,1
6090,2025,31269034,Santa Bárbara do Tugúrio,515,23.809523809523807,🟢 Baixo Risco,0,0,1
6091,2025,31267856,Novorizonte,73,23.809523809523807,🟢 Baixo Risco,0,0,1
6092,2025,31267929,Bonito de Minas,376,23.809523809523807,🟢 Baixo Risco,0,0,1
6093,2025,31268208,Matias Cardoso,98,23.809523809523807,🟢 Baixo Risco,0,0,1
6094,2025,31268453,Jenipapo de Minas,17,23.809523809523807,🟢 Baixo Risco,0,0,1
6095,2025,31268607,Januária,27,23.809523809523807,🟢 Baixo Risco,0,0,1
6096,2025,31268704,Sericita,183,23.809523809523807,🟢 Baixo Risco,0,0,1
6097,2025,31268721,Barra Longa,76,23.809523809523807,🟢 Baixo Risco,0,0,1
6098,2025,31268801,Gurinhatã,90,23.809523809523807,🟢 Baixo Risco,0,0,1
6099,2025,31201740,Monte Carmelo,52,23.809523809523807,🟢 Baixo Risco,0,0,1
6100,2025,31075302,Manhuaçu,727,23.809523809523807,🟢 Baixo Risco,0,0,1
6101,2025,31072869,Pequeri,146,23.809523809523807,🟢 Baixo Risco,0,0,1
6102,2025,31073610,Santos Dumont,38,23.809523809523807,🟢 Baixo Risco,0,0,1
6103,2025,31266744,Pompéu,301,23.809523809523807,🟢 Baixo Risco,0,0,1
6104,2025,31266825,Bonfinópolis de Minas,354,23.809523809523807,🟢 Baixo Risco,0,0,1
6105,2025,31267066,Uberlândia,1240,23.809523809523807,🟢 Baixo Risco,0,0,1
6106,2025,31267074,Barão de Cocais,316,23.809523809523807,🟢 Baixo Risco,0,0,1
6107,2025,31265896,Itamarandiba,429,23.809523809523807,🟢 Baixo Risco,0,0,1
6108,2025,31265977,Senhora do Porto,128,23.809523809523807,🟢 Baixo Risco,0,0,1
6109,2025,31265993,Araxá,178,23.809523809523807,🟢 Baixo Risco,0,0,1
6110,2025,31266353,Galiléia,133,23.809523809523807,🟢 Baixo Risco,0,0,1
6111,2025,31266485,Conselheiro Lafaiete,424,23.809523809523807,🟢 Baixo Risco,0,0,1
6112,2025,31266493,Conselheiro Lafaiete,1071,23.809523809523807,🟢 Baixo Risco,0,0,1
6113,2025,31266515,Uberlândia,385,23.809523809523807,🟢 Baixo Risco,0,0,1
6114,2025,31075060,Lajinha,293,23.809523809523807,🟢 Baixo Risco,0,0,1
6115,2025,31202932,Lavras,136,23.809523809523807,🟢 Baixo Risco,0,0,1
6116,2025,31075442,Durandé,28,23.809523809523807,🟢 Baixo Risco,0,0,1
6117,2025,31263940,Sabinópolis,203,23.809523809523807,🟢 Baixo Risco,0,0,1
6118,2025,31075141,Manhuaçu,523,23.809523809523807,🟢 Baixo Risco,0,0,1
6119,2025,31265802,Chapada do Norte,176,23.809523809523807,🟢 Baixo Risco,0,0,1
6120,2025,31265811,Santo Antônio do Itambé,115,23.809523809523807,🟢 Baixo Risco,0,0,1
6121,2025,31265268,Três Pontas,576,23.809523809523807,🟢 Baixo Risco,0,0,1
6122,2025,31265276,Nepomuceno,72,23.809523809523807,🟢 Baixo Risco,0,0,1
6123,2025,31265322,Carmo do Paranaíba,136,23.809523809523807,🟢 Baixo Risco,0,0,1
6124,2025,31265331,Patos de Minas,824,23.809523809523807,🟢 Baixo Risco,0,0,1
6125,2025,31265349,Patos de Minas,1143,23.809523809523807,🟢 Baixo Risco,0,0,1
6126,2025,31265543,Comercinho,246,23.809523809523807,🟢 Baixo Risco,0,0,1
6127,2025,31265586,Montes Claros,119,23.809523809523807,🟢 Baixo Risco,0,0,1
6128,2025,31265675,Morro do Pilar,68,23.809523809523807,🟢 Baixo Risco,0,0,1
6129,2025,31265691,Vespasiano,192,23.809523809523807,🟢 Baixo Risco,0,0,1
6130,2025,31075043,Lajinha,62,23.809523809523807,🟢 Baixo Risco,0,0,1
6131,2025,31203262,Oliveira,49,23.809523809523807,🟢 Baixo Risco,0,0,1
6132,2025,31262749,Timóteo,193,23.809523809523807,🟢 Baixo Risco,0,0,1
6133,2025,31262757,Dom Bosco,9,23.809523809523807,🟢 Baixo Risco,0,0,1
6134,2025,31075361,Manhuaçu,282,23.809523809523807,🟢 Baixo Risco,0,0,1
6135,2025,31075370,Manhumirim,383,23.809523809523807,🟢 Baixo Risco,0,0,1
6136,2025,31265080,Mesquita,69,23.809523809523807,🟢 Baixo Risco,0,0,1
6137,2025,31265101,Ingaí,222,23.809523809523807,🟢 Baixo Risco,0,0,1
6138,2025,31265187,Ibituruna,91,23.809523809523807,🟢 Baixo Risco,0,0,1
6139,2025,31265217,Carangola,32,23.809523809523807,🟢 Baixo Risco,0,0,1
6140,2025,31265250,Malacacheta,251,23.809523809523807,🟢 Baixo Risco,0,0,1
6141,2025,31264393,Lima Duarte,21,23.809523809523807,🟢 Baixo Risco,0,0,1
6142,2025,31264521,Uberlândia,243,23.809523809523807,🟢 Baixo Risco,0,0,1
6143,2025,31264806,São Domingos das Dores,128,23.809523809523807,🟢 Baixo Risco,0,0,1
6144,2025,31264857,Tarumirim,27,23.809523809523807,🟢 Baixo Risco,0,0,1
6145,2025,31264890,Rio Paranaíba,247,23.809523809523807,🟢 Baixo Risco,0,0,1
6146,2025,31202878,Lavras,667,23.809523809523807,🟢 Baixo Risco,0,0,1
6147,2025,31261611,Urucuia,225,23.809523809523807,🟢 Baixo Risco,0,0,1
6148,2025,31203459,Perdões,237,23.809523809523807,🟢 Baixo Risco,0,0,1
6149,2025,31203491,Perdões,436,23.809523809523807,🟢 Baixo Risco,0,0,1
6150,2025,31264369,Lima Duarte,16,23.809523809523807,🟢 Baixo Risco,0,0,1
6151,2025,31263842,Tumiritinga,28,23.809523809523807,🟢 Baixo Risco,0,0,1
6152,2025,31075396,Manhumirim,337,23.809523809523807,🟢 Baixo Risco,0,0,1
6153,2025,31076481,Lajinha,88,23.809523809523807,🟢 Baixo Risco,0,0,1
6154,2025,31262820,Unaí,472,23.809523809523807,🟢 Baixo Risco,0,0,1
6155,2025,31263184,Tumiritinga,253,23.809523809523807,🟢 Baixo Risco,0,0,1
6156,2025,31075825,Santana do Manhuaçu,67,23.809523809523807,🟢 Baixo Risco,0,0,1
6157,2025,31075973,Caputira,176,23.809523809523807,🟢 Baixo Risco,0,0,1
6158,2025,31075981,Caputira,213,23.809523809523807,🟢 Baixo Risco,0,0,1
6159,2025,31263508,Pintópolis,311,23.809523809523807,🟢 Baixo Risco,0,0,1
6160,2025,31261688,Ubá,499,23.809523809523807,🟢 Baixo Risco,0,0,1
6161,2025,31261726,Patrocínio,219,23.809523809523807,🟢 Baixo Risco,0,0,1
6162,2025,31203068,Lavras,189,23.809523809523807,🟢 Baixo Risco,0,0,1
6163,2025,31260207,Carmo da Mata,347,23.809523809523807,🟢 Baixo Risco,0,0,1
6164,2025,31260215,Divino,170,23.809523809523807,🟢 Baixo Risco,0,0,1
6165,2025,31260274,Divino,97,23.809523809523807,🟢 Baixo Risco,0,0,1
6166,2025,31079251,Manhumirim,351,23.809523809523807,🟢 Baixo Risco,0,0,1
6167,2025,31079341,Bocaiúva,69,23.809523809523807,🟢 Baixo Risco,0,0,1
6168,2025,31077216,Manhumirim,152,23.809523809523807,🟢 Baixo Risco,0,0,1
6169,2025,31076775,Manhuaçu,654,23.809523809523807,🟢 Baixo Risco,0,0,1
6170,2025,31076236,Conceição de Ipanema,104,23.809523809523807,🟢 Baixo Risco,0,0,1
6171,2025,31261408,Santa Bárbara do Leste,302,23.809523809523807,🟢 Baixo Risco,0,0,1
6172,2025,31077763,Mutum,51,23.809523809523807,🟢 Baixo Risco,0,0,1
6173,2025,31077976,Mutum,96,23.809523809523807,🟢 Baixo Risco,0,0,1
6174,2025,31078107,Mutum,20,23.809523809523807,🟢 Baixo Risco,0,0,1
6175,2025,31077232,Manhumirim,157,23.809523809523807,🟢 Baixo Risco,0,0,1
6176,2025,31077445,Martins Soares,54,23.809523809523807,🟢 Baixo Risco,0,0,1
6177,2025,31077461,Martins Soares,157,23.809523809523807,🟢 Baixo Risco,0,0,1
6178,2025,31077518,Matipó,99,23.809523809523807,🟢 Baixo Risco,0,0,1
6179,2025,31258873,Barão de Cocais,132,23.809523809523807,🟢 Baixo Risco,0,0,1
6180,2025,31257711,Brasília de Minas,66,23.809523809523807,🟢 Baixo Risco,0,0,1
6181,2025,31257745,Japonvar,281,23.809523809523807,🟢 Baixo Risco,0,0,1
6182,2025,31204994,Ribeirão Vermelho,219,23.809523809523807,🟢 Baixo Risco,0,0,1
6183,2025,31205311,Jaboticatubas,43,23.809523809523807,🟢 Baixo Risco,0,0,1
6184,2025,31203513,Ribeirão Vermelho,209,23.809523809523807,🟢 Baixo Risco,0,0,1
6185,2025,31203769,Campo Belo,209,23.809523809523807,🟢 Baixo Risco,0,0,1
6186,2025,31079375,Bocaiúva,157,23.809523809523807,🟢 Baixo Risco,0,0,1
6187,2025,31078131,Mutum,121,23.809523809523807,🟢 Baixo Risco,0,0,1
6188,2025,31078620,Santana do Manhuaçu,78,23.809523809523807,🟢 Baixo Risco,0,0,1
6189,2025,31260533,Curvelo,275,23.809523809523807,🟢 Baixo Risco,0,0,1
6190,2025,31260614,Oliveira,244,23.809523809523807,🟢 Baixo Risco,0,0,1
6191,2025,31259675,Veríssimo,86,23.809523809523807,🟢 Baixo Risco,0,0,1
6192,2025,31259926,Lagoa Dourada,120,23.809523809523807,🟢 Baixo Risco,0,0,1
6193,2025,31259934,Pirapora,71,23.809523809523807,🟢 Baixo Risco,0,0,1
6194,2025,31259985,Pirapora,42,23.809523809523807,🟢 Baixo Risco,0,0,1
6195,2025,31256617,Nova Resende,159,23.809523809523807,🟢 Baixo Risco,0,0,1
6196,2025,31256684,Poços de Caldas,133,23.809523809523807,🟢 Baixo Risco,0,0,1
6197,2025,31256714,Poços de Caldas,43,23.809523809523807,🟢 Baixo Risco,0,0,1
6198,2025,31256846,Joaíma,337,23.809523809523807,🟢 Baixo Risco,0,0,1
6199,2025,31256935,Alfenas,430,23.809523809523807,🟢 Baixo Risco,0,0,1
6200,2025,31103080,Itabira,80,23.809523809523807,🟢 Baixo Risco,0,0,1
6201,2025,31204536,Lavras,104,23.809523809523807,🟢 Baixo Risco,0,0,1
6202,2025,31079481,Bocaiúva,50,23.809523809523807,🟢 Baixo Risco,0,0,1
6203,2025,31079626,Brasília de Minas,261,23.809523809523807,🟢 Baixo Risco,0,0,1
6204,2025,31259667,Limeira do Oeste,315,23.809523809523807,🟢 Baixo Risco,0,0,1
6205,2025,31259004,Pingo-d'Água,128,23.809523809523807,🟢 Baixo Risco,0,0,1
6206,2025,31259225,Vazante,50,23.809523809523807,🟢 Baixo Risco,0,0,1
6207,2025,31259241,Santos Dumont,27,23.809523809523807,🟢 Baixo Risco,0,0,1
6208,2025,31259276,São Gonçalo do Abaeté,82,23.809523809523807,🟢 Baixo Risco,0,0,1
6209,2025,31259641,Laranjal,663,23.809523809523807,🟢 Baixo Risco,0,0,1
6210,2025,31258849,Brumadinho,310,23.809523809523807,🟢 Baixo Risco,0,0,1
6211,2025,31255386,Três Marias,232,23.809523809523807,🟢 Baixo Risco,0,0,1
6212,2025,31255424,São Sebastião do Rio Verde,81,23.809523809523807,🟢 Baixo Risco,0,0,1
6213,2025,31255475,Dom Silvério,198,23.809523809523807,🟢 Baixo Risco,0,0,1
6214,2025,31255548,Camanducaia,376,23.809523809523807,🟢 Baixo Risco,0,0,1
6215,2025,31255645,Canápolis,206,23.809523809523807,🟢 Baixo Risco,0,0,1
6216,2025,31257770,Perdizes,19,23.809523809523807,🟢 Baixo Risco,0,0,1
6217,2025,31257788,Perdizes,27,23.809523809523807,🟢 Baixo Risco,0,0,1
6218,2025,31258164,Fervedouro,32,23.809523809523807,🟢 Baixo Risco,0,0,1
6219,2025,31258415,Perdizes,646,23.809523809523807,🟢 Baixo Risco,0,0,1
6220,2025,31258687,Igarapé,470,23.809523809523807,🟢 Baixo Risco,0,0,1
6221,2025,31000396,Belo Horizonte,128,23.809523809523807,🟢 Baixo Risco,0,0,1
6222,2025,31257087,Poços de Caldas,74,23.809523809523807,🟢 Baixo Risco,0,0,1
6223,2025,31257095,Poços de Caldas,140,23.809523809523807,🟢 Baixo Risco,0,0,1
6224,2025,31257672,Passos,118,23.809523809523807,🟢 Baixo Risco,0,0,1
6225,2025,31256439,Campo do Meio,210,23.809523809523807,🟢 Baixo Risco,0,0,1
6226,2025,31256480,Poços de Caldas,110,23.809523809523807,🟢 Baixo Risco,0,0,1
6227,2025,31254479,Raul Soares,485,23.809523809523807,🟢 Baixo Risco,0,0,1
6228,2025,31208329,Paracatu,471,23.809523809523807,🟢 Baixo Risco,0,0,1
6229,2025,31208507,Buritis,416,23.809523809523807,🟢 Baixo Risco,0,0,1
6230,2025,31208582,Doresópolis,59,23.809523809523807,🟢 Baixo Risco,0,0,1
6231,2025,31208744,Divino,48,23.809523809523807,🟢 Baixo Risco,0,0,1
6232,2025,31099881,Caiana,144,23.809523809523807,🟢 Baixo Risco,0,0,1
6233,2025,31256196,São Joaquim de Bicas,456,23.809523809523807,🟢 Baixo Risco,0,0,1
6234,2025,31205681,Belo Horizonte,186,23.809523809523807,🟢 Baixo Risco,0,0,1
6235,2025,31204692,Oliveira,53,23.809523809523807,🟢 Baixo Risco,0,0,1
6236,2025,31080144,Espinosa,35,23.809523809523807,🟢 Baixo Risco,0,0,1
6237,2025,31255777,Mercês,161,23.809523809523807,🟢 Baixo Risco,0,0,1
6238,2025,31256048,Frei Inocêncio,12,23.809523809523807,🟢 Baixo Risco,0,0,1
6239,2025,31256072,Cuparaque,154,23.809523809523807,🟢 Baixo Risco,0,0,1
6240,2025,31256145,Central de Minas,570,23.809523809523807,🟢 Baixo Risco,0,0,1
6241,2025,31255041,Caratinga,441,23.809523809523807,🟢 Baixo Risco,0,0,1
6242,2025,31255076,São Romão,28,23.809523809523807,🟢 Baixo Risco,0,0,1
6243,2025,31253596,Ibiá,86,23.809523809523807,🟢 Baixo Risco,0,0,1
6244,2025,31253723,Itacarambi,50,23.809523809523807,🟢 Baixo Risco,0,0,1
6245,2025,31000230,Belo Horizonte,407,23.809523809523807,🟢 Baixo Risco,0,0,1
6246,2025,31253863,Santa Luzia,1028,23.809523809523807,🟢 Baixo Risco,0,0,1
6247,2025,31252891,Florestal,179,23.809523809523807,🟢 Baixo Risco,0,0,1
6248,2025,31252972,Riachinho,165,23.809523809523807,🟢 Baixo Risco,0,0,1
6249,2025,31254100,Timóteo,536,23.809523809523807,🟢 Baixo Risco,0,0,1
6250,2025,31206539,Belo Horizonte,192,23.809523809523807,🟢 Baixo Risco,0,0,1
6251,2025,31207161,São Francisco,1161,23.809523809523807,🟢 Baixo Risco,0,0,1
6252,2025,31100480,Espera Feliz,126,23.809523809523807,🟢 Baixo Risco,0,0,1
6253,2025,31100498,Espera Feliz,105,23.809523809523807,🟢 Baixo Risco,0,0,1
6254,2025,31101401,São Sebastião da Vargem Alegre,46,23.809523809523807,🟢 Baixo Risco,0,0,1
6255,2025,31207675,Botumirim,152,23.809523809523807,🟢 Baixo Risco,0,0,1
6256,2025,31207764,Coração de Jesus,66,23.809523809523807,🟢 Baixo Risco,0,0,1
6257,2025,31254355,Datas,171,23.809523809523807,🟢 Baixo Risco,0,0,1
6258,2025,31254401,Itamonte,302,23.809523809523807,🟢 Baixo Risco,0,0,1
6259,2025,31253219,Paiva,43,23.809523809523807,🟢 Baixo Risco,0,0,1
6260,2025,31253308,Pitangui,312,23.809523809523807,🟢 Baixo Risco,0,0,1
6261,2025,31253316,São Sebastião do Maranhão,100,23.809523809523807,🟢 Baixo Risco,0,0,1
6262,2025,31253472,Varzelândia,129,23.809523809523807,🟢 Baixo Risco,0,0,1
6263,2025,31211427,Ibirité,275,23.809523809523807,🟢 Baixo Risco,0,0,1
6264,2025,31098736,Muriaé,349,23.809523809523807,🟢 Baixo Risco,0,0,1
6265,2025,31099929,Caparaó,96,23.809523809523807,🟢 Baixo Risco,0,0,1
6266,2025,31100188,Cataguases,143,23.809523809523807,🟢 Baixo Risco,0,0,1
6267,2025,31100196,Cataguases,69,23.809523809523807,🟢 Baixo Risco,0,0,1
6268,2025,31100218,Cataguases,200,23.809523809523807,🟢 Baixo Risco,0,0,1
6269,2025,31209449,Pedra Azul,400,23.809523809523807,🟢 Baixo Risco,0,0,1
6270,2025,31209597,Almenara,72,23.809523809523807,🟢 Baixo Risco,0,0,1
6271,2025,31209732,Jacinto,131,23.809523809523807,🟢 Baixo Risco,0,0,1
6272,2025,31080721,Glaucilândia,24,23.809523809523807,🟢 Baixo Risco,0,0,1
6273,2025,31253952,Santa Juliana,362,23.809523809523807,🟢 Baixo Risco,0,0,1
6274,2025,31253961,Curvelo,289,23.809523809523807,🟢 Baixo Risco,0,0,1
6275,2025,31252387,Patrocínio,706,23.809523809523807,🟢 Baixo Risco,0,0,1
6276,2025,31252395,Ferros,25,23.809523809523807,🟢 Baixo Risco,0,0,1
6277,2025,31252417,Ferros,14,23.809523809523807,🟢 Baixo Risco,0,0,1
6278,2025,31098825,Muriaé,119,23.809523809523807,🟢 Baixo Risco,0,0,1
6279,2025,31211800,Teófilo Otoni,97,23.809523809523807,🟢 Baixo Risco,0,0,1
6280,2025,31081345,Montes Claros,243,23.809523809523807,🟢 Baixo Risco,0,0,1
6281,2025,31209830,Canápolis,169,23.809523809523807,🟢 Baixo Risco,0,0,1
6282,2025,31099619,Volta Grande,15,23.809523809523807,🟢 Baixo Risco,0,0,1
6283,2025,31210684,Sete Lagoas,392,23.809523809523807,🟢 Baixo Risco,0,0,1
6284,2025,31210722,Sete Lagoas,466,23.809523809523807,🟢 Baixo Risco,0,0,1
6285,2025,31210731,Sete Lagoas,195,23.809523809523807,🟢 Baixo Risco,0,0,1
6286,2025,31211401,Sarzedo,357,23.809523809523807,🟢 Baixo Risco,0,0,1
6287,2025,31253022,Contagem,147,23.809523809523807,🟢 Baixo Risco,0,0,1
6288,2025,31253073,São Francisco,336,23.809523809523807,🟢 Baixo Risco,0,0,1
6289,2025,31253120,Contagem,205,23.809523809523807,🟢 Baixo Risco,0,0,1
6290,2025,31253138,Jaboticatubas,13,23.809523809523807,🟢 Baixo Risco,0,0,1
6291,2025,31250546,Buritizeiro,349,23.809523809523807,🟢 Baixo Risco,0,0,1
6292,2025,31249408,Elói Mendes,113,23.809523809523807,🟢 Baixo Risco,0,0,1
6293,2025,31212474,Barbacena,180,23.809523809523807,🟢 Baixo Risco,0,0,1
6294,2025,31212784,Belo Horizonte,559,23.809523809523807,🟢 Baixo Risco,0,0,1
6295,2025,31248525,Jaíba,111,23.809523809523807,🟢 Baixo Risco,0,0,1
6296,2025,31248789,São Francisco,167,23.809523809523807,🟢 Baixo Risco,0,0,1
6297,2025,31209759,Jacinto,24,23.809523809523807,🟢 Baixo Risco,0,0,1
6298,2025,31209767,Jacinto,27,23.809523809523807,🟢 Baixo Risco,0,0,1
6299,2025,31000213,Belo Horizonte,435,23.809523809523807,🟢 Baixo Risco,0,0,1
6300,2025,31252816,Córrego Danta,55,23.809523809523807,🟢 Baixo Risco,0,0,1
6301,2025,31251399,Cachoeira de Pajeú,102,23.809523809523807,🟢 Baixo Risco,0,0,1
6302,2025,31251534,Morada Nova de Minas,439,23.809523809523807,🟢 Baixo Risco,0,0,1
6303,2025,31251933,Lavras,241,23.809523809523807,🟢 Baixo Risco,0,0,1
6304,2025,31252123,Mar de Espanha,5,23.809523809523807,🟢 Baixo Risco,0,0,1
6305,2025,31252158,Mar de Espanha,75,23.809523809523807,🟢 Baixo Risco,0,0,1
6306,2025,31252247,São Gotardo,456,23.809523809523807,🟢 Baixo Risco,0,0,1
6307,2025,31247448,Ibiraci,256,23.809523809523807,🟢 Baixo Risco,0,0,1
6308,2025,31247995,Espera Feliz,36,23.809523809523807,🟢 Baixo Risco,0,0,1
6309,2025,31248258,Espera Feliz,21,23.809523809523807,🟢 Baixo Risco,0,0,1
6310,2025,31248266,Espera Feliz,40,23.809523809523807,🟢 Baixo Risco,0,0,1
6311,2025,31248304,Monte Carmelo,235,23.809523809523807,🟢 Baixo Risco,0,0,1
6312,2025,31248347,Cruzília,79,23.809523809523807,🟢 Baixo Risco,0,0,1
6313,2025,31248363,Cruzília,335,23.809523809523807,🟢 Baixo Risco,0,0,1
6314,2025,31081370,Montes Claros,605,23.809523809523807,🟢 Baixo Risco,0,0,1
6315,2025,31250805,Ipatinga,740,23.809523809523807,🟢 Baixo Risco,0,0,1
6316,2025,31250821,Leopoldina,272,23.809523809523807,🟢 Baixo Risco,0,0,1
6317,2025,31251062,Ferros,7,23.809523809523807,🟢 Baixo Risco,0,0,1
6318,2025,31251216,Coração de Jesus,14,23.809523809523807,🟢 Baixo Risco,0,0,1
6319,2025,31081558,Montes Claros,795,23.809523809523807,🟢 Baixo Risco,0,0,1
6320,2025,31250121,Manhuaçu,234,23.809523809523807,🟢 Baixo Risco,0,0,1
6321,2025,31250341,Sete Lagoas,222,23.809523809523807,🟢 Baixo Risco,0,0,1
6322,2025,31250538,Buritizeiro,240,23.809523809523807,🟢 Baixo Risco,0,0,1
6323,2025,31247138,Machado,230,23.809523809523807,🟢 Baixo Risco,0,0,1
6324,2025,31247154,Machado,169,23.809523809523807,🟢 Baixo Risco,0,0,1
6325,2025,31247162,Elói Mendes,479,23.809523809523807,🟢 Baixo Risco,0,0,1
6326,2025,31247197,Santa Bárbara,548,23.809523809523807,🟢 Baixo Risco,0,0,1
6327,2025,31247227,Catas Altas,30,23.809523809523807,🟢 Baixo Risco,0,0,1
6328,2025,31247260,Catas Altas,122,23.809523809523807,🟢 Baixo Risco,0,0,1
6329,2025,31081787,Montes Claros,214,23.809523809523807,🟢 Baixo Risco,0,0,1
6330,2025,31249025,Guanhães,310,23.809523809523807,🟢 Baixo Risco,0,0,1
6331,2025,31249033,Três Marias,119,23.809523809523807,🟢 Baixo Risco,0,0,1
6332,2025,31249050,Santo Antônio do Monte,256,23.809523809523807,🟢 Baixo Risco,0,0,1
6333,2025,31249262,Lagoa Santa,203,23.809523809523807,🟢 Baixo Risco,0,0,1
6334,2025,31249301,Ipatinga,888,23.809523809523807,🟢 Baixo Risco,0,0,1
6335,2025,31081671,Montes Claros,1057,23.809523809523807,🟢 Baixo Risco,0,0,1
6336,2025,31081710,Montes Claros,764,23.809523809523807,🟢 Baixo Risco,0,0,1
6337,2025,31248509,Glaucilândia,117,23.809523809523807,🟢 Baixo Risco,0,0,1
6338,2025,31248517,Jaíba,128,23.809523809523807,🟢 Baixo Risco,0,0,1
6339,2025,31246417,Três Marias,578,23.809523809523807,🟢 Baixo Risco,0,0,1
6340,2025,31245712,Conselheiro Lafaiete,620,23.809523809523807,🟢 Baixo Risco,0,0,1
6341,2025,31245763,Guaxupé,300,23.809523809523807,🟢 Baixo Risco,0,0,1
6342,2025,31245852,Santa Luzia,852,23.809523809523807,🟢 Baixo Risco,0,0,1
6343,2025,31245054,Poços de Caldas,10,23.809523809523807,🟢 Baixo Risco,0,0,1
6344,2025,31214957,Ituiutaba,273,23.809523809523807,🟢 Baixo Risco,0,0,1
6345,2025,31215040,Formiga,448,23.809523809523807,🟢 Baixo Risco,0,0,1
6346,2025,31212865,Dores de Campos,207,23.809523809523807,🟢 Baixo Risco,0,0,1
6347,2025,31212946,São João del Rei,79,23.809523809523807,🟢 Baixo Risco,0,0,1
6348,2025,31213080,Ataléia,73,23.809523809523807,🟢 Baixo Risco,0,0,1
6349,2025,31213705,Centralina,220,23.809523809523807,🟢 Baixo Risco,0,0,1
6350,2025,31247278,Santa Bárbara,515,23.809523809523807,🟢 Baixo Risco,0,0,1
6351,2025,31247405,Contagem,1342,23.809523809523807,🟢 Baixo Risco,0,0,1
6352,2025,31246743,Uberlândia,1401,23.809523809523807,🟢 Baixo Risco,0,0,1
6353,2025,31247022,Mirabela,218,23.809523809523807,🟢 Baixo Risco,0,0,1
6354,2025,31247120,Machado,121,23.809523809523807,🟢 Baixo Risco,0,0,1
6355,2025,31244511,Eugenópolis,16,23.809523809523807,🟢 Baixo Risco,0,0,1
6356,2025,31244686,Santos Dumont,21,23.809523809523807,🟢 Baixo Risco,0,0,1
6357,2025,31242845,Padre Paraíso,29,23.809523809523807,🟢 Baixo Risco,0,0,1
6358,2025,31215490,Pouso Alegre,360,23.809523809523807,🟢 Baixo Risco,0,0,1
6359,2025,31216658,Buritizeiro,145,23.809523809523807,🟢 Baixo Risco,0,0,1
6360,2025,31216976,Conceição de Ipanema,28,23.809523809523807,🟢 Baixo Risco,0,0,1
6361,2025,31000621,Belo Horizonte,292,23.809523809523807,🟢 Baixo Risco,0,0,1
6362,2025,31214019,Pintópolis,178,23.809523809523807,🟢 Baixo Risco,0,0,1
6363,2025,31214141,Uberlândia,322,23.809523809523807,🟢 Baixo Risco,0,0,1
6364,2025,31214361,Funilândia,55,23.809523809523807,🟢 Baixo Risco,0,0,1
6365,2025,31246212,João Pinheiro,250,23.809523809523807,🟢 Baixo Risco,0,0,1
6366,2025,31246221,Mato Verde,5,23.809523809523807,🟢 Baixo Risco,0,0,1
6367,2025,31246298,Joaíma,592,23.809523809523807,🟢 Baixo Risco,0,0,1
6368,2025,31226483,Raposos,79,23.809523809523807,🟢 Baixo Risco,0,0,1
6369,2025,31226521,Santa Luzia,486,23.809523809523807,🟢 Baixo Risco,0,0,1
6370,2025,31246344,Turmalina,715,23.809523809523807,🟢 Baixo Risco,0,0,1
6371,2025,31244244,Ubá,262,23.809523809523807,🟢 Baixo Risco,0,0,1
6372,2025,31242659,Divisópolis,25,23.809523809523807,🟢 Baixo Risco,0,0,1
6373,2025,31242705,Almenara,93,23.809523809523807,🟢 Baixo Risco,0,0,1
6374,2025,31226530,Vespasiano,440,23.809523809523807,🟢 Baixo Risco,0,0,1
6375,2025,31217611,Itamarandiba,383,23.809523809523807,🟢 Baixo Risco,0,0,1
6376,2025,31217654,Paraguaçu,398,23.809523809523807,🟢 Baixo Risco,0,0,1
6377,2025,31217760,Ponte Nova,222,23.809523809523807,🟢 Baixo Risco,0,0,1
6378,2025,31098329,Leopoldina,38,23.809523809523807,🟢 Baixo Risco,0,0,1
6379,2025,31098418,Miradouro,58,23.809523809523807,🟢 Baixo Risco,0,0,1
6380,2025,31245381,Patos de Minas,793,23.809523809523807,🟢 Baixo Risco,0,0,1
6381,2025,31245500,Montes Claros,192,23.809523809523807,🟢 Baixo Risco,0,0,1
6382,2025,31245534,Cascalho Rico,35,23.809523809523807,🟢 Baixo Risco,0,0,1
6383,2025,31245551,Monte Carmelo,185,23.809523809523807,🟢 Baixo Risco,0,0,1
6384,2025,31245682,Conselheiro Lafaiete,755,23.809523809523807,🟢 Baixo Risco,0,0,1
6385,2025,31081981,Pirapora,183,23.809523809523807,🟢 Baixo Risco,0,0,1
6386,2025,31082295,Montezuma,522,23.809523809523807,🟢 Baixo Risco,0,0,1
6387,2025,31242080,Augusto de Lima,150,23.809523809523807,🟢 Baixo Risco,0,0,1
6388,2025,31242144,São Lourenço,608,23.809523809523807,🟢 Baixo Risco,0,0,1
6389,2025,31242209,São Pedro do Suaçuí,111,23.809523809523807,🟢 Baixo Risco,0,0,1
6390,2025,31242357,Formiga,299,23.809523809523807,🟢 Baixo Risco,0,0,1
6391,2025,31242390,Gonzaga,158,23.809523809523807,🟢 Baixo Risco,0,0,1
6392,2025,31083119,Bocaiúva,19,23.809523809523807,🟢 Baixo Risco,0,0,1
6393,2025,31241512,Três Pontas,93,23.809523809523807,🟢 Baixo Risco,0,0,1
6394,2025,31214370,Funilândia,149,23.809523809523807,🟢 Baixo Risco,0,0,1
6395,2025,31214493,Buritis,157,23.809523809523807,🟢 Baixo Risco,0,0,1
6396,2025,31243329,Desterro do Melo,99,23.809523809523807,🟢 Baixo Risco,0,0,1
6397,2025,31243604,Jequitinhonha,29,23.809523809523807,🟢 Baixo Risco,0,0,1
6398,2025,31243663,Couto de Magalhães de Minas,96,23.809523809523807,🟢 Baixo Risco,0,0,1
6399,2025,31243884,Água Boa,46,23.809523809523807,🟢 Baixo Risco,0,0,1
6400,2025,31243990,Pedra Azul,160,23.809523809523807,🟢 Baixo Risco,0,0,1
6401,2025,31244015,Pedra Azul,265,23.809523809523807,🟢 Baixo Risco,0,0,1
6402,2025,31244112,Alto Jequitibá,24,23.809523809523807,🟢 Baixo Risco,0,0,1
6403,2025,31240427,Esmeraldas,145,23.809523809523807,🟢 Baixo Risco,0,0,1
6404,2025,31083194,Bocaiúva,24,23.809523809523807,🟢 Baixo Risco,0,0,1
6405,2025,31083402,Olhos-d'Água,75,23.809523809523807,🟢 Baixo Risco,0,0,1
6406,2025,31083925,Brasília de Minas,217,23.809523809523807,🟢 Baixo Risco,0,0,1
6407,2025,31084034,Brasília de Minas,100,23.809523809523807,🟢 Baixo Risco,0,0,1
6408,2025,31084085,Brasília de Minas,114,23.809523809523807,🟢 Baixo Risco,0,0,1
6409,2025,31084174,Campo Azul,120,23.809523809523807,🟢 Baixo Risco,0,0,1
6410,2025,31082422,Rubelita,134,23.809523809523807,🟢 Baixo Risco,0,0,1
6411,2025,31082546,Novorizonte,141,23.809523809523807,🟢 Baixo Risco,0,0,1
6412,2025,31082708,Ninheira,71,23.809523809523807,🟢 Baixo Risco,0,0,1
6413,2025,31226548,Betim,295,23.809523809523807,🟢 Baixo Risco,0,0,1
6414,2025,31082805,São Romão,326,23.809523809523807,🟢 Baixo Risco,0,0,1
6415,2025,31242560,Alagoa,69,23.809523809523807,🟢 Baixo Risco,0,0,1
6416,2025,31242578,Baependi,139,23.809523809523807,🟢 Baixo Risco,0,0,1
6417,2025,31242632,Divisópolis,216,23.809523809523807,🟢 Baixo Risco,0,0,1
6418,2025,31241954,Janaúba,95,23.809523809523807,🟢 Baixo Risco,0,0,1
6419,2025,31239461,Bertópolis,157,23.809523809523807,🟢 Baixo Risco,0,0,1
6420,2025,31239500,Santos Dumont,169,23.809523809523807,🟢 Baixo Risco,0,0,1
6421,2025,31239658,Indianópolis,373,23.809523809523807,🟢 Baixo Risco,0,0,1
6422,2025,31084395,Japonvar,131,23.809523809523807,🟢 Baixo Risco,0,0,1
6423,2025,31084417,Japonvar,261,23.809523809523807,🟢 Baixo Risco,0,0,1
6424,2025,31084441,Japonvar,54,23.809523809523807,🟢 Baixo Risco,0,0,1
6425,2025,31084654,Buritizeiro,252,23.809523809523807,🟢 Baixo Risco,0,0,1
6426,2025,31241521,Três Pontas,636,23.809523809523807,🟢 Baixo Risco,0,0,1
6427,2025,31241547,Guapé,213,23.809523809523807,🟢 Baixo Risco,0,0,1
6428,2025,31241571,Campanha,158,23.809523809523807,🟢 Baixo Risco,0,0,1
6429,2025,31241946,Janaúba,229,23.809523809523807,🟢 Baixo Risco,0,0,1
6430,2025,31240885,Ataléia,199,23.809523809523807,🟢 Baixo Risco,0,0,1
6431,2025,31241059,Araxá,224,23.809523809523807,🟢 Baixo Risco,0,0,1
6432,2025,31241067,Araxá,140,23.809523809523807,🟢 Baixo Risco,0,0,1
6433,2025,31241091,Uberaba,253,23.809523809523807,🟢 Baixo Risco,0,0,1
6434,2025,31241393,Varginha,173,23.809523809523807,🟢 Baixo Risco,0,0,1
6435,2025,31237671,Janaúba,396,23.809523809523807,🟢 Baixo Risco,0,0,1
6436,2025,31237876,Curral de Dentro,312,23.809523809523807,🟢 Baixo Risco,0,0,1
6437,2025,31238210,Machacalis,155,23.809523809523807,🟢 Baixo Risco,0,0,1
6438,2025,31236764,Sabará,283,23.809523809523807,🟢 Baixo Risco,0,0,1
6439,2025,31236799,Contagem,1042,23.809523809523807,🟢 Baixo Risco,0,0,1
6440,2025,31219061,Maravilhas,593,23.809523809523807,🟢 Baixo Risco,0,0,1
6441,2025,31236861,Pedro Leopoldo,279,23.809523809523807,🟢 Baixo Risco,0,0,1
6442,2025,31084247,Brasília de Minas,57,23.809523809523807,🟢 Baixo Risco,0,0,1
6443,2025,31084328,Japonvar,110,23.809523809523807,🟢 Baixo Risco,0,0,1
6444,2025,31240494,Esmeraldas,200,23.809523809523807,🟢 Baixo Risco,0,0,1
6445,2025,31240621,Engenheiro Caldas,297,23.809523809523807,🟢 Baixo Risco,0,0,1
6446,2025,31218197,Rio Pardo de Minas,138,23.809523809523807,🟢 Baixo Risco,0,0,1
6447,2025,31218341,Jaboticatubas,464,23.809523809523807,🟢 Baixo Risco,0,0,1
6448,2025,31218359,Santa Luzia,544,23.809523809523807,🟢 Baixo Risco,0,0,1
6449,2025,31239429,Pedras de Maria da Cruz,119,23.809523809523807,🟢 Baixo Risco,0,0,1
6450,2025,31239437,Prudente de Morais,97,23.809523809523807,🟢 Baixo Risco,0,0,1
6451,2025,31085766,São João do Pacuí,14,23.809523809523807,🟢 Baixo Risco,0,0,1
6452,2025,31237108,Manga,106,23.809523809523807,🟢 Baixo Risco,0,0,1
6453,2025,31237183,Palmópolis,257,23.809523809523807,🟢 Baixo Risco,0,0,1
6454,2025,31098191,Leopoldina,590,23.809523809523807,🟢 Baixo Risco,0,0,1
6455,2025,31098248,Leopoldina,14,23.809523809523807,🟢 Baixo Risco,0,0,1
6456,2025,31098264,Leopoldina,439,23.809523809523807,🟢 Baixo Risco,0,0,1
6457,2025,31086428,Espinosa,148,23.809523809523807,🟢 Baixo Risco,0,0,1
6458,2025,31085006,Capitão Enéas,283,23.809523809523807,🟢 Baixo Risco,0,0,1
6459,2025,31085022,Capitão Enéas,266,23.809523809523807,🟢 Baixo Risco,0,0,1
6460,2025,31239275,Coração de Jesus,113,23.809523809523807,🟢 Baixo Risco,0,0,1
6461,2025,31237329,Almenara,302,23.809523809523807,🟢 Baixo Risco,0,0,1
6462,2025,31237337,Almenara,335,23.809523809523807,🟢 Baixo Risco,0,0,1
6463,2025,31237345,Almenara,232,23.809523809523807,🟢 Baixo Risco,0,0,1
6464,2025,31237396,Bocaiúva,60,23.809523809523807,🟢 Baixo Risco,0,0,1
6465,2025,31237400,Bocaiúva,280,23.809523809523807,🟢 Baixo Risco,0,0,1
6466,2025,31237493,Bocaiúva,9,23.809523809523807,🟢 Baixo Risco,0,0,1
6467,2025,31087327,Grão Mogol,33,23.809523809523807,🟢 Baixo Risco,0,0,1
6468,2025,31236039,Itambacuri,204,23.809523809523807,🟢 Baixo Risco,0,0,1
6469,2025,31236381,Paracatu,560,23.809523809523807,🟢 Baixo Risco,0,0,1
6470,2025,31087645,Padre Carvalho,52,23.809523809523807,🟢 Baixo Risco,0,0,1
6471,2025,31219487,Sete Lagoas,192,23.809523809523807,🟢 Baixo Risco,0,0,1
6472,2025,31219495,Sete Lagoas,404,23.809523809523807,🟢 Baixo Risco,0,0,1
6473,2025,31219525,Alpinópolis,168,23.809523809523807,🟢 Baixo Risco,0,0,1
6474,2025,31219959,Almenara,263,23.809523809523807,🟢 Baixo Risco,0,0,1
6475,2025,31085057,Capitão Enéas,53,23.809523809523807,🟢 Baixo Risco,0,0,1
6476,2025,31085065,Capitão Enéas,94,23.809523809523807,🟢 Baixo Risco,0,0,1
6477,2025,31085146,Claro dos Poções,16,23.809523809523807,🟢 Baixo Risco,0,0,1
6478,2025,31085367,São João do Pacuí,33,23.809523809523807,🟢 Baixo Risco,0,0,1
6479,2025,31085456,Coração de Jesus,8,23.809523809523807,🟢 Baixo Risco,0,0,1
6480,2025,31085618,Coração de Jesus,30,23.809523809523807,🟢 Baixo Risco,0,0,1
6481,2025,31085634,Coração de Jesus,69,23.809523809523807,🟢 Baixo Risco,0,0,1
6482,2025,31085677,Coração de Jesus,36,23.809523809523807,🟢 Baixo Risco,0,0,1
6483,2025,31088234,Verdelândia,106,23.809523809523807,🟢 Baixo Risco,0,0,1
6484,2025,31235695,Cantagalo,287,23.809523809523807,🟢 Baixo Risco,0,0,1
6485,2025,31235717,Felixlândia,218,23.809523809523807,🟢 Baixo Risco,0,0,1
6486,2025,31228583,Nanuque,206,23.809523809523807,🟢 Baixo Risco,0,0,1
6487,2025,31220833,Paracatu,188,23.809523809523807,🟢 Baixo Risco,0,0,1
6488,2025,31219452,Fortuna de Minas,102,23.809523809523807,🟢 Baixo Risco,0,0,1
6489,2025,31234869,Campo do Meio,123,23.809523809523807,🟢 Baixo Risco,0,0,1
6490,2025,31234885,Formiga,139,23.809523809523807,🟢 Baixo Risco,0,0,1
6491,2025,31086657,Mamonas,424,23.809523809523807,🟢 Baixo Risco,0,0,1
6492,2025,31236586,Viçosa,311,23.809523809523807,🟢 Baixo Risco,0,0,1
6493,2025,31236667,Itinga,210,23.809523809523807,🟢 Baixo Risco,0,0,1
6494,2025,31236730,São José da Lapa,365,23.809523809523807,🟢 Baixo Risco,0,0,1
6495,2025,31235881,Conceição do Pará,127,23.809523809523807,🟢 Baixo Risco,0,0,1
6496,2025,31086797,Francisco Dumont,79,23.809523809523807,🟢 Baixo Risco,0,0,1
6497,2025,31086851,Francisco Sá,61,23.809523809523807,🟢 Baixo Risco,0,0,1
6498,2025,31087262,Francisco Sá,125,23.809523809523807,🟢 Baixo Risco,0,0,1
6499,2025,31234621,Santa Bárbara,611,23.809523809523807,🟢 Baixo Risco,0,0,1
6500,2025,31234656,Ipatinga,274,23.809523809523807,🟢 Baixo Risco,0,0,1
6501,2025,31234681,Conceição das Alagoas,652,23.809523809523807,🟢 Baixo Risco,0,0,1
6502,2025,31088382,Jequitaí,19,23.809523809523807,🟢 Baixo Risco,0,0,1
6503,2025,31088781,Lassance,20,23.809523809523807,🟢 Baixo Risco,0,0,1
6504,2025,31221007,Nova Lima,79,23.809523809523807,🟢 Baixo Risco,0,0,1
6505,2025,31221431,Matozinhos,435,23.809523809523807,🟢 Baixo Risco,0,0,1
6506,2025,31221562,Conselheiro Lafaiete,1493,23.809523809523807,🟢 Baixo Risco,0,0,1
6507,2025,31087688,Ibiaí,24,23.809523809523807,🟢 Baixo Risco,0,0,1
6508,2025,31087700,Ibiaí,23,23.809523809523807,🟢 Baixo Risco,0,0,1
6509,2025,31087904,Janaúba,45,23.809523809523807,🟢 Baixo Risco,0,0,1
6510,2025,31087939,Janaúba,311,23.809523809523807,🟢 Baixo Risco,0,0,1
6511,2025,31087980,Janaúba,56,23.809523809523807,🟢 Baixo Risco,0,0,1
6512,2025,31088137,Janaúba,410,23.809523809523807,🟢 Baixo Risco,0,0,1
6513,2025,31088188,Janaúba,72,23.809523809523807,🟢 Baixo Risco,0,0,1
6514,2025,31088200,Janaúba,17,23.809523809523807,🟢 Baixo Risco,0,0,1
6515,2025,31090140,Montes Claros,265,23.809523809523807,🟢 Baixo Risco,0,0,1
6516,2025,31233323,Sete Lagoas,328,23.809523809523807,🟢 Baixo Risco,0,0,1
6517,2025,31233331,Sete Lagoas,229,23.809523809523807,🟢 Baixo Risco,0,0,1
6518,2025,31233366,Belo Horizonte,644,23.809523809523807,🟢 Baixo Risco,0,0,1
6519,2025,31233595,Ipaba,12,23.809523809523807,🟢 Baixo Risco,0,0,1
6520,2025,31090450,Montes Claros,242,23.809523809523807,🟢 Baixo Risco,0,0,1
6521,2025,31222691,Cambuquira,160,23.809523809523807,🟢 Baixo Risco,0,0,1
6522,2025,31222739,Formiga,182,23.809523809523807,🟢 Baixo Risco,0,0,1
6523,2025,31222747,Formiga,286,23.809523809523807,🟢 Baixo Risco,0,0,1
6524,2025,31235148,Itabira,95,23.809523809523807,🟢 Baixo Risco,0,0,1
6525,2025,31235172,Muriaé,315,23.809523809523807,🟢 Baixo Risco,0,0,1
6526,2025,31235491,Conceição do Pará,75,23.809523809523807,🟢 Baixo Risco,0,0,1
6527,2025,31233790,São Romão,252,23.809523809523807,🟢 Baixo Risco,0,0,1
6528,2025,31233803,Ibiaí,116,23.809523809523807,🟢 Baixo Risco,0,0,1
6529,2025,31234320,Montalvânia,616,23.809523809523807,🟢 Baixo Risco,0,0,1
6530,2025,31234516,Gonçalves,155,23.809523809523807,🟢 Baixo Risco,0,0,1
6531,2025,31223000,Contagem,740,23.809523809523807,🟢 Baixo Risco,0,0,1
6532,2025,31097349,Cataguases,549,23.809523809523807,🟢 Baixo Risco,0,0,1
6533,2025,31220981,Contagem,1013,23.809523809523807,🟢 Baixo Risco,0,0,1
6534,2025,31220990,Contagem,775,23.809523809523807,🟢 Baixo Risco,0,0,1
6535,2025,31097438,Cataguases,122,23.809523809523807,🟢 Baixo Risco,0,0,1
6536,2025,31097462,Cataguases,72,23.809523809523807,🟢 Baixo Risco,0,0,1
6537,2025,31097471,Cataguases,265,23.809523809523807,🟢 Baixo Risco,0,0,1
6538,2025,31223042,Contagem,433,23.809523809523807,🟢 Baixo Risco,0,0,1
6539,2025,31222470,Sabará,537,23.809523809523807,🟢 Baixo Risco,0,0,1
6540,2025,31221660,Pirapora,73,23.809523809523807,🟢 Baixo Risco,0,0,1
6541,2025,31221678,Pirapora,435,23.809523809523807,🟢 Baixo Risco,0,0,1
6542,2025,31222321,Lima Duarte,90,23.809523809523807,🟢 Baixo Risco,0,0,1
6543,2025,31000647,Belo Horizonte,294,23.809523809523807,🟢 Baixo Risco,0,0,1
6544,2025,31089630,Monte Azul,78,23.809523809523807,🟢 Baixo Risco,0,0,1
6545,2025,31233722,Uberlândia,122,23.809523809523807,🟢 Baixo Risco,0,0,1
6546,2025,31233731,Tupaciguara,782,23.809523809523807,🟢 Baixo Risco,0,0,1
6547,2025,31091235,Nova Porteirinha,233,23.809523809523807,🟢 Baixo Risco,0,0,1
6548,2025,31091324,Pai Pedro,192,23.809523809523807,🟢 Baixo Risco,0,0,1
6549,2025,31091448,Pai Pedro,111,23.809523809523807,🟢 Baixo Risco,0,0,1
6550,2025,31091529,Serranópolis de Minas,57,23.809523809523807,🟢 Baixo Risco,0,0,1
6551,2025,31090174,Montes Claros,315,23.809523809523807,🟢 Baixo Risco,0,0,1
6552,2025,31090344,Montes Claros,38,23.809523809523807,🟢 Baixo Risco,0,0,1
6553,2025,31223182,Contagem,278,23.809523809523807,🟢 Baixo Risco,0,0,1
6554,2025,31223484,Muriaé,273,23.809523809523807,🟢 Baixo Risco,0,0,1
6555,2025,31223654,Belo Horizonte,564,23.809523809523807,🟢 Baixo Risco,0,0,1
6556,2025,31222755,Formiga,156,23.809523809523807,🟢 Baixo Risco,0,0,1
6557,2025,31222798,Piumhi,171,23.809523809523807,🟢 Baixo Risco,0,0,1
6558,2025,31222852,Esmeraldas,165,23.809523809523807,🟢 Baixo Risco,0,0,1
6559,2025,31222861,Esmeraldas,259,23.809523809523807,🟢 Baixo Risco,0,0,1
6560,2025,31222879,Esmeraldas,876,23.809523809523807,🟢 Baixo Risco,0,0,1
6561,2025,31222984,Contagem,543,23.809523809523807,🟢 Baixo Risco,0,0,1
6562,2025,31222992,Contagem,348,23.809523809523807,🟢 Baixo Risco,0,0,1
6563,2025,31231959,Belo Horizonte,410,23.809523809523807,🟢 Baixo Risco,0,0,1
6564,2025,31230383,Montes Claros,198,23.809523809523807,🟢 Baixo Risco,0,0,1
6565,2025,31230391,Montes Claros,176,23.809523809523807,🟢 Baixo Risco,0,0,1
6566,2025,31231304,Contagem,1158,23.809523809523807,🟢 Baixo Risco,0,0,1
6567,2025,31231339,São Domingos do Prata,201,23.809523809523807,🟢 Baixo Risco,0,0,1
6568,2025,31231355,Ipatinga,465,23.809523809523807,🟢 Baixo Risco,0,0,1
6569,2025,31231380,Ipatinga,312,23.809523809523807,🟢 Baixo Risco,0,0,1
6570,2025,31231673,Ibirité,267,23.809523809523807,🟢 Baixo Risco,0,0,1
6571,2025,31229482,Mar de Espanha,202,23.809523809523807,🟢 Baixo Risco,0,0,1
6572,2025,31090808,Pirapora,653,23.809523809523807,🟢 Baixo Risco,0,0,1
6573,2025,31232416,São Domingos do Prata,28,23.809523809523807,🟢 Baixo Risco,0,0,1
6574,2025,31232491,Poços de Caldas,854,23.809523809523807,🟢 Baixo Risco,0,0,1
6575,2025,31232645,Presidente Olegário,145,23.809523809523807,🟢 Baixo Risco,0,0,1
6576,2025,31089702,Monte Azul,42,23.809523809523807,🟢 Baixo Risco,0,0,1
6577,2025,31089958,Montes Claros,592,23.809523809523807,🟢 Baixo Risco,0,0,1
6578,2025,31091138,Porteirinha,19,23.809523809523807,🟢 Baixo Risco,0,0,1
6579,2025,31091766,Riacho dos Machados,171,23.809523809523807,🟢 Baixo Risco,0,0,1
6580,2025,31091928,Riacho dos Machados,580,23.809523809523807,🟢 Baixo Risco,0,0,1
6581,2025,31092011,Rio Pardo de Minas,151,23.809523809523807,🟢 Baixo Risco,0,0,1
6582,2025,31092045,Indaiabira,129,23.809523809523807,🟢 Baixo Risco,0,0,1
6583,2025,31092096,Rio Pardo de Minas,139,23.809523809523807,🟢 Baixo Risco,0,0,1
6584,2025,31092118,Rio Pardo de Minas,39,23.809523809523807,🟢 Baixo Risco,0,0,1
6585,2025,31092169,Indaiabira,46,23.809523809523807,🟢 Baixo Risco,0,0,1
6586,2025,31093271,Novorizonte,192,23.809523809523807,🟢 Baixo Risco,0,0,1
6587,2025,31224596,Boa Esperança,189,23.809523809523807,🟢 Baixo Risco,0,0,1
6588,2025,31224685,Elói Mendes,119,23.809523809523807,🟢 Baixo Risco,0,0,1
6589,2025,31223981,Piumhi,162,23.809523809523807,🟢 Baixo Risco,0,0,1
6590,2025,31223999,Varzelândia,144,23.809523809523807,🟢 Baixo Risco,0,0,1
6591,2025,31232025,Belo Horizonte,213,23.809523809523807,🟢 Baixo Risco,0,0,1
6592,2025,31232254,Itabira,61,23.809523809523807,🟢 Baixo Risco,0,0,1
6593,2025,31231703,Igarapé,565,23.809523809523807,🟢 Baixo Risco,0,0,1
6594,2025,31231827,Urucânia,442,23.809523809523807,🟢 Baixo Risco,0,0,1
6595,2025,31093459,Santa Cruz de Salinas,79,23.809523809523807,🟢 Baixo Risco,0,0,1
6596,2025,31093670,Santa Fé de Minas,201,23.809523809523807,🟢 Baixo Risco,0,0,1
6597,2025,31092185,Rio Pardo de Minas,48,23.809523809523807,🟢 Baixo Risco,0,0,1
6598,2025,31092631,Rubelita,70,23.809523809523807,🟢 Baixo Risco,0,0,1
6599,2025,31092649,Rubelita,50,23.809523809523807,🟢 Baixo Risco,0,0,1
6600,2025,31092983,Fruta de Leite,239,23.809523809523807,🟢 Baixo Risco,0,0,1
6601,2025,31228371,Itaobim,517,23.809523809523807,🟢 Baixo Risco,0,0,1
6602,2025,31228460,Novo Oriente de Minas,143,23.809523809523807,🟢 Baixo Risco,0,0,1
6603,2025,31226432,São Joaquim de Bicas,1263,23.809523809523807,🟢 Baixo Risco,0,0,1
6604,2025,31226467,Raposos,17,23.809523809523807,🟢 Baixo Risco,0,0,1
6605,2025,31229598,Jequitibá,91,23.809523809523807,🟢 Baixo Risco,0,0,1
6606,2025,31000671,Belo Horizonte,342,23.809523809523807,🟢 Baixo Risco,0,0,1
6607,2025,31223174,Contagem,304,23.809523809523807,🟢 Baixo Risco,0,0,1
6608,2025,31229636,Ipatinga,562,23.809523809523807,🟢 Baixo Risco,0,0,1
6609,2025,31091651,Riacho dos Machados,88,23.809523809523807,🟢 Baixo Risco,0,0,1
6610,2025,31091758,Riacho dos Machados,82,23.809523809523807,🟢 Baixo Risco,0,0,1
6611,2025,31096610,Antônio Prado de Minas,7,23.809523809523807,🟢 Baixo Risco,0,0,1
6612,2025,31228711,Uberlândia,875,23.809523809523807,🟢 Baixo Risco,0,0,1
6613,2025,31228761,Uberlândia,1095,23.809523809523807,🟢 Baixo Risco,0,0,1
6614,2025,31229377,São João Nepomuceno,44,23.809523809523807,🟢 Baixo Risco,0,0,1
6615,2025,31229440,Arantina,57,23.809523809523807,🟢 Baixo Risco,0,0,1
6616,2025,31227919,Formiga,395,23.809523809523807,🟢 Baixo Risco,0,0,1
6617,2025,31227927,Formiga,532,23.809523809523807,🟢 Baixo Risco,0,0,1
6618,2025,31096814,Carangola,242,23.809523809523807,🟢 Baixo Risco,0,0,1
6619,2025,31096822,Carangola,102,23.809523809523807,🟢 Baixo Risco,0,0,1
6620,2025,31096890,Carangola,397,23.809523809523807,🟢 Baixo Risco,0,0,1
6621,2025,31227013,Carmópolis de Minas,731,23.809523809523807,🟢 Baixo Risco,0,0,1
6622,2025,31127329,Poços de Caldas,2046,23.809523809523807,🟢 Baixo Risco,0,0,1
6623,2025,31127361,Poços de Caldas,99,23.809523809523807,🟢 Baixo Risco,0,0,1
6624,2025,31127396,Poços de Caldas,204,23.809523809523807,🟢 Baixo Risco,0,0,1
6625,2025,31127469,Poços de Caldas,92,23.809523809523807,🟢 Baixo Risco,0,0,1
6626,2025,31227595,Montes Claros,822,23.809523809523807,🟢 Baixo Risco,0,0,1
6627,2025,31227846,Muriaé,255,23.809523809523807,🟢 Baixo Risco,0,0,1
6628,2025,31226378,Contagem,1127,23.809523809523807,🟢 Baixo Risco,0,0,1
6629,2025,31389326,Unaí,71,23.809523809523807,🟢 Baixo Risco,0,0,1
6630,2025,31001040,Belo Horizonte,200,23.809523809523807,🟢 Baixo Risco,0,0,1
6631,2025,31001295,Belo Horizonte,351,23.809523809523807,🟢 Baixo Risco,0,0,1
6632,2025,31389021,Camanducaia,78,23.809523809523807,🟢 Baixo Risco,0,0,1
6633,2025,31389048,Mutum,149,23.809523809523807,🟢 Baixo Risco,0,0,1
6634,2025,31128473,Cajuri,110,23.809523809523807,🟢 Baixo Risco,0,0,1
6635,2025,31389064,Patrocínio,153,23.809523809523807,🟢 Baixo Risco,0,0,1
6636,2025,31389080,Vazante,134,23.809523809523807,🟢 Baixo Risco,0,0,1
6637,2025,31227048,Itaúna,61,23.809523809523807,🟢 Baixo Risco,0,0,1
6638,2025,31226386,Contagem,1072,23.809523809523807,🟢 Baixo Risco,0,0,1
6639,2025,31094943,Ninheira,122,23.809523809523807,🟢 Baixo Risco,0,0,1
6640,2025,31228150,Paracatu,573,23.809523809523807,🟢 Baixo Risco,0,0,1
6641,2025,31227463,Santos Dumont,247,23.809523809523807,🟢 Baixo Risco,0,0,1
6642,2025,31227587,Janaúba,53,23.809523809523807,🟢 Baixo Risco,0,0,1
6643,2025,31389408,São Roque de Minas,53,19.047619047619047,🟢 Baixo Risco,0,1,0
6644,2025,31389410,Janaúba,56,19.047619047619047,🟢 Baixo Risco,0,1,0
6645,2025,31389436,Uberaba,21,19.047619047619047,🟢 Baixo Risco,0,1,0
6646,2025,31125318,Andradas,147,19.047619047619047,🟢 Baixo Risco,0,1,0
6647,2025,31125741,Caldas,81,19.047619047619047,🟢 Baixo Risco,0,1,0
6648,2025,31389384,Grão Mogol,71,19.047619047619047,🟢 Baixo Risco,0,1,0
6649,2025,31389386,Coroaci,30,19.047619047619047,🟢 Baixo Risco,0,1,0
6650,2025,31389389,Juiz de Fora,77,19.047619047619047,🟢 Baixo Risco,0,1,0
6651,2025,31389355,Uberlândia,76,19.047619047619047,🟢 Baixo Risco,0,1,0
6652,2025,31389357,Itanhomi,24,19.047619047619047,🟢 Baixo Risco,0,1,0
6653,2025,31389364,Santo Antônio do Monte,19,19.047619047619047,🟢 Baixo Risco,0,1,0
6654,2025,31389375,Boa Esperança,51,19.047619047619047,🟢 Baixo Risco,0,1,0
6655,2025,31389383,Uberlândia,62,19.047619047619047,🟢 Baixo Risco,0,1,0
6656,2025,31096563,Além Paraíba,139,19.047619047619047,🟢 Baixo Risco,0,1,0
6657,2025,31128236,Alvinópolis,41,19.047619047619047,🟢 Baixo Risco,0,1,0
6658,2025,31389430,Carmópolis de Minas,90,19.047619047619047,🟢 Baixo Risco,0,1,0
6659,2025,31389348,Juiz de Fora,16,19.047619047619047,🟢 Baixo Risco,0,1,0
6660,2025,31389351,Serranópolis de Minas,33,19.047619047619047,🟢 Baixo Risco,0,1,0
6661,2025,31389319,Boa Esperança,46,19.047619047619047,🟢 Baixo Risco,0,1,0
6662,2025,31389324,Santa Rita do Itueto,25,19.047619047619047,🟢 Baixo Risco,0,1,0
6663,2025,31389327,Uberaba,41,19.047619047619047,🟢 Baixo Risco,0,1,0
6664,2025,31389330,Mutum,22,19.047619047619047,🟢 Baixo Risco,0,1,0
6665,2025,31389337,Cambuí,79,19.047619047619047,🟢 Baixo Risco,0,1,0
6666,2025,31389339,Lassance,50,19.047619047619047,🟢 Baixo Risco,0,1,0
6667,2025,31389308,Santa Fé de Minas,22,19.047619047619047,🟢 Baixo Risco,0,1,0
6668,2025,31389310,Caraí,118,19.047619047619047,🟢 Baixo Risco,0,1,0
6669,2025,31389311,Uberaba,57,19.047619047619047,🟢 Baixo Risco,0,1,0
6670,2025,31227251,Conceição dos Ouros,155,19.047619047619047,🟢 Baixo Risco,0,1,0
6671,2025,31227382,Bonito de Minas,10,19.047619047619047,🟢 Baixo Risco,0,1,0
6672,2025,31227480,Juiz de Fora,362,19.047619047619047,🟢 Baixo Risco,0,1,0
6673,2025,31227498,Juiz de Fora,434,19.047619047619047,🟢 Baixo Risco,0,1,0
6674,2025,31227099,Divinópolis,338,19.047619047619047,🟢 Baixo Risco,0,1,0
6675,2025,31227153,Governador Valadares,505,19.047619047619047,🟢 Baixo Risco,0,1,0
6676,2025,31096105,Várzea da Palma,276,19.047619047619047,🟢 Baixo Risco,0,1,0
6677,2025,31096113,Várzea da Palma,21,19.047619047619047,🟢 Baixo Risco,0,1,0
6678,2025,31389300,São João da Ponte,65,19.047619047619047,🟢 Baixo Risco,0,1,0
6679,2025,31389304,Governador Valadares,26,19.047619047619047,🟢 Baixo Risco,0,1,0
6680,2025,31389271,Inhapim,21,19.047619047619047,🟢 Baixo Risco,0,1,0
6681,2025,31389278,Pai Pedro,46,19.047619047619047,🟢 Baixo Risco,0,1,0
6682,2025,31389283,Frutal,156,19.047619047619047,🟢 Baixo Risco,0,1,0
6683,2025,31389284,Uberaba,23,19.047619047619047,🟢 Baixo Risco,0,1,0
6684,2025,31389286,Chapada do Norte,43,19.047619047619047,🟢 Baixo Risco,0,1,0
6685,2025,31389295,Guaranésia,22,19.047619047619047,🟢 Baixo Risco,0,1,0
6686,2025,31226947,Pará de Minas,754,19.047619047619047,🟢 Baixo Risco,0,1,0
6687,2025,31095711,Berizal,106,19.047619047619047,🟢 Baixo Risco,0,1,0
6688,2025,31096008,Várzea da Palma,7,19.047619047619047,🟢 Baixo Risco,0,1,0
6689,2025,31094293,São João da Ponte,291,19.047619047619047,🟢 Baixo Risco,0,1,0
6690,2025,31388149,Monsenhor Paulo,100,19.047619047619047,🟢 Baixo Risco,0,1,0
6691,2025,31128872,Piedade de Ponte Nova,494,19.047619047619047,🟢 Baixo Risco,0,1,0
6692,2025,31387568,Extrema,389,19.047619047619047,🟢 Baixo Risco,0,1,0
6693,2025,31386936,Itabirito,460,19.047619047619047,🟢 Baixo Risco,0,1,0
6694,2025,31387045,Itabirito,254,19.047619047619047,🟢 Baixo Risco,0,1,0
6695,2025,31129216,Raul Soares,261,19.047619047619047,🟢 Baixo Risco,0,1,0
6696,2025,31386022,Montes Claros,254,19.047619047619047,🟢 Baixo Risco,0,1,0
6697,2025,31124982,Senador José Bento,42,19.047619047619047,🟢 Baixo Risco,0,1,0
6698,2025,31228591,Teófilo Otoni,2091,19.047619047619047,🟢 Baixo Risco,0,1,0
6699,2025,31096920,Carangola,206,19.047619047619047,🟢 Baixo Risco,0,1,0
6700,2025,31384216,Santa Rita do Sapucaí,542,19.047619047619047,🟢 Baixo Risco,0,1,0
6701,2025,31384470,Piumhi,134,19.047619047619047,🟢 Baixo Risco,0,1,0
6702,2025,31384542,Jacutinga,290,19.047619047619047,🟢 Baixo Risco,0,1,0
6703,2025,31129496,Santa Cruz do Escalvado,85,19.047619047619047,🟢 Baixo Risco,0,1,0
6704,2025,31129500,Santa Cruz do Escalvado,65,19.047619047619047,🟢 Baixo Risco,0,1,0
6705,2025,31382922,Coqueiral,98,19.047619047619047,🟢 Baixo Risco,0,1,0
6706,2025,31382930,Coqueiral,327,19.047619047619047,🟢 Baixo Risco,0,1,0
6707,2025,31382582,Santana do Riacho,164,19.047619047619047,🟢 Baixo Risco,0,1,0
6708,2025,31382604,Rio Pomba,347,19.047619047619047,🟢 Baixo Risco,0,1,0
6709,2025,31382175,Coronel Fabriciano,465,19.047619047619047,🟢 Baixo Risco,0,1,0
6710,2025,31382191,Coronel Fabriciano,154,19.047619047619047,🟢 Baixo Risco,0,1,0
6711,2025,31382230,São Gotardo,667,19.047619047619047,🟢 Baixo Risco,0,1,0
6712,2025,31382256,Mateus Leme,910,19.047619047619047,🟢 Baixo Risco,0,1,0
6713,2025,31382272,Mateus Leme,195,19.047619047619047,🟢 Baixo Risco,0,1,0
6714,2025,31093921,São João da Ponte,62,19.047619047619047,🟢 Baixo Risco,0,1,0
6715,2025,31093076,Salinas,52,19.047619047619047,🟢 Baixo Risco,0,1,0
6716,2025,31226459,Nova Lima,843,19.047619047619047,🟢 Baixo Risco,0,1,0
6717,2025,31224502,São Bento Abade,343,19.047619047619047,🟢 Baixo Risco,0,1,0
6718,2025,31381861,Várzea da Palma,308,19.047619047619047,🟢 Baixo Risco,0,1,0
6719,2025,31124371,Congonhal,595,19.047619047619047,🟢 Baixo Risco,0,1,0
6720,2025,31381594,Monsenhor Paulo,219,19.047619047619047,🟢 Baixo Risco,0,1,0
6721,2025,31381314,Santana do Deserto,109,19.047619047619047,🟢 Baixo Risco,0,1,0
6722,2025,31380903,Ribeirão das Neves,428,19.047619047619047,🟢 Baixo Risco,0,1,0
6723,2025,31380920,Ribeirão das Neves,941,19.047619047619047,🟢 Baixo Risco,0,1,0
6724,2025,31380938,Ribeirão das Neves,433,19.047619047619047,🟢 Baixo Risco,0,1,0
6725,2025,31131041,Sem-Peixe,13,19.047619047619047,🟢 Baixo Risco,0,1,0
6726,2025,31124125,Cabo Verde,85,19.047619047619047,🟢 Baixo Risco,0,1,0
6727,2025,31380385,Caratinga,723,19.047619047619047,🟢 Baixo Risco,0,1,0
6728,2025,31133388,Viçosa,131,19.047619047619047,🟢 Baixo Risco,0,1,0
6729,2025,31224235,São Gonçalo do Pará,389,19.047619047619047,🟢 Baixo Risco,0,1,0
6730,2025,31226203,Juiz de Fora,598,19.047619047619047,🟢 Baixo Risco,0,1,0
6731,2025,31379069,Brazópolis,69,19.047619047619047,🟢 Baixo Risco,0,1,0
6732,2025,31379123,São João Nepomuceno,18,19.047619047619047,🟢 Baixo Risco,0,1,0
6733,2025,31134058,Ijaci,118,19.047619047619047,🟢 Baixo Risco,0,1,0
6734,2025,31124141,Caldas,447,19.047619047619047,🟢 Baixo Risco,0,1,0
6735,2025,31378712,Caratinga,272,19.047619047619047,🟢 Baixo Risco,0,1,0
6736,2025,31378194,Águas Vermelhas,372,19.047619047619047,🟢 Baixo Risco,0,1,0
6737,2025,31134422,Santo Antônio do Amparo,412,19.047619047619047,🟢 Baixo Risco,0,1,0
6738,2025,31134490,Santo Antônio do Amparo,583,19.047619047619047,🟢 Baixo Risco,0,1,0
6739,2025,31133795,Bom Sucesso,401,19.047619047619047,🟢 Baixo Risco,0,1,0
6740,2025,31377643,Extrema,1056,19.047619047619047,🟢 Baixo Risco,0,1,0
6741,2025,31376302,Varginha,360,19.047619047619047,🟢 Baixo Risco,0,1,0
6742,2025,31376345,Monsenhor Paulo,88,19.047619047619047,🟢 Baixo Risco,0,1,0
6743,2025,31135275,Dores de Campos,15,19.047619047619047,🟢 Baixo Risco,0,1,0
6744,2025,31135968,Resende Costa,294,19.047619047619047,🟢 Baixo Risco,0,1,0
6745,2025,31123757,Andradas,311,19.047619047619047,🟢 Baixo Risco,0,1,0
6746,2025,31123803,Areado,254,19.047619047619047,🟢 Baixo Risco,0,1,0
6747,2025,31123854,Areado,283,19.047619047619047,🟢 Baixo Risco,0,1,0
6748,2025,31373222,São Gotardo,27,19.047619047619047,🟢 Baixo Risco,0,1,0
6749,2025,31008290,Caeté,218,19.047619047619047,🟢 Baixo Risco,0,1,0
6750,2025,31008311,Caeté,157,19.047619047619047,🟢 Baixo Risco,0,1,0
6751,2025,31008346,Caeté,120,19.047619047619047,🟢 Baixo Risco,0,1,0
6752,2025,31008443,Caeté,43,19.047619047619047,🟢 Baixo Risco,0,1,0
6753,2025,31008478,Caeté,167,19.047619047619047,🟢 Baixo Risco,0,1,0
6754,2025,31123684,Alterosa,605,19.047619047619047,🟢 Baixo Risco,0,1,0
6755,2025,31123722,Andradas,56,19.047619047619047,🟢 Baixo Risco,0,1,0
6756,2025,31370436,Paraisópolis,237,19.047619047619047,🟢 Baixo Risco,0,1,0
6757,2025,31369535,Maria da Fé,422,19.047619047619047,🟢 Baixo Risco,0,1,0
6758,2025,31369802,Carmésia,34,19.047619047619047,🟢 Baixo Risco,0,1,0
6759,2025,31370002,Itabira,593,19.047619047619047,🟢 Baixo Risco,0,1,0
6760,2025,31139904,São Sebastião do Paraíso,734,19.047619047619047,🟢 Baixo Risco,0,1,0
6761,2025,31123137,São Gotardo,6,19.047619047619047,🟢 Baixo Risco,0,1,0
6762,2025,31123617,Albertina,374,19.047619047619047,🟢 Baixo Risco,0,1,0
6763,2025,31369500,Mutum,75,19.047619047619047,🟢 Baixo Risco,0,1,0
6764,2025,31369314,São Sebastião do Oeste,713,19.047619047619047,🟢 Baixo Risco,0,1,0
6765,2025,31009458,Lagoa Santa,439,19.047619047619047,🟢 Baixo Risco,0,1,0
6766,2025,31009474,Lagoa Santa,572,19.047619047619047,🟢 Baixo Risco,0,1,0
6767,2025,31368377,Extrema,911,19.047619047619047,🟢 Baixo Risco,0,1,0
6768,2025,31368393,Rio Pomba,165,19.047619047619047,🟢 Baixo Risco,0,1,0
6769,2025,31367451,São Gotardo,26,19.047619047619047,🟢 Baixo Risco,0,1,0
6770,2025,31140899,Curvelo,142,19.047619047619047,🟢 Baixo Risco,0,1,0
6771,2025,31367443,São Gotardo,13,19.047619047619047,🟢 Baixo Risco,0,1,0
6772,2025,31009687,Pedro Leopoldo,189,19.047619047619047,🟢 Baixo Risco,0,1,0
6773,2025,31367044,Cabeceira Grande,193,19.047619047619047,🟢 Baixo Risco,0,1,0
6774,2025,31010154,Ribeirão das Neves,483,19.047619047619047,🟢 Baixo Risco,0,1,0
6775,2025,31366978,Araguari,81,19.047619047619047,🟢 Baixo Risco,0,1,0
6776,2025,31366471,Jacutinga,73,19.047619047619047,🟢 Baixo Risco,0,1,0
6777,2025,31223972,Juiz de Fora,524,19.047619047619047,🟢 Baixo Risco,0,1,0
6778,2025,31365963,Contagem,222,19.047619047619047,🟢 Baixo Risco,0,1,0
6779,2025,31141259,Matozinhos,572,19.047619047619047,🟢 Baixo Risco,0,1,0
6780,2025,31010723,Santa Luzia,503,19.047619047619047,🟢 Baixo Risco,0,1,0
6781,2025,31141984,Três Marias,134,19.047619047619047,🟢 Baixo Risco,0,1,0
6782,2025,31142042,Três Marias,146,19.047619047619047,🟢 Baixo Risco,0,1,0
6783,2025,31119555,São Gotardo,610,19.047619047619047,🟢 Baixo Risco,0,1,0
6784,2025,31363588,Governador Valadares,584,19.047619047619047,🟢 Baixo Risco,0,1,0
6785,2025,31363600,Governador Valadares,287,19.047619047619047,🟢 Baixo Risco,0,1,0
6786,2025,31363618,Governador Valadares,348,19.047619047619047,🟢 Baixo Risco,0,1,0
6787,2025,31363626,Governador Valadares,176,19.047619047619047,🟢 Baixo Risco,0,1,0
6788,2025,31363634,Governador Valadares,237,19.047619047619047,🟢 Baixo Risco,0,1,0
6789,2025,31363642,Governador Valadares,137,19.047619047619047,🟢 Baixo Risco,0,1,0
6790,2025,31011533,Brumadinho,33,19.047619047619047,🟢 Baixo Risco,0,1,0
6791,2025,31011631,Brumadinho,307,19.047619047619047,🟢 Baixo Risco,0,1,0
6792,2025,31362875,São Gotardo,381,19.047619047619047,🟢 Baixo Risco,0,1,0
6793,2025,31091600,Nova Porteirinha,105,19.047619047619047,🟢 Baixo Risco,0,1,0
6794,2025,31090191,Montes Claros,111,19.047619047619047,🟢 Baixo Risco,0,1,0
6795,2025,31223913,Divinópolis,350,19.047619047619047,🟢 Baixo Risco,0,1,0
6796,2025,31146170,Araçuaí,218,19.047619047619047,🟢 Baixo Risco,0,1,0
6797,2025,31146803,Itambacuri,254,19.047619047619047,🟢 Baixo Risco,0,1,0
6798,2025,31146811,Itambacuri,277,19.047619047619047,🟢 Baixo Risco,0,1,0
6799,2025,31361550,Carvalhópolis,145,19.047619047619047,🟢 Baixo Risco,0,1,0
6800,2025,31361399,Betim,214,19.047619047619047,🟢 Baixo Risco,0,1,0
6801,2025,31360880,Caeté,209,19.047619047619047,🟢 Baixo Risco,0,1,0
6802,2025,31012319,Ibirité,838,19.047619047619047,🟢 Baixo Risco,0,1,0
6803,2025,31359890,Guarani,320,19.047619047619047,🟢 Baixo Risco,0,1,0
6804,2025,31360082,Governador Valadares,573,19.047619047619047,🟢 Baixo Risco,0,1,0
6805,2025,31359688,Ibirité,101,19.047619047619047,🟢 Baixo Risco,0,1,0
6806,2025,31012726,Lagoa Santa,460,19.047619047619047,🟢 Baixo Risco,0,1,0
6807,2025,31012734,Lagoa Santa,74,19.047619047619047,🟢 Baixo Risco,0,1,0
6808,2025,31012823,Nova Lima,221,19.047619047619047,🟢 Baixo Risco,0,1,0
6809,2025,31147681,Padre Paraíso,191,19.047619047619047,🟢 Baixo Risco,0,1,0
6810,2025,31090816,Pirapora,681,19.047619047619047,🟢 Baixo Risco,0,1,0
6811,2025,31358720,Vespasiano,348,19.047619047619047,🟢 Baixo Risco,0,1,0
6812,2025,31014737,Alto Rio Doce,305,19.047619047619047,🟢 Baixo Risco,0,1,0
6813,2025,31148482,Virgem da Lapa,51,19.047619047619047,🟢 Baixo Risco,0,1,0
6814,2025,31015130,Barbacena,430,19.047619047619047,🟢 Baixo Risco,0,1,0
6815,2025,31014931,Antônio Carlos,80,19.047619047619047,🟢 Baixo Risco,0,1,0
6816,2025,31118664,Lagoa Formosa,522,19.047619047619047,🟢 Baixo Risco,0,1,0
6817,2025,31150711,Caraí,192,19.047619047619047,🟢 Baixo Risco,0,1,0
6818,2025,31117013,Fortaleza de Minas,178,19.047619047619047,🟢 Baixo Risco,0,1,0
6819,2025,31152595,Itambacuri,15,19.047619047619047,🟢 Baixo Risco,0,1,0
6820,2025,31015385,Capela Nova,4,19.047619047619047,🟢 Baixo Risco,0,1,0
6821,2025,31015440,Carandaí,199,19.047619047619047,🟢 Baixo Risco,0,1,0
6822,2025,31115665,Piumhi,79,19.047619047619047,🟢 Baixo Risco,0,1,0
6823,2025,31115673,Piumhi,397,19.047619047619047,🟢 Baixo Risco,0,1,0
6824,2025,31015890,Piedade do Rio Grande,71,19.047619047619047,🟢 Baixo Risco,0,1,0
6825,2025,31097390,Cataguases,84,19.047619047619047,🟢 Baixo Risco,0,1,0
6826,2025,31154059,Malacacheta,131,19.047619047619047,🟢 Baixo Risco,0,1,0
6827,2025,31154253,Franciscópolis,200,19.047619047619047,🟢 Baixo Risco,0,1,0
6828,2025,31015903,Piedade do Rio Grande,184,19.047619047619047,🟢 Baixo Risco,0,1,0
6829,2025,31115118,Delfinópolis,364,19.047619047619047,🟢 Baixo Risco,0,1,0
6830,2025,31016225,Senhora dos Remédios,73,19.047619047619047,🟢 Baixo Risco,0,1,0
6831,2025,31016888,Barbacena,267,19.047619047619047,🟢 Baixo Risco,0,1,0
6832,2025,31156191,Pescador,232,19.047619047619047,🟢 Baixo Risco,0,1,0
6833,2025,31017523,Carandaí,86,19.047619047619047,🟢 Baixo Risco,0,1,0
6834,2025,31354953,União de Minas,106,19.047619047619047,🟢 Baixo Risco,0,1,0
6835,2025,31354961,Extrema,472,19.047619047619047,🟢 Baixo Risco,0,1,0
6836,2025,31353957,Alterosa,325,19.047619047619047,🟢 Baixo Risco,0,1,0
6837,2025,31113875,Cabeceira Grande,247,19.047619047619047,🟢 Baixo Risco,0,1,0
6838,2025,31111350,Guarda-Mor,51,19.047619047619047,🟢 Baixo Risco,0,1,0
6839,2025,31019780,Caratinga,252,19.047619047619047,🟢 Baixo Risco,0,1,0
6840,2025,31019828,Caratinga,86,19.047619047619047,🟢 Baixo Risco,0,1,0
6841,2025,31353396,Extrema,547,19.047619047619047,🟢 Baixo Risco,0,1,0
6842,2025,31089532,Patis,41,19.047619047619047,🟢 Baixo Risco,0,1,0
6843,2025,31232874,Matias Barbosa,237,19.047619047619047,🟢 Baixo Risco,0,1,0
6844,2025,31233099,Juiz de Fora,583,19.047619047619047,🟢 Baixo Risco,0,1,0
6845,2025,31353213,Araxá,344,19.047619047619047,🟢 Baixo Risco,0,1,0
6846,2025,31020273,Dom Cavati,257,19.047619047619047,🟢 Baixo Risco,0,1,0
6847,2025,31352110,Juiz de Fora,117,19.047619047619047,🟢 Baixo Risco,0,1,0
6848,2025,31352268,Manga,261,19.047619047619047,🟢 Baixo Risco,0,1,0
6849,2025,31158607,Comendador Gomes,353,19.047619047619047,🟢 Baixo Risco,0,1,0
6850,2025,31351636,Areado,261,19.047619047619047,🟢 Baixo Risco,0,1,0
6851,2025,31020788,Pocrane,47,19.047619047619047,🟢 Baixo Risco,0,1,0
6852,2025,31020818,Pocrane,120,19.047619047619047,🟢 Baixo Risco,0,1,0
6853,2025,31020923,Tarumirim,43,19.047619047619047,🟢 Baixo Risco,0,1,0
6854,2025,31351113,Itapagipe,142,19.047619047619047,🟢 Baixo Risco,0,1,0
6855,2025,31159387,Perdizes,1033,19.047619047619047,🟢 Baixo Risco,0,1,0
6856,2025,31021024,Tarumirim,12,19.047619047619047,🟢 Baixo Risco,0,1,0
6857,2025,31021318,Bom Jesus do Galho,75,19.047619047619047,🟢 Baixo Risco,0,1,0
6858,2025,31021407,Bom Jesus do Galho,437,19.047619047619047,🟢 Baixo Risco,0,1,0
6859,2025,31021610,Caratinga,100,19.047619047619047,🟢 Baixo Risco,0,1,0
6860,2025,31021784,Dom Cavati,124,19.047619047619047,🟢 Baixo Risco,0,1,0
6861,2025,31234389,Brumadinho,116,19.047619047619047,🟢 Baixo Risco,0,1,0
6862,2025,31234664,Coronel Fabriciano,592,19.047619047619047,🟢 Baixo Risco,0,1,0
6863,2025,31234672,Varginha,1000,19.047619047619047,🟢 Baixo Risco,0,1,0
6864,2025,31221538,Ouro Fino,76,19.047619047619047,🟢 Baixo Risco,0,1,0
6865,2025,31222445,Três Pontas,382,19.047619047619047,🟢 Baixo Risco,0,1,0
6866,2025,31350001,Governador Valadares,266,19.047619047619047,🟢 Baixo Risco,0,1,0
6867,2025,31349461,Cachoeira de Minas,216,19.047619047619047,🟢 Baixo Risco,0,1,0
6868,2025,31022497,Pocrane,89,19.047619047619047,🟢 Baixo Risco,0,1,0
6869,2025,31023116,Berilo,39,19.047619047619047,🟢 Baixo Risco,0,1,0
6870,2025,31023159,Berilo,46,19.047619047619047,🟢 Baixo Risco,0,1,0
6871,2025,31023191,Berilo,64,19.047619047619047,🟢 Baixo Risco,0,1,0
6872,2025,31348880,Ibirité,679,19.047619047619047,🟢 Baixo Risco,0,1,0
6873,2025,31348902,Ibirité,301,19.047619047619047,🟢 Baixo Risco,0,1,0
6874,2025,31234834,São João del Rei,470,19.047619047619047,🟢 Baixo Risco,0,1,0
6875,2025,31235253,Juiz de Fora,397,19.047619047619047,🟢 Baixo Risco,0,1,0
6876,2025,31235261,Juiz de Fora,269,19.047619047619047,🟢 Baixo Risco,0,1,0
6877,2025,31235270,Juiz de Fora,564,19.047619047619047,🟢 Baixo Risco,0,1,0
6878,2025,31235288,Juiz de Fora,315,19.047619047619047,🟢 Baixo Risco,0,1,0
6879,2025,31235296,Juiz de Fora,325,19.047619047619047,🟢 Baixo Risco,0,1,0
6880,2025,31348457,Varginha,70,19.047619047619047,🟢 Baixo Risco,0,1,0
6881,2025,31347930,Lavras,4,19.047619047619047,🟢 Baixo Risco,0,1,0
6882,2025,31347515,Pirapetinga,244,19.047619047619047,🟢 Baixo Risco,0,1,0
6883,2025,31347566,Caratinga,70,19.047619047619047,🟢 Baixo Risco,0,1,0
6884,2025,31160504,Araxá,153,19.047619047619047,🟢 Baixo Risco,0,1,0
6885,2025,31346969,Mário Campos,299,19.047619047619047,🟢 Baixo Risco,0,1,0
6886,2025,31163287,Carneirinho,21,19.047619047619047,🟢 Baixo Risco,0,1,0
6887,2025,31346128,Montes Claros,127,19.047619047619047,🟢 Baixo Risco,0,1,0
6888,2025,31346217,Chiador,98,19.047619047619047,🟢 Baixo Risco,0,1,0
6889,2025,31024228,Itamarandiba,564,19.047619047619047,🟢 Baixo Risco,0,1,0
6890,2025,31220698,Juiz de Fora,380,19.047619047619047,🟢 Baixo Risco,0,1,0
6891,2025,31097641,Orizânia,323,19.047619047619047,🟢 Baixo Risco,0,1,0
6892,2025,31345393,Lagoa Santa,1041,19.047619047619047,🟢 Baixo Risco,0,1,0
6893,2025,31166588,Araguari,147,19.047619047619047,🟢 Baixo Risco,0,1,0
6894,2025,31166669,Araguari,593,19.047619047619047,🟢 Baixo Risco,0,1,0
6895,2025,31343250,Coronel Fabriciano,323,19.047619047619047,🟢 Baixo Risco,0,1,0
6896,2025,31025089,Alvorada de Minas,12,19.047619047619047,🟢 Baixo Risco,0,1,0
6897,2025,31025127,Alvorada de Minas,51,19.047619047619047,🟢 Baixo Risco,0,1,0
6898,2025,31341860,Uberlândia,123,19.047619047619047,🟢 Baixo Risco,0,1,0
6899,2025,31029882,Presidente Juscelino,26,19.047619047619047,🟢 Baixo Risco,0,1,0
6900,2025,31028738,Itamarandiba,71,19.047619047619047,🟢 Baixo Risco,0,1,0
6901,2025,31031771,Abaeté,167,19.047619047619047,🟢 Baixo Risco,0,1,0
6902,2025,31340146,Vespasiano,674,19.047619047619047,🟢 Baixo Risco,0,1,0
6903,2025,31339610,Extrema,235,19.047619047619047,🟢 Baixo Risco,0,1,0
6904,2025,31338940,Botelhos,10,19.047619047619047,🟢 Baixo Risco,0,1,0
6905,2025,31338656,Rio Piracicaba,279,19.047619047619047,🟢 Baixo Risco,0,1,0
6906,2025,31219665,Caratinga,297,19.047619047619047,🟢 Baixo Risco,0,1,0
6907,2025,31220060,Divinópolis,257,19.047619047619047,🟢 Baixo Risco,0,1,0
6908,2025,31220124,São Francisco do Glória,474,19.047619047619047,🟢 Baixo Risco,0,1,0
6909,2025,31167941,Araguari,193,19.047619047619047,🟢 Baixo Risco,0,1,0
6910,2025,31168114,Araguari,414,19.047619047619047,🟢 Baixo Risco,0,1,0
6911,2025,31168173,Araguari,323,19.047619047619047,🟢 Baixo Risco,0,1,0
6912,2025,31033570,Igaratinga,112,19.047619047619047,🟢 Baixo Risco,0,1,0
6913,2025,31335100,Extrema,365,19.047619047619047,🟢 Baixo Risco,0,1,0
6914,2025,31169650,Uberlândia,112,19.047619047619047,🟢 Baixo Risco,0,1,0
6915,2025,31169676,Uberlândia,182,19.047619047619047,🟢 Baixo Risco,0,1,0
6916,2025,31168335,Araguari,39,19.047619047619047,🟢 Baixo Risco,0,1,0
6917,2025,31334693,Betim,251,19.047619047619047,🟢 Baixo Risco,0,1,0
6918,2025,31333778,São Gotardo,318,19.047619047619047,🟢 Baixo Risco,0,1,0
6919,2025,31034371,Mateus Leme,81,19.047619047619047,🟢 Baixo Risco,0,1,0
6920,2025,31333565,Governador Valadares,288,19.047619047619047,🟢 Baixo Risco,0,1,0
6921,2025,31086371,Espinosa,23,19.047619047619047,🟢 Baixo Risco,0,1,0
6922,2025,31086410,Espinosa,45,19.047619047619047,🟢 Baixo Risco,0,1,0
6923,2025,31086479,Espinosa,13,19.047619047619047,🟢 Baixo Risco,0,1,0
6924,2025,31086541,Espinosa,15,19.047619047619047,🟢 Baixo Risco,0,1,0
6925,2025,31086631,Espinosa,22,19.047619047619047,🟢 Baixo Risco,0,1,0
6926,2025,31170933,Baependi,31,19.047619047619047,🟢 Baixo Risco,0,1,0
6927,2025,31170968,Baependi,124,19.047619047619047,🟢 Baixo Risco,0,1,0
6928,2025,31171051,Baependi,74,19.047619047619047,🟢 Baixo Risco,0,1,0
6929,2025,31331601,Campo Belo,569,19.047619047619047,🟢 Baixo Risco,0,1,0
6930,2025,31332411,Araguari,154,19.047619047619047,🟢 Baixo Risco,0,1,0
6931,2025,31034452,Mateus Leme,88,19.047619047619047,🟢 Baixo Risco,0,1,0
6932,2025,31034479,Mateus Leme,60,19.047619047619047,🟢 Baixo Risco,0,1,0
6933,2025,31034827,Pains,34,19.047619047619047,🟢 Baixo Risco,0,1,0
6934,2025,31331210,Coronel Fabriciano,409,19.047619047619047,🟢 Baixo Risco,0,1,0
6935,2025,31171280,Boa Esperança,310,19.047619047619047,🟢 Baixo Risco,0,1,0
6936,2025,31171352,Cambuquira,299,19.047619047619047,🟢 Baixo Risco,0,1,0
6937,2025,31086096,Engenheiro Navarro,301,19.047619047619047,🟢 Baixo Risco,0,1,0
6938,2025,31086142,Espinosa,54,19.047619047619047,🟢 Baixo Risco,0,1,0
6939,2025,31098051,Itamarati de Minas,426,19.047619047619047,🟢 Baixo Risco,0,1,0
6940,2025,31108961,Paracatu,511,19.047619047619047,🟢 Baixo Risco,0,1,0
6941,2025,31330663,Acaiaca,171,19.047619047619047,🟢 Baixo Risco,0,1,0
6942,2025,31329410,Lagoa Santa,673,19.047619047619047,🟢 Baixo Risco,0,1,0
6943,2025,31330442,Betim,201,19.047619047619047,🟢 Baixo Risco,0,1,0
6944,2025,31035211,Passa Tempo,393,19.047619047619047,🟢 Baixo Risco,0,1,0
6945,2025,31171832,Carmo de Minas,579,19.047619047619047,🟢 Baixo Risco,0,1,0
6946,2025,31172057,Caxambu,250,19.047619047619047,🟢 Baixo Risco,0,1,0
6947,2025,31035581,Santo Antônio do Monte,27,19.047619047619047,🟢 Baixo Risco,0,1,0
6948,2025,31035629,São Gonçalo do Pará,214,19.047619047619047,🟢 Baixo Risco,0,1,0
6949,2025,31037231,Divinópolis,387,19.047619047619047,🟢 Baixo Risco,0,1,0
6950,2025,31037401,Divinópolis,71,19.047619047619047,🟢 Baixo Risco,0,1,0
6951,2025,31037541,Divinópolis,302,19.047619047619047,🟢 Baixo Risco,0,1,0
6952,2025,31037818,Igaratinga,382,19.047619047619047,🟢 Baixo Risco,0,1,0
6953,2025,31239186,Mato Verde,110,19.047619047619047,🟢 Baixo Risco,0,1,0
6954,2025,31327158,Ribeirão das Neves,426,19.047619047619047,🟢 Baixo Risco,0,1,0
6955,2025,31327352,Juiz de Fora,290,19.047619047619047,🟢 Baixo Risco,0,1,0
6956,2025,31172634,Fama,50,19.047619047619047,🟢 Baixo Risco,0,1,0
6957,2025,31172642,Fama,153,19.047619047619047,🟢 Baixo Risco,0,1,0
6958,2025,31326828,Teófilo Otoni,17,19.047619047619047,🟢 Baixo Risco,0,1,0
6959,2025,31038172,Itaúna,70,19.047619047619047,🟢 Baixo Risco,0,1,0
6960,2025,31038181,Itaúna,85,19.047619047619047,🟢 Baixo Risco,0,1,0
6961,2025,31326101,Setubinha,166,19.047619047619047,🟢 Baixo Risco,0,1,0
6962,2025,31172359,Coqueiral,56,19.047619047619047,🟢 Baixo Risco,0,1,0
6963,2025,31325627,Rio Acima,135,19.047619047619047,🟢 Baixo Risco,0,1,0
6964,2025,31325732,Luisburgo,306,19.047619047619047,🟢 Baixo Risco,0,1,0
6965,2025,31172693,Guapé,461,19.047619047619047,🟢 Baixo Risco,0,1,0
6966,2025,31324817,São Gotardo,455,19.047619047619047,🟢 Baixo Risco,0,1,0
6967,2025,31325244,São Sebastião do Paraíso,598,19.047619047619047,🟢 Baixo Risco,0,1,0
6968,2025,31039667,Passa Tempo,380,19.047619047619047,🟢 Baixo Risco,0,1,0
6969,2025,31218031,Juiz de Fora,541,19.047619047619047,🟢 Baixo Risco,0,1,0
6970,2025,31084697,Buritizeiro,493,19.047619047619047,🟢 Baixo Risco,0,1,0
6971,2025,31239330,Pedras de Maria da Cruz,182,19.047619047619047,🟢 Baixo Risco,0,1,0
6972,2025,31041611,Açucena,95,19.047619047619047,🟢 Baixo Risco,0,1,0
6973,2025,31324124,Vespasiano,339,19.047619047619047,🟢 Baixo Risco,0,1,0
6974,2025,31323616,Governador Valadares,101,19.047619047619047,🟢 Baixo Risco,0,1,0
6975,2025,31323837,Governador Valadares,46,19.047619047619047,🟢 Baixo Risco,0,1,0
6976,2025,31174068,São Gonçalo do Sapucaí,441,19.047619047619047,🟢 Baixo Risco,0,1,0
6977,2025,31173428,Nepomuceno,64,19.047619047619047,🟢 Baixo Risco,0,1,0
6978,2025,31041823,Aimorés,144,19.047619047619047,🟢 Baixo Risco,0,1,0
6979,2025,31321982,Extrema,953,19.047619047619047,🟢 Baixo Risco,0,1,0
6980,2025,31322415,Ribeirão das Neves,708,19.047619047619047,🟢 Baixo Risco,0,1,0
6981,2025,31041904,Aimorés,105,19.047619047619047,🟢 Baixo Risco,0,1,0
6982,2025,31174416,Três Corações,1577,19.047619047619047,🟢 Baixo Risco,0,1,0
6983,2025,31173886,Poço Fundo,67,19.047619047619047,🟢 Baixo Risco,0,1,0
6984,2025,31042323,Coroaci,324,19.047619047619047,🟢 Baixo Risco,0,1,0
6985,2025,31042510,Divinolândia de Minas,180,19.047619047619047,🟢 Baixo Risco,0,1,0
6986,2025,31239984,Porteirinha,51,19.047619047619047,🟢 Baixo Risco,0,1,0
6987,2025,31218481,Mateus Leme,605,19.047619047619047,🟢 Baixo Risco,0,1,0
6988,2025,31218499,Pará de Minas,362,19.047619047619047,🟢 Baixo Risco,0,1,0
6989,2025,31042579,Dom Joaquim,42,19.047619047619047,🟢 Baixo Risco,0,1,0
6990,2025,31319678,Manhuaçu,365,19.047619047619047,🟢 Baixo Risco,0,1,0
6991,2025,31319872,Pedras de Maria da Cruz,197,19.047619047619047,🟢 Baixo Risco,0,1,0
6992,2025,31042498,Divinolândia de Minas,366,19.047619047619047,🟢 Baixo Risco,0,1,0
6993,2025,31174971,Varginha,63,19.047619047619047,🟢 Baixo Risco,0,1,0
6994,2025,31319287,Governador Valadares,644,19.047619047619047,🟢 Baixo Risco,0,1,0
6995,2025,31318361,Itajubá,407,19.047619047619047,🟢 Baixo Risco,0,1,0
6996,2025,31317900,Ribeirão das Neves,319,19.047619047619047,🟢 Baixo Risco,0,1,0
6997,2025,31043354,Governador Valadares,385,19.047619047619047,🟢 Baixo Risco,0,1,0
6998,2025,31108863,Paracatu,1087,19.047619047619047,🟢 Baixo Risco,0,1,0
6999,2025,31043338,Governador Valadares,70,19.047619047619047,🟢 Baixo Risco,0,1,0
7000,2025,31175889,Cambuquira,138,19.047619047619047,🟢 Baixo Risco,0,1,0
7001,2025,31176443,Carmo da Cachoeira,40,19.047619047619047,🟢 Baixo Risco,0,1,0
7002,2025,31316318,Serra do Salitre,293,19.047619047619047,🟢 Baixo Risco,0,1,0
7003,2025,31316709,São João da Ponte,140,19.047619047619047,🟢 Baixo Risco,0,1,0
7004,2025,31108553,João Pinheiro,143,19.047619047619047,🟢 Baixo Risco,0,1,0
7005,2025,31043567,Guanhães,364,19.047619047619047,🟢 Baixo Risco,0,1,0
7006,2025,31043664,Guanhães,244,19.047619047619047,🟢 Baixo Risco,0,1,0
7007,2025,31043702,Guanhães,129,19.047619047619047,🟢 Baixo Risco,0,1,0
7008,2025,31315648,Araguari,420,19.047619047619047,🟢 Baixo Risco,0,1,0
7009,2025,31178845,São Gonçalo do Sapucaí,165,19.047619047619047,🟢 Baixo Risco,0,1,0
7010,2025,31178942,São Gonçalo do Sapucaí,61,19.047619047619047,🟢 Baixo Risco,0,1,0
7011,2025,31179698,Três Pontas,43,19.047619047619047,🟢 Baixo Risco,0,1,0
7012,2025,31044083,Itueta,245,19.047619047619047,🟢 Baixo Risco,0,1,0
7013,2025,31312738,São João del Rei,346,19.047619047619047,🟢 Baixo Risco,0,1,0
7014,2025,31179931,Varginha,563,19.047619047619047,🟢 Baixo Risco,0,1,0
7015,2025,31180017,Varginha,761,19.047619047619047,🟢 Baixo Risco,0,1,0
7016,2025,31180831,Dona Euzébia,116,19.047619047619047,🟢 Baixo Risco,0,1,0
7017,2025,31240974,Ribeirão das Neves,813,19.047619047619047,🟢 Baixo Risco,0,1,0
7018,2025,31312452,Jacutinga,117,19.047619047619047,🟢 Baixo Risco,0,1,0
7019,2025,31312711,Verdelândia,4,19.047619047619047,🟢 Baixo Risco,0,1,0
7020,2025,31179728,Três Pontas,110,19.047619047619047,🟢 Baixo Risco,0,1,0
7021,2025,31311910,Oliveira,133,19.047619047619047,🟢 Baixo Risco,0,1,0
7022,2025,31311944,Medina,300,19.047619047619047,🟢 Baixo Risco,0,1,0
7023,2025,31311413,Extrema,779,19.047619047619047,🟢 Baixo Risco,0,1,0
7024,2025,31310964,Coromandel,319,19.047619047619047,🟢 Baixo Risco,0,1,0
7025,2025,31181501,Rio Pomba,326,19.047619047619047,🟢 Baixo Risco,0,1,0
7026,2025,31180874,Ervália,466,19.047619047619047,🟢 Baixo Risco,0,1,0
7027,2025,31307955,Bonito de Minas,5,19.047619047619047,🟢 Baixo Risco,0,1,0
7028,2025,31308099,Espinosa,18,19.047619047619047,🟢 Baixo Risco,0,1,0
7029,2025,31309931,Itajubá,199,19.047619047619047,🟢 Baixo Risco,0,1,0
7030,2025,31045217,Santa Rita do Itueto,266,19.047619047619047,🟢 Baixo Risco,0,1,0
7031,2025,31307793,Bonito de Minas,96,19.047619047619047,🟢 Baixo Risco,0,1,0
7032,2025,31307173,Ribeirão das Neves,565,19.047619047619047,🟢 Baixo Risco,0,1,0
7033,2025,31307190,Ribeirão das Neves,1083,19.047619047619047,🟢 Baixo Risco,0,1,0
7034,2025,31307262,Capitólio,40,19.047619047619047,🟢 Baixo Risco,0,1,0
7035,2025,31217981,Juiz de Fora,425,19.047619047619047,🟢 Baixo Risco,0,1,0
7036,2025,31217999,Juiz de Fora,678,19.047619047619047,🟢 Baixo Risco,0,1,0
7037,2025,31218006,Juiz de Fora,539,19.047619047619047,🟢 Baixo Risco,0,1,0
7038,2025,31218014,Juiz de Fora,486,19.047619047619047,🟢 Baixo Risco,0,1,0
7039,2025,31218022,Juiz de Fora,316,19.047619047619047,🟢 Baixo Risco,0,1,0
7040,2025,31307556,Juiz de Fora,482,19.047619047619047,🟢 Baixo Risco,0,1,0
7041,2025,31307564,Juiz de Fora,196,19.047619047619047,🟢 Baixo Risco,0,1,0
7042,2025,31045471,Frei Lagonegro,368,19.047619047619047,🟢 Baixo Risco,0,1,0
7043,2025,31305821,Várzea da Palma,89,19.047619047619047,🟢 Baixo Risco,0,1,0
7044,2025,31304891,Itamogi,202,19.047619047619047,🟢 Baixo Risco,0,1,0
7045,2025,31047201,Conselheiro Pena,198,19.047619047619047,🟢 Baixo Risco,0,1,0
7046,2025,31047741,Dom Joaquim,8,19.047619047619047,🟢 Baixo Risco,0,1,0
7047,2025,31046884,Carmésia,88,19.047619047619047,🟢 Baixo Risco,0,1,0
7048,2025,31048208,São Geraldo do Baixio,15,19.047619047619047,🟢 Baixo Risco,0,1,0
7049,2025,31108391,Natalândia,238,19.047619047619047,🟢 Baixo Risco,0,1,0
7050,2025,31217824,Belo Horizonte,845,19.047619047619047,🟢 Baixo Risco,0,1,0
7051,2025,31048402,Governador Valadares,459,19.047619047619047,🟢 Baixo Risco,0,1,0
7052,2025,31048437,Governador Valadares,773,19.047619047619047,🟢 Baixo Risco,0,1,0
7053,2025,31048461,Governador Valadares,512,19.047619047619047,🟢 Baixo Risco,0,1,0
7054,2025,31048500,Governador Valadares,660,19.047619047619047,🟢 Baixo Risco,0,1,0
7055,2025,31048534,Governador Valadares,430,19.047619047619047,🟢 Baixo Risco,0,1,0
7056,2025,31048551,Governador Valadares,589,19.047619047619047,🟢 Baixo Risco,0,1,0
7057,2025,31048569,Governador Valadares,452,19.047619047619047,🟢 Baixo Risco,0,1,0
7058,2025,31302813,Governador Valadares,685,19.047619047619047,🟢 Baixo Risco,0,1,0
7059,2025,31048585,Governador Valadares,131,19.047619047619047,🟢 Baixo Risco,0,1,0
7060,2025,31048623,Governador Valadares,279,19.047619047619047,🟢 Baixo Risco,0,1,0
7061,2025,31048640,Governador Valadares,106,19.047619047619047,🟢 Baixo Risco,0,1,0
7062,2025,31048682,Governador Valadares,53,19.047619047619047,🟢 Baixo Risco,0,1,0
7063,2025,31048704,Governador Valadares,131,19.047619047619047,🟢 Baixo Risco,0,1,0
7064,2025,31048895,Governador Valadares,88,19.047619047619047,🟢 Baixo Risco,0,1,0
7065,2025,31048909,Governador Valadares,90,19.047619047619047,🟢 Baixo Risco,0,1,0
7066,2025,31048941,Governador Valadares,136,19.047619047619047,🟢 Baixo Risco,0,1,0
7067,2025,31048976,Governador Valadares,530,19.047619047619047,🟢 Baixo Risco,0,1,0
7068,2025,31048984,Governador Valadares,320,19.047619047619047,🟢 Baixo Risco,0,1,0
7069,2025,31296376,Juiz de Fora,138,19.047619047619047,🟢 Baixo Risco,0,1,0
7070,2025,31296406,Juiz de Fora,299,19.047619047619047,🟢 Baixo Risco,0,1,0
7071,2025,31052850,São Sebastião do Maranhão,37,19.047619047619047,🟢 Baixo Risco,0,1,0
7072,2025,31297801,Araguari,119,19.047619047619047,🟢 Baixo Risco,0,1,0
7073,2025,31297828,Araguari,605,19.047619047619047,🟢 Baixo Risco,0,1,0
7074,2025,31054291,Borda da Mata,174,19.047619047619047,🟢 Baixo Risco,0,1,0
7075,2025,31054411,Brazópolis,225,19.047619047619047,🟢 Baixo Risco,0,1,0
7076,2025,31294667,Bocaina de Minas,159,19.047619047619047,🟢 Baixo Risco,0,1,0
7077,2025,31294811,São Sebastião da Bela Vista,123,19.047619047619047,🟢 Baixo Risco,0,1,0
7078,2025,31295442,Juiz de Fora,747,19.047619047619047,🟢 Baixo Risco,0,1,0
7079,2025,31054445,Brazópolis,199,19.047619047619047,🟢 Baixo Risco,0,1,0
7080,2025,31054461,Brazópolis,117,19.047619047619047,🟢 Baixo Risco,0,1,0
7081,2025,31054844,Conceição dos Ouros,262,19.047619047619047,🟢 Baixo Risco,0,1,0
7082,2025,31098442,Miradouro,25,19.047619047619047,🟢 Baixo Risco,0,1,0
7083,2025,31082341,Rio Pardo de Minas,97,19.047619047619047,🟢 Baixo Risco,0,1,0
7084,2025,31054917,Cristina,436,19.047619047619047,🟢 Baixo Risco,0,1,0
7085,2025,31293849,Itabira,551,19.047619047619047,🟢 Baixo Risco,0,1,0
7086,2025,31294489,Pedras de Maria da Cruz,293,19.047619047619047,🟢 Baixo Risco,0,1,0
7087,2025,31054798,Careaçu,393,19.047619047619047,🟢 Baixo Risco,0,1,0
7088,2025,31055492,Itajubá,270,19.047619047619047,🟢 Baixo Risco,0,1,0
7089,2025,31185191,Medina,143,19.047619047619047,🟢 Baixo Risco,0,1,0
7090,2025,31185370,Rubim,711,19.047619047619047,🟢 Baixo Risco,0,1,0
7091,2025,31055701,Maria da Fé,312,19.047619047619047,🟢 Baixo Risco,0,1,0
7092,2025,31055719,Maria da Fé,487,19.047619047619047,🟢 Baixo Risco,0,1,0
7093,2025,31055352,Itajubá,163,19.047619047619047,🟢 Baixo Risco,0,1,0
7094,2025,31290939,Miradouro,12,19.047619047619047,🟢 Baixo Risco,0,1,0
7095,2025,31055522,Itajubá,289,19.047619047619047,🟢 Baixo Risco,0,1,0
7096,2025,31055549,Itajubá,369,19.047619047619047,🟢 Baixo Risco,0,1,0
7097,2025,31055620,Jacutinga,760,19.047619047619047,🟢 Baixo Risco,0,1,0
7098,2025,31055671,Jacutinga,81,19.047619047619047,🟢 Baixo Risco,0,1,0
7099,2025,31055689,Jacutinga,84,19.047619047619047,🟢 Baixo Risco,0,1,0
7100,2025,31216950,São Brás do Suaçuí,475,19.047619047619047,🟢 Baixo Risco,0,1,0
7101,2025,31217425,Bonito de Minas,29,19.047619047619047,🟢 Baixo Risco,0,1,0
7102,2025,31055930,Ouro Fino,160,19.047619047619047,🟢 Baixo Risco,0,1,0
7103,2025,31056065,Paraisópolis,137,19.047619047619047,🟢 Baixo Risco,0,1,0
7104,2025,31056316,Piranguinho,91,19.047619047619047,🟢 Baixo Risco,0,1,0
7105,2025,31289698,Borda da Mata,338,19.047619047619047,🟢 Baixo Risco,0,1,0
7106,2025,31106666,Ouro Preto,876,19.047619047619047,🟢 Baixo Risco,0,1,0
7107,2025,31056570,Santa Rita do Sapucaí,36,19.047619047619047,🟢 Baixo Risco,0,1,0
7108,2025,31055999,Ouro Fino,113,19.047619047619047,🟢 Baixo Risco,0,1,0
7109,2025,31288608,São Gotardo,125,19.047619047619047,🟢 Baixo Risco,0,1,0
7110,2025,31106623,Ouro Preto,560,19.047619047619047,🟢 Baixo Risco,0,1,0
7111,2025,31057347,Brazópolis,121,19.047619047619047,🟢 Baixo Risco,0,1,0
7112,2025,31057576,Cachoeira de Minas,72,19.047619047619047,🟢 Baixo Risco,0,1,0
7113,2025,31058530,Cristina,32,19.047619047619047,🟢 Baixo Risco,0,1,0
7114,2025,31058548,Cristina,46,19.047619047619047,🟢 Baixo Risco,0,1,0
7115,2025,31058572,Cristina,11,19.047619047619047,🟢 Baixo Risco,0,1,0
7116,2025,31215406,Itabirito,953,19.047619047619047,🟢 Baixo Risco,0,1,0
7117,2025,31216810,Bueno Brandão,452,19.047619047619047,🟢 Baixo Risco,0,1,0
7118,2025,31058751,Delfim Moreira,29,19.047619047619047,🟢 Baixo Risco,0,1,0
7119,2025,31059056,Extrema,327,19.047619047619047,🟢 Baixo Risco,0,1,0
7120,2025,31059072,Extrema,265,19.047619047619047,🟢 Baixo Risco,0,1,0
7121,2025,31059226,Extrema,355,19.047619047619047,🟢 Baixo Risco,0,1,0
7122,2025,31059706,Jacutinga,619,19.047619047619047,🟢 Baixo Risco,0,1,0
7123,2025,31059820,Maria da Fé,60,19.047619047619047,🟢 Baixo Risco,0,1,0
7124,2025,31106348,Mariana,125,19.047619047619047,🟢 Baixo Risco,0,1,0
7125,2025,31059838,Maria da Fé,62,19.047619047619047,🟢 Baixo Risco,0,1,0
7126,2025,31059862,Maria da Fé,64,19.047619047619047,🟢 Baixo Risco,0,1,0
7127,2025,31060399,Ouro Fino,119,19.047619047619047,🟢 Baixo Risco,0,1,0
7128,2025,31060518,Paraisópolis,311,19.047619047619047,🟢 Baixo Risco,0,1,0
7129,2025,31060704,Piranguçu,110,19.047619047619047,🟢 Baixo Risco,0,1,0
7130,2025,31061255,Santa Rita do Sapucaí,81,19.047619047619047,🟢 Baixo Risco,0,1,0
7131,2025,31061328,Santa Rita do Sapucaí,73,19.047619047619047,🟢 Baixo Risco,0,1,0
7132,2025,31061344,Santa Rita do Sapucaí,46,19.047619047619047,🟢 Baixo Risco,0,1,0
7133,2025,31245364,Juiz de Fora,450,19.047619047619047,🟢 Baixo Risco,0,1,0
7134,2025,31061514,São Sebastião da Bela Vista,136,19.047619047619047,🟢 Baixo Risco,0,1,0
7135,2025,31061620,Sapucaí-Mirim,61,19.047619047619047,🟢 Baixo Risco,0,1,0
7136,2025,31105465,Santa Maria de Itabira,26,19.047619047619047,🟢 Baixo Risco,0,1,0
7137,2025,31106119,Diogo de Vasconcelos,27,19.047619047619047,🟢 Baixo Risco,0,1,0
7138,2025,31106135,Itabirito,477,19.047619047619047,🟢 Baixo Risco,0,1,0
7139,2025,31187895,Jequitinhonha,73,19.047619047619047,🟢 Baixo Risco,0,1,0
7140,2025,31190713,Belo Oriente,472,19.047619047619047,🟢 Baixo Risco,0,1,0
7141,2025,31190730,Belo Oriente,222,19.047619047619047,🟢 Baixo Risco,0,1,0
7142,2025,31189421,Pedra Azul,50,19.047619047619047,🟢 Baixo Risco,0,1,0
7143,2025,31189952,Rubim,48,19.047619047619047,🟢 Baixo Risco,0,1,0
7144,2025,31063053,Montalvânia,224,19.047619047619047,🟢 Baixo Risco,0,1,0
7145,2025,31285439,Abaeté,180,19.047619047619047,🟢 Baixo Risco,0,1,0
7146,2025,31063410,Chapada Gaúcha,85,19.047619047619047,🟢 Baixo Risco,0,1,0
7147,2025,31063550,Ibiracatu,175,19.047619047619047,🟢 Baixo Risco,0,1,0
7148,2025,31191345,Joanésia,83,19.047619047619047,🟢 Baixo Risco,0,1,0
7149,2025,31063843,Pedras de Maria da Cruz,16,19.047619047619047,🟢 Baixo Risco,0,1,0
7150,2025,31282057,Cristina,156,19.047619047619047,🟢 Baixo Risco,0,1,0
7151,2025,31066010,Icaraí de Minas,34,19.047619047619047,🟢 Baixo Risco,0,1,0
7152,2025,31064921,Miravânia,108,19.047619047619047,🟢 Baixo Risco,0,1,0
7153,2025,31191868,Belo Oriente,450,19.047619047619047,🟢 Baixo Risco,0,1,0
7154,2025,31191892,Belo Oriente,113,19.047619047619047,🟢 Baixo Risco,0,1,0
7155,2025,31191922,Belo Oriente,455,19.047619047619047,🟢 Baixo Risco,0,1,0
7156,2025,31192104,Coronel Fabriciano,287,19.047619047619047,🟢 Baixo Risco,0,1,0
7157,2025,31192139,Coronel Fabriciano,496,19.047619047619047,🟢 Baixo Risco,0,1,0
7158,2025,31192147,Coronel Fabriciano,170,19.047619047619047,🟢 Baixo Risco,0,1,0
7159,2025,31281212,São João Nepomuceno,14,19.047619047619047,🟢 Baixo Risco,0,1,0
7160,2025,31067709,Ibiracatu,138,19.047619047619047,🟢 Baixo Risco,0,1,0
7161,2025,31192651,Marliéria,31,19.047619047619047,🟢 Baixo Risco,0,1,0
7162,2025,31192171,Coronel Fabriciano,637,19.047619047619047,🟢 Baixo Risco,0,1,0
7163,2025,31192180,Coronel Fabriciano,708,19.047619047619047,🟢 Baixo Risco,0,1,0
7164,2025,31278190,Ribeirão das Neves,1093,19.047619047619047,🟢 Baixo Risco,0,1,0
7165,2025,31279226,Juiz de Fora,1899,19.047619047619047,🟢 Baixo Risco,0,1,0
7166,2025,31193330,Casa Grande,21,19.047619047619047,🟢 Baixo Risco,0,1,0
7167,2025,31277576,Lagoa dos Patos,217,19.047619047619047,🟢 Baixo Risco,0,1,0
7168,2025,31276626,Araguari,963,19.047619047619047,🟢 Baixo Risco,0,1,0
7169,2025,31276839,Brazópolis,130,19.047619047619047,🟢 Baixo Risco,0,1,0
7170,2025,31276880,Luislândia,267,19.047619047619047,🟢 Baixo Risco,0,1,0
7171,2025,31275581,Recreio,351,19.047619047619047,🟢 Baixo Risco,0,1,0
7172,2025,31104086,São Gonçalo do Rio Abaixo,231,19.047619047619047,🟢 Baixo Risco,0,1,0
7173,2025,31275140,Santana do Deserto,24,19.047619047619047,🟢 Baixo Risco,0,1,0
7174,2025,31274097,Pirapetinga,32,19.047619047619047,🟢 Baixo Risco,0,1,0
7175,2025,31105147,Nova Era,388,19.047619047619047,🟢 Baixo Risco,0,1,0
7176,2025,31274321,Várzea da Palma,154,19.047619047619047,🟢 Baixo Risco,0,1,0
7177,2025,31274470,Paineiras,66,19.047619047619047,🟢 Baixo Risco,0,1,0
7178,2025,31274780,Pirapetinga,132,19.047619047619047,🟢 Baixo Risco,0,1,0
7179,2025,31213969,Coluna,191,19.047619047619047,🟢 Baixo Risco,0,1,0
7180,2025,31068837,Juiz de Fora,616,19.047619047619047,🟢 Baixo Risco,0,1,0
7181,2025,31273520,São Félix de Minas,393,19.047619047619047,🟢 Baixo Risco,0,1,0
7182,2025,31273228,Buenópolis,230,19.047619047619047,🟢 Baixo Risco,0,1,0
7183,2025,31273261,Caparaó,199,19.047619047619047,🟢 Baixo Risco,0,1,0
7184,2025,31273121,Extrema,972,19.047619047619047,🟢 Baixo Risco,0,1,0
7185,2025,31194450,Senhora de Oliveira,31,19.047619047619047,🟢 Baixo Risco,0,1,0
7186,2025,31194484,Casa Grande,23,19.047619047619047,🟢 Baixo Risco,0,1,0
7187,2025,31272825,Recreio,290,19.047619047619047,🟢 Baixo Risco,0,1,0
7188,2025,31272833,Mar de Espanha,260,19.047619047619047,🟢 Baixo Risco,0,1,0
7189,2025,31272850,Mário Campos,260,19.047619047619047,🟢 Baixo Risco,0,1,0
7190,2025,31273023,Rodeiro,580,19.047619047619047,🟢 Baixo Risco,0,1,0
7191,2025,31272469,Ijaci,311,19.047619047619047,🟢 Baixo Risco,0,1,0
7192,2025,31272540,Resende Costa,481,19.047619047619047,🟢 Baixo Risco,0,1,0
7193,2025,31272302,Santana do Paraíso,104,19.047619047619047,🟢 Baixo Risco,0,1,0
7194,2025,31272400,Brás Pires,30,19.047619047619047,🟢 Baixo Risco,0,1,0
7195,2025,31272418,Brás Pires,189,19.047619047619047,🟢 Baixo Risco,0,1,0
7196,2025,31272426,Vermelho Novo,442,19.047619047619047,🟢 Baixo Risco,0,1,0
7197,2025,31069817,Santana do Deserto,323,19.047619047619047,🟢 Baixo Risco,0,1,0
7198,2025,31271551,Dores do Turvo,244,19.047619047619047,🟢 Baixo Risco,0,1,0
7199,2025,31271683,São José da Varginha,211,19.047619047619047,🟢 Baixo Risco,0,1,0
7200,2025,31271331,Campo Belo,591,19.047619047619047,🟢 Baixo Risco,0,1,0
7201,2025,31271446,Itacambira,122,19.047619047619047,🟢 Baixo Risco,0,1,0
7202,2025,31271535,Serrania,308,19.047619047619047,🟢 Baixo Risco,0,1,0
7203,2025,31271187,Belo Oriente,917,19.047619047619047,🟢 Baixo Risco,0,1,0
7204,2025,31270954,São Vicente de Minas,390,19.047619047619047,🟢 Baixo Risco,0,1,0
7205,2025,31270962,Capela Nova,170,19.047619047619047,🟢 Baixo Risco,0,1,0
7206,2025,31270989,Araguari,71,19.047619047619047,🟢 Baixo Risco,0,1,0
7207,2025,31270997,Ibertioga,290,19.047619047619047,🟢 Baixo Risco,0,1,0
7208,2025,31270661,Diogo de Vasconcelos,175,19.047619047619047,🟢 Baixo Risco,0,1,0
7209,2025,31270679,Araguari,181,19.047619047619047,🟢 Baixo Risco,0,1,0
7210,2025,31213543,Ubaí,52,19.047619047619047,🟢 Baixo Risco,0,1,0
7211,2025,31270750,Ipuiúna,398,19.047619047619047,🟢 Baixo Risco,0,1,0
7212,2025,31270431,Paraisópolis,329,19.047619047619047,🟢 Baixo Risco,0,1,0
7213,2025,31270440,Piranguinho,300,19.047619047619047,🟢 Baixo Risco,0,1,0
7214,2025,31270172,Mateus Leme,185,19.047619047619047,🟢 Baixo Risco,0,1,0
7215,2025,31270229,Mateus Leme,521,19.047619047619047,🟢 Baixo Risco,0,1,0
7216,2025,31070271,Simão Pereira,272,19.047619047619047,🟢 Baixo Risco,0,1,0
7217,2025,31070947,Juiz de Fora,473,19.047619047619047,🟢 Baixo Risco,0,1,0
7218,2025,31071242,Juiz de Fora,22,19.047619047619047,🟢 Baixo Risco,0,1,0
7219,2025,31071251,Juiz de Fora,313,19.047619047619047,🟢 Baixo Risco,0,1,0
7220,2025,31071285,Juiz de Fora,172,19.047619047619047,🟢 Baixo Risco,0,1,0
7221,2025,31071307,Juiz de Fora,561,19.047619047619047,🟢 Baixo Risco,0,1,0
7222,2025,31071323,Juiz de Fora,519,19.047619047619047,🟢 Baixo Risco,0,1,0
7223,2025,31071331,Juiz de Fora,316,19.047619047619047,🟢 Baixo Risco,0,1,0
7224,2025,31071340,Juiz de Fora,185,19.047619047619047,🟢 Baixo Risco,0,1,0
7225,2025,31071358,Juiz de Fora,327,19.047619047619047,🟢 Baixo Risco,0,1,0
7226,2025,31071366,Juiz de Fora,531,19.047619047619047,🟢 Baixo Risco,0,1,0
7227,2025,31270113,Martins Soares,886,19.047619047619047,🟢 Baixo Risco,0,1,0
7228,2025,31247472,Ribeirão das Neves,627,19.047619047619047,🟢 Baixo Risco,0,1,0
7229,2025,31248215,Araguari,135,19.047619047619047,🟢 Baixo Risco,0,1,0
7230,2025,31269964,São Sebastião da Bela Vista,347,19.047619047619047,🟢 Baixo Risco,0,1,0
7231,2025,31270059,Itanhomi,100,19.047619047619047,🟢 Baixo Risco,0,1,0
7232,2025,31071218,Juiz de Fora,205,19.047619047619047,🟢 Baixo Risco,0,1,0
7233,2025,31198986,Iraí de Minas,35,19.047619047619047,🟢 Baixo Risco,0,1,0
7234,2025,31269646,Conceição das Pedras,200,19.047619047619047,🟢 Baixo Risco,0,1,0
7235,2025,31269671,Sapucaí-Mirim,306,19.047619047619047,🟢 Baixo Risco,0,1,0
7236,2025,31269689,Wenceslau Braz,154,19.047619047619047,🟢 Baixo Risco,0,1,0
7237,2025,31269310,Caranaíba,160,19.047619047619047,🟢 Baixo Risco,0,1,0
7238,2025,31269433,Tarumirim,58,19.047619047619047,🟢 Baixo Risco,0,1,0
7239,2025,31071447,Juiz de Fora,229,19.047619047619047,🟢 Baixo Risco,0,1,0
7240,2025,31071463,Juiz de Fora,673,19.047619047619047,🟢 Baixo Risco,0,1,0
7241,2025,31248665,Divinópolis,67,19.047619047619047,🟢 Baixo Risco,0,1,0
7242,2025,31249271,Ibirité,840,19.047619047619047,🟢 Baixo Risco,0,1,0
7243,2025,31249297,Coronel Fabriciano,326,19.047619047619047,🟢 Baixo Risco,0,1,0
7244,2025,31249319,Coronel Fabriciano,415,19.047619047619047,🟢 Baixo Risco,0,1,0
7245,2025,31200417,Coromandel,292,19.047619047619047,🟢 Baixo Risco,0,1,0
7246,2025,31071480,Juiz de Fora,589,19.047619047619047,🟢 Baixo Risco,0,1,0
7247,2025,31071501,Juiz de Fora,596,19.047619047619047,🟢 Baixo Risco,0,1,0
7248,2025,31071510,Juiz de Fora,105,19.047619047619047,🟢 Baixo Risco,0,1,0
7249,2025,31071528,Juiz de Fora,433,19.047619047619047,🟢 Baixo Risco,0,1,0
7250,2025,31071536,Juiz de Fora,74,19.047619047619047,🟢 Baixo Risco,0,1,0
7251,2025,31071544,Juiz de Fora,409,19.047619047619047,🟢 Baixo Risco,0,1,0
7252,2025,31268941,Marliéria,69,19.047619047619047,🟢 Baixo Risco,0,1,0
7253,2025,31268984,Caldas,119,19.047619047619047,🟢 Baixo Risco,0,1,0
7254,2025,31269042,Matias Barbosa,106,19.047619047619047,🟢 Baixo Risco,0,1,0
7255,2025,31071382,Juiz de Fora,404,19.047619047619047,🟢 Baixo Risco,0,1,0
7256,2025,31071404,Juiz de Fora,681,19.047619047619047,🟢 Baixo Risco,0,1,0
7257,2025,31267902,Bonito de Minas,8,19.047619047619047,🟢 Baixo Risco,0,1,0
7258,2025,31268038,Cônego Marinho,97,19.047619047619047,🟢 Baixo Risco,0,1,0
7259,2025,31268763,Igaratinga,200,19.047619047619047,🟢 Baixo Risco,0,1,0
7260,2025,31268828,Olímpio Noronha,365,19.047619047619047,🟢 Baixo Risco,0,1,0
7261,2025,31200531,Estrela do Sul,160,19.047619047619047,🟢 Baixo Risco,0,1,0
7262,2025,31200590,Monte Carmelo,470,19.047619047619047,🟢 Baixo Risco,0,1,0
7263,2025,31201260,Coromandel,41,19.047619047619047,🟢 Baixo Risco,0,1,0
7264,2025,31071552,Juiz de Fora,379,19.047619047619047,🟢 Baixo Risco,0,1,0
7265,2025,31071561,Juiz de Fora,230,19.047619047619047,🟢 Baixo Risco,0,1,0
7266,2025,31071579,Juiz de Fora,192,19.047619047619047,🟢 Baixo Risco,0,1,0
7267,2025,31071625,Juiz de Fora,197,19.047619047619047,🟢 Baixo Risco,0,1,0
7268,2025,31071668,Juiz de Fora,157,19.047619047619047,🟢 Baixo Risco,0,1,0
7269,2025,31071684,Juiz de Fora,250,19.047619047619047,🟢 Baixo Risco,0,1,0
7270,2025,31071714,Juiz de Fora,170,19.047619047619047,🟢 Baixo Risco,0,1,0
7271,2025,31071722,Juiz de Fora,718,19.047619047619047,🟢 Baixo Risco,0,1,0
7272,2025,31071731,Juiz de Fora,688,19.047619047619047,🟢 Baixo Risco,0,1,0
7273,2025,31071749,Juiz de Fora,670,19.047619047619047,🟢 Baixo Risco,0,1,0
7274,2025,31071757,Juiz de Fora,345,19.047619047619047,🟢 Baixo Risco,0,1,0
7275,2025,31071765,Juiz de Fora,322,19.047619047619047,🟢 Baixo Risco,0,1,0
7276,2025,31071790,Juiz de Fora,38,19.047619047619047,🟢 Baixo Risco,0,1,0
7277,2025,31071803,Juiz de Fora,231,19.047619047619047,🟢 Baixo Risco,0,1,0
7278,2025,31071871,Juiz de Fora,136,19.047619047619047,🟢 Baixo Risco,0,1,0
7279,2025,31071919,Juiz de Fora,203,19.047619047619047,🟢 Baixo Risco,0,1,0
7280,2025,31071951,Juiz de Fora,323,19.047619047619047,🟢 Baixo Risco,0,1,0
7281,2025,31073288,Santana do Deserto,72,19.047619047619047,🟢 Baixo Risco,0,1,0
7282,2025,31267317,Juiz de Fora,657,19.047619047619047,🟢 Baixo Risco,0,1,0
7283,2025,31249980,Itajubá,179,19.047619047619047,🟢 Baixo Risco,0,1,0
7284,2025,31250074,Candeias,493,19.047619047619047,🟢 Baixo Risco,0,1,0
7285,2025,31250376,Itapagipe,268,19.047619047619047,🟢 Baixo Risco,0,1,0
7286,2025,31250601,Araguari,466,19.047619047619047,🟢 Baixo Risco,0,1,0
7287,2025,31074489,Juiz de Fora,255,19.047619047619047,🟢 Baixo Risco,0,1,0
7288,2025,31074594,Juiz de Fora,746,19.047619047619047,🟢 Baixo Risco,0,1,0
7289,2025,31266639,Mário Campos,564,19.047619047619047,🟢 Baixo Risco,0,1,0
7290,2025,31266647,Vespasiano,859,19.047619047619047,🟢 Baixo Risco,0,1,0
7291,2025,31266086,Salinas,33,19.047619047619047,🟢 Baixo Risco,0,1,0
7292,2025,31250660,Itajubá,279,19.047619047619047,🟢 Baixo Risco,0,1,0
7293,2025,31250872,Monsenhor Paulo,61,19.047619047619047,🟢 Baixo Risco,0,1,0
7294,2025,31251071,Teixeiras,168,19.047619047619047,🟢 Baixo Risco,0,1,0
7295,2025,31251160,Varginha,675,19.047619047619047,🟢 Baixo Risco,0,1,0
7296,2025,31081256,Montes Claros,475,19.047619047619047,🟢 Baixo Risco,0,1,0
7297,2025,31266175,Marilac,291,19.047619047619047,🟢 Baixo Risco,0,1,0
7298,2025,31266396,Coromandel,342,19.047619047619047,🟢 Baixo Risco,0,1,0
7299,2025,31266434,Juiz de Fora,212,19.047619047619047,🟢 Baixo Risco,0,1,0
7300,2025,31073806,Senador Cortes,32,19.047619047619047,🟢 Baixo Risco,0,1,0
7301,2025,31073822,Senador Cortes,254,19.047619047619047,🟢 Baixo Risco,0,1,0
7302,2025,31202207,Campo Belo,275,19.047619047619047,🟢 Baixo Risco,0,1,0
7303,2025,31103268,Itabira,409,19.047619047619047,🟢 Baixo Risco,0,1,0
7304,2025,31265357,São Gotardo,532,19.047619047619047,🟢 Baixo Risco,0,1,0
7305,2025,31099007,Palma,268,19.047619047619047,🟢 Baixo Risco,0,1,0
7306,2025,31099040,Palma,49,19.047619047619047,🟢 Baixo Risco,0,1,0
7307,2025,31265705,Lagoa Santa,140,19.047619047619047,🟢 Baixo Risco,0,1,0
7308,2025,31075272,São João do Manhuaçu,54,19.047619047619047,🟢 Baixo Risco,0,1,0
7309,2025,31202363,Campo Belo,382,19.047619047619047,🟢 Baixo Risco,0,1,0
7310,2025,31264636,Ipuiúna,183,19.047619047619047,🟢 Baixo Risco,0,1,0
7311,2025,31264873,Tarumirim,13,19.047619047619047,🟢 Baixo Risco,0,1,0
7312,2025,31202681,Cristais,340,19.047619047619047,🟢 Baixo Risco,0,1,0
7313,2025,31075451,Durandé,75,19.047619047619047,🟢 Baixo Risco,0,1,0
7314,2025,31262978,Santana de Cataguases,403,19.047619047619047,🟢 Baixo Risco,0,1,0
7315,2025,31263206,Chapada Gaúcha,1123,19.047619047619047,🟢 Baixo Risco,0,1,0
7316,2025,31262498,Araguari,697,19.047619047619047,🟢 Baixo Risco,0,1,0
7317,2025,31076791,Manhuaçu,237,19.047619047619047,🟢 Baixo Risco,0,1,0
7318,2025,31261351,Ribeirão das Neves,294,19.047619047619047,🟢 Baixo Risco,0,1,0
7319,2025,31203432,Perdões,386,19.047619047619047,🟢 Baixo Risco,0,1,0
7320,2025,31203751,Campo Belo,447,19.047619047619047,🟢 Baixo Risco,0,1,0
7321,2025,31098949,Muriaé,51,19.047619047619047,🟢 Baixo Risco,0,1,0
7322,2025,31078841,Simonésia,15,19.047619047619047,🟢 Baixo Risco,0,1,0
7323,2025,31260428,Pirapetinga,259,19.047619047619047,🟢 Baixo Risco,0,1,0
7324,2025,31260126,Juiz de Fora,841,19.047619047619047,🟢 Baixo Risco,0,1,0
7325,2025,31260134,Juiz de Fora,367,19.047619047619047,🟢 Baixo Risco,0,1,0
7326,2025,31260304,Campo Belo,386,19.047619047619047,🟢 Baixo Risco,0,1,0
7327,2025,31204200,Cristais,236,19.047619047619047,🟢 Baixo Risco,0,1,0
7328,2025,31258881,Barão de Cocais,477,19.047619047619047,🟢 Baixo Risco,0,1,0
7329,2025,31259322,Brumadinho,26,19.047619047619047,🟢 Baixo Risco,0,1,0
7330,2025,31259331,Juatuba,735,19.047619047619047,🟢 Baixo Risco,0,1,0
7331,2025,31258733,Juatuba,335,19.047619047619047,🟢 Baixo Risco,0,1,0
7332,2025,31258750,Juatuba,166,19.047619047619047,🟢 Baixo Risco,0,1,0
7333,2025,31258792,Caeté,249,19.047619047619047,🟢 Baixo Risco,0,1,0
7334,2025,31205532,Bonito de Minas,161,19.047619047619047,🟢 Baixo Risco,0,1,0
7335,2025,31257273,Papagaios,140,19.047619047619047,🟢 Baixo Risco,0,1,0
7336,2025,31080292,Francisco Sá,82,19.047619047619047,🟢 Baixo Risco,0,1,0
7337,2025,31211419,Ibirité,545,19.047619047619047,🟢 Baixo Risco,0,1,0
7338,2025,31255840,Carbonita,452,19.047619047619047,🟢 Baixo Risco,0,1,0
7339,2025,31100587,Faria Lemos,16,19.047619047619047,🟢 Baixo Risco,0,1,0
7340,2025,31207179,Bonito de Minas,67,19.047619047619047,🟢 Baixo Risco,0,1,0
7341,2025,31253685,Januária,76,19.047619047619047,🟢 Baixo Risco,0,1,0
7342,2025,31253740,Coronel Xavier Chaves,272,19.047619047619047,🟢 Baixo Risco,0,1,0
7343,2025,31099643,Além Paraíba,19,19.047619047619047,🟢 Baixo Risco,0,1,0
7344,2025,31208183,Itabirito,717,19.047619047619047,🟢 Baixo Risco,0,1,0
7345,2025,31253499,Varzelândia,32,19.047619047619047,🟢 Baixo Risco,0,1,0
7346,2025,31099180,Pirapetinga,462,19.047619047619047,🟢 Baixo Risco,0,1,0
7347,2025,31099261,Recreio,11,19.047619047619047,🟢 Baixo Risco,0,1,0
7348,2025,31389418,Lagoa Dourada,96,19.047619047619047,🟢 Baixo Risco,0,1,0
7349,2025,31127451,Poços de Caldas,472,19.047619047619047,🟢 Baixo Risco,0,1,0
7350,2025,31389417,Jequitinhonha,43,19.047619047619047,🟢 Baixo Risco,0,1,0
7351,2025,31389401,Pouso Alegre,85,19.047619047619047,🟢 Baixo Risco,0,1,0
7352,2025,31326691,Pará de Minas,159,14.285714285714285,🟢 Baixo Risco,1,1,1
7353,2025,31064793,Manga,23,14.285714285714285,🟢 Baixo Risco,1,1,1
7354,2025,31314111,Mutum,24,14.285714285714285,🟢 Baixo Risco,1,1,1
7355,2025,31055816,Monte Sião,597,14.285714285714285,🟢 Baixo Risco,1,1,1
7356,2025,31310671,Sete Lagoas,603,14.285714285714285,🟢 Baixo Risco,1,1,1
7357,2025,31378925,Curvelo,50,14.285714285714285,🟢 Baixo Risco,1,1,1
7358,2025,31379654,Ervália,90,14.285714285714285,🟢 Baixo Risco,1,1,1
7359,2025,31000442,Belo Horizonte,908,0.0,🟢 Baixo Risco,0,1,1
7360,2025,31000370,Belo Horizonte,714,0.0,🟢 Baixo Risco,0,1,1
7361,2025,31000515,Belo Horizonte,563,0.0,🟢 Baixo Risco,0,1,1
7362,2025,31000566,Belo Horizonte,363,0.0,🟢 Baixo Risco,0,1,1
7363,2025,31096491,Além Paraíba,491,0.0,🟢 Baixo Risco,0,1,1
7364,2025,31000116,Belo Horizonte,154,0.0,🟢 Baixo Risco,0,1,1
7365,2025,31000507,Belo Horizonte,105,0.0,🟢 Baixo Risco,0,1,1
7366,2025,31000205,Belo Horizonte,716,0.0,🟢 Baixo Risco,0,1,1
7367,2025,31000191,Belo Horizonte,605,0.0,🟢 Baixo Risco,0,1,1
7368,2025,31000183,Belo Horizonte,86,0.0,🟢 Baixo Risco,0,1,1
7369,2025,31000175,Belo Horizonte,1199,0.0,🟢 Baixo Risco,0,1,1
7370,2025,31000159,Belo Horizonte,602,0.0,🟢 Baixo Risco,0,1,1
7371,2025,31226599,Betim,663,0.0,🟢 Baixo Risco,0,1,1
7372,2025,31000426,Belo Horizonte,496,0.0,🟢 Baixo Risco,0,1,1
7373,2025,31096628,Antônio Prado de Minas,161,0.0,🟢 Baixo Risco,0,1,1
7374,2025,31096555,Além Paraíba,93,0.0,🟢 Baixo Risco,0,1,1
7375,2025,31096547,Além Paraíba,177,0.0,🟢 Baixo Risco,0,1,1
7376,2025,31096539,Além Paraíba,388,0.0,🟢 Baixo Risco,0,1,1
7377,2025,31096521,Além Paraíba,1632,0.0,🟢 Baixo Risco,0,1,1
7378,2025,31096512,Além Paraíba,392,0.0,🟢 Baixo Risco,0,1,1
7379,2025,31389406,Uberlândia,155,0.0,🟢 Baixo Risco,0,1,1
7380,2025,31000027,Belo Horizonte,454,0.0,🟢 Baixo Risco,0,1,1
7381,2025,31000035,Belo Horizonte,952,0.0,🟢 Baixo Risco,0,1,1
7382,2025,31000051,Belo Horizonte,105,0.0,🟢 Baixo Risco,0,1,1
7383,2025,31000060,Belo Horizonte,134,0.0,🟢 Baixo Risco,0,1,1
7384,2025,31000078,Belo Horizonte,219,0.0,🟢 Baixo Risco,0,1,1
7385,2025,31099431,São Francisco do Glória,341,0.0,🟢 Baixo Risco,0,1,1
7386,2025,31099376,Santo Antônio do Aventureiro,299,0.0,🟢 Baixo Risco,0,1,1
7387,2025,31099317,Santana de Cataguases,113,0.0,🟢 Baixo Risco,0,1,1
7388,2025,31099295,Recreio,107,0.0,🟢 Baixo Risco,0,1,1
7389,2025,31099252,Recreio,277,0.0,🟢 Baixo Risco,0,1,1
7390,2025,31099171,Pirapetinga,364,0.0,🟢 Baixo Risco,0,1,1
7391,2025,31099155,Pedra Dourada,318,0.0,🟢 Baixo Risco,0,1,1
7392,2025,31080861,Catuti,268,0.0,🟢 Baixo Risco,0,1,1
7393,2025,31080853,Mato Verde,1481,0.0,🟢 Baixo Risco,0,1,1
7394,2025,31253481,Varzelândia,222,0.0,🟢 Baixo Risco,0,1,1
7395,2025,31253430,Itacambira,112,0.0,🟢 Baixo Risco,0,1,1
7396,2025,31253421,Curvelo,91,0.0,🟢 Baixo Risco,0,1,1
7397,2025,31253413,Belo Horizonte,900,0.0,🟢 Baixo Risco,0,1,1
7398,2025,31253154,Sabará,579,0.0,🟢 Baixo Risco,0,1,1
7399,2025,31208191,Ouro Preto,141,0.0,🟢 Baixo Risco,0,1,1
7400,2025,31099015,Palma,321,0.0,🟢 Baixo Risco,0,1,1
7401,2025,31209996,São Francisco de Paula,133,0.0,🟢 Baixo Risco,0,1,1
7402,2025,31099589,Volta Grande,188,0.0,🟢 Baixo Risco,0,1,1
7403,2025,31099562,Vieiras,172,0.0,🟢 Baixo Risco,0,1,1
7404,2025,31099546,Tombos,128,0.0,🟢 Baixo Risco,0,1,1
7405,2025,31099503,Tombos,508,0.0,🟢 Baixo Risco,0,1,1
7406,2025,31209813,Congonhas,137,0.0,🟢 Baixo Risco,0,1,1
7407,2025,31080624,Janaúba,533,0.0,🟢 Baixo Risco,0,1,1
7408,2025,31080616,Janaúba,799,0.0,🟢 Baixo Risco,0,1,1
7409,2025,31080608,Janaúba,566,0.0,🟢 Baixo Risco,0,1,1
7410,2025,31253898,Lagoa Santa,333,0.0,🟢 Baixo Risco,0,1,1
7411,2025,31253871,Contagem,828,0.0,🟢 Baixo Risco,0,1,1
7412,2025,31253855,Caratinga,636,0.0,🟢 Baixo Risco,0,1,1
7413,2025,31253677,Januária,95,0.0,🟢 Baixo Risco,0,1,1
7414,2025,31253651,Januária,54,0.0,🟢 Baixo Risco,0,1,1
7415,2025,31253588,São Francisco,179,0.0,🟢 Baixo Risco,0,1,1
7416,2025,31253511,Varzelândia,121,0.0,🟢 Baixo Risco,0,1,1
7417,2025,31254045,Água Boa,46,0.0,🟢 Baixo Risco,0,1,1
7418,2025,31080837,Mato Verde,459,0.0,🟢 Baixo Risco,0,1,1
7419,2025,31080829,Mato Verde,469,0.0,🟢 Baixo Risco,0,1,1
7420,2025,31080802,Lassance,510,0.0,🟢 Baixo Risco,0,1,1
7421,2025,31080764,Lagoa dos Patos,344,0.0,🟢 Baixo Risco,0,1,1
7422,2025,31080748,Glaucilândia,76,0.0,🟢 Baixo Risco,0,1,1
7423,2025,31080730,Glaucilândia,225,0.0,🟢 Baixo Risco,0,1,1
7424,2025,31080705,Juramento,308,0.0,🟢 Baixo Risco,0,1,1
7425,2025,31080683,Jequitaí,195,0.0,🟢 Baixo Risco,0,1,1
7426,2025,31080675,Jequitaí,472,0.0,🟢 Baixo Risco,0,1,1
7427,2025,31080659,Janaúba,160,0.0,🟢 Baixo Risco,0,1,1
7428,2025,31205893,Capelinha,545,0.0,🟢 Baixo Risco,0,1,1
7429,2025,31102954,Ferros,44,0.0,🟢 Baixo Risco,0,1,1
7430,2025,31209643,Mata Verde,273,0.0,🟢 Baixo Risco,0,1,1
7431,2025,31209619,Almenara,300,0.0,🟢 Baixo Risco,0,1,1
7432,2025,31080641,Janaúba,335,0.0,🟢 Baixo Risco,0,1,1
7433,2025,31080632,Janaúba,773,0.0,🟢 Baixo Risco,0,1,1
7434,2025,31255009,Frutal,52,0.0,🟢 Baixo Risco,0,1,1
7435,2025,31254932,Curvelo,1240,0.0,🟢 Baixo Risco,0,1,1
7436,2025,31254746,Três Corações,509,0.0,🟢 Baixo Risco,0,1,1
7437,2025,31254738,Três Corações,226,0.0,🟢 Baixo Risco,0,1,1
7438,2025,31254720,Igarapé,562,0.0,🟢 Baixo Risco,0,1,1
7439,2025,31254622,Curvelo,429,0.0,🟢 Baixo Risco,0,1,1
7440,2025,31254614,Curvelo,555,0.0,🟢 Baixo Risco,0,1,1
7441,2025,31254487,Ouro Verde de Minas,183,0.0,🟢 Baixo Risco,0,1,1
7442,2025,31254452,Santo Antônio do Grama,421,0.0,🟢 Baixo Risco,0,1,1
7443,2025,31254312,São João do Paraíso,70,0.0,🟢 Baixo Risco,0,1,1
7444,2025,31254223,Contagem,446,0.0,🟢 Baixo Risco,0,1,1
7445,2025,31205648,Nova Porteirinha,166,0.0,🟢 Baixo Risco,0,1,1
7446,2025,31205621,Joanésia,288,0.0,🟢 Baixo Risco,0,1,1
7447,2025,31207985,Itacambira,23,0.0,🟢 Baixo Risco,0,1,1
7448,2025,31207756,São João da Lagoa,245,0.0,🟢 Baixo Risco,0,1,1
7449,2025,31207403,Uberlândia,910,0.0,🟢 Baixo Risco,0,1,1
7450,2025,31100455,Espera Feliz,248,0.0,🟢 Baixo Risco,0,1,1
7451,2025,31206521,Belo Horizonte,706,0.0,🟢 Baixo Risco,0,1,1
7452,2025,31254185,Baldim,124,0.0,🟢 Baixo Risco,0,1,1
7453,2025,31080462,Padre Carvalho,348,0.0,🟢 Baixo Risco,0,1,1
7454,2025,31080454,Josenópolis,423,0.0,🟢 Baixo Risco,0,1,1
7455,2025,31080446,Grão Mogol,215,0.0,🟢 Baixo Risco,0,1,1
7456,2025,31080411,Grão Mogol,589,0.0,🟢 Baixo Risco,0,1,1
7457,2025,31080403,Padre Carvalho,267,0.0,🟢 Baixo Risco,0,1,1
7458,2025,31080390,Francisco Sá,250,0.0,🟢 Baixo Risco,0,1,1
7459,2025,31255611,Senhora dos Remédios,473,0.0,🟢 Baixo Risco,0,1,1
7460,2025,31255157,Santana do Paraíso,484,0.0,🟢 Baixo Risco,0,1,1
7461,2025,31255017,Frutal,87,0.0,🟢 Baixo Risco,0,1,1
7462,2025,31256030,São Geraldo da Piedade,108,0.0,🟢 Baixo Risco,0,1,1
7463,2025,31080594,Janaúba,412,0.0,🟢 Baixo Risco,0,1,1
7464,2025,31080586,Janaúba,545,0.0,🟢 Baixo Risco,0,1,1
7465,2025,31080578,Janaúba,268,0.0,🟢 Baixo Risco,0,1,1
7466,2025,31080560,Janaúba,260,0.0,🟢 Baixo Risco,0,1,1
7467,2025,31080535,Janaúba,2252,0.0,🟢 Baixo Risco,0,1,1
7468,2025,31080527,Itacambira,39,0.0,🟢 Baixo Risco,0,1,1
7469,2025,31080519,Itacambira,260,0.0,🟢 Baixo Risco,0,1,1
7470,2025,31080501,Ibiaí,133,0.0,🟢 Baixo Risco,0,1,1
7471,2025,31251330,Betim,786,0.0,🟢 Baixo Risco,0,1,1
7472,2025,31081221,Gameleiras,386,0.0,🟢 Baixo Risco,0,1,1
7473,2025,31081094,Monte Azul,578,0.0,🟢 Baixo Risco,0,1,1
7474,2025,31081060,Monte Azul,741,0.0,🟢 Baixo Risco,0,1,1
7475,2025,31081043,Monte Azul,171,0.0,🟢 Baixo Risco,0,1,1
7476,2025,31081035,Gameleiras,179,0.0,🟢 Baixo Risco,0,1,1
7477,2025,31081027,Monte Azul,237,0.0,🟢 Baixo Risco,0,1,1
7478,2025,31081001,Monte Azul,346,0.0,🟢 Baixo Risco,0,1,1
7479,2025,31080918,Patis,413,0.0,🟢 Baixo Risco,0,1,1
7480,2025,31080900,Mirabela,825,0.0,🟢 Baixo Risco,0,1,1
7481,2025,31080896,Mirabela,362,0.0,🟢 Baixo Risco,0,1,1
7482,2025,31080888,Mirabela,426,0.0,🟢 Baixo Risco,0,1,1
7483,2025,31080870,Mato Verde,39,0.0,🟢 Baixo Risco,0,1,1
7484,2025,31098744,Muriaé,556,0.0,🟢 Baixo Risco,0,1,1
7485,2025,31211435,Santa Bárbara,414,0.0,🟢 Baixo Risco,0,1,1
7486,2025,31080489,Ibiaí,231,0.0,🟢 Baixo Risco,0,1,1
7487,2025,31080471,Ibiaí,388,0.0,🟢 Baixo Risco,0,1,1
7488,2025,31080314,Francisco Sá,478,0.0,🟢 Baixo Risco,0,1,1
7489,2025,31080268,Francisco Dumont,449,0.0,🟢 Baixo Risco,0,1,1
7490,2025,31080241,Mamonas,476,0.0,🟢 Baixo Risco,0,1,1
7491,2025,31080233,Espinosa,317,0.0,🟢 Baixo Risco,0,1,1
7492,2025,31080217,Espinosa,61,0.0,🟢 Baixo Risco,0,1,1
7493,2025,31080209,Espinosa,247,0.0,🟢 Baixo Risco,0,1,1
7494,2025,31080195,Espinosa,713,0.0,🟢 Baixo Risco,0,1,1
7495,2025,31080187,Espinosa,676,0.0,🟢 Baixo Risco,0,1,1
7496,2025,31080101,Espinosa,118,0.0,🟢 Baixo Risco,0,1,1
7497,2025,31256234,João Pinheiro,311,0.0,🟢 Baixo Risco,0,1,1
7498,2025,31256226,Martinho Campos,356,0.0,🟢 Baixo Risco,0,1,1
7499,2025,31204722,Oliveira,429,0.0,🟢 Baixo Risco,0,1,1
7500,2025,31102911,Ferros,503,0.0,🟢 Baixo Risco,0,1,1
7501,2025,31102873,Dionísio,124,0.0,🟢 Baixo Risco,0,1,1
7502,2025,31102865,Dionísio,406,0.0,🟢 Baixo Risco,0,1,1
7503,2025,31102831,Dionísio,216,0.0,🟢 Baixo Risco,0,1,1
7504,2025,31102814,Dionísio,174,0.0,🟢 Baixo Risco,0,1,1
7505,2025,31102806,Bom Jesus do Amparo,77,0.0,🟢 Baixo Risco,0,1,1
7506,2025,31102792,Bom Jesus do Amparo,493,0.0,🟢 Baixo Risco,0,1,1
7507,2025,31102784,Bela Vista de Minas,245,0.0,🟢 Baixo Risco,0,1,1
7508,2025,31102750,Bela Vista de Minas,352,0.0,🟢 Baixo Risco,0,1,1
7509,2025,31102733,Bela Vista de Minas,344,0.0,🟢 Baixo Risco,0,1,1
7510,2025,31205702,Belo Horizonte,373,0.0,🟢 Baixo Risco,0,1,1
7511,2025,31205699,Belo Horizonte,468,0.0,🟢 Baixo Risco,0,1,1
7512,2025,31205664,Montes Claros,1502,0.0,🟢 Baixo Risco,0,1,1
7513,2025,31256200,Cláudio,349,0.0,🟢 Baixo Risco,0,1,1
7514,2025,31079910,São João do Pacuí,54,0.0,🟢 Baixo Risco,0,1,1
7515,2025,31079901,Coração de Jesus,376,0.0,🟢 Baixo Risco,0,1,1
7516,2025,31079880,Coração de Jesus,283,0.0,🟢 Baixo Risco,0,1,1
7517,2025,31079871,Coração de Jesus,569,0.0,🟢 Baixo Risco,0,1,1
7518,2025,31256251,Conselheiro Pena,54,0.0,🟢 Baixo Risco,0,1,1
7519,2025,31080373,Francisco Sá,152,0.0,🟢 Baixo Risco,0,1,1
7520,2025,31080357,Francisco Sá,304,0.0,🟢 Baixo Risco,0,1,1
7521,2025,31080349,Francisco Sá,566,0.0,🟢 Baixo Risco,0,1,1
7522,2025,31080322,Francisco Sá,265,0.0,🟢 Baixo Risco,0,1,1
7523,2025,31257028,Cataguases,281,0.0,🟢 Baixo Risco,0,1,1
7524,2025,31256994,Fervedouro,18,0.0,🟢 Baixo Risco,0,1,1
7525,2025,31080080,Espinosa,1127,0.0,🟢 Baixo Risco,0,1,1
7526,2025,31080047,Engenheiro Navarro,692,0.0,🟢 Baixo Risco,0,1,1
7527,2025,31080012,Cristália,602,0.0,🟢 Baixo Risco,0,1,1
7528,2025,31079995,Coração de Jesus,125,0.0,🟢 Baixo Risco,0,1,1
7529,2025,31079987,São João do Pacuí,338,0.0,🟢 Baixo Risco,0,1,1
7530,2025,31079979,São João da Lagoa,449,0.0,🟢 Baixo Risco,0,1,1
7531,2025,31079961,Coração de Jesus,72,0.0,🟢 Baixo Risco,0,1,1
7532,2025,31079952,Coração de Jesus,122,0.0,🟢 Baixo Risco,0,1,1
7533,2025,31079944,Coração de Jesus,253,0.0,🟢 Baixo Risco,0,1,1
7534,2025,31079936,Coração de Jesus,153,0.0,🟢 Baixo Risco,0,1,1
7535,2025,31079693,Buritizeiro,249,0.0,🟢 Baixo Risco,0,1,1
7536,2025,31079685,Japonvar,412,0.0,🟢 Baixo Risco,0,1,1
7537,2025,31079677,Luislândia,600,0.0,🟢 Baixo Risco,0,1,1
7538,2025,31079651,Brasília de Minas,299,0.0,🟢 Baixo Risco,0,1,1
7539,2025,31079642,Campo Azul,324,0.0,🟢 Baixo Risco,0,1,1
7540,2025,31258601,Baependi,216,0.0,🟢 Baixo Risco,0,1,1
7541,2025,31258539,Coimbra,504,0.0,🟢 Baixo Risco,0,1,1
7542,2025,31258407,Pouso Alegre,1028,0.0,🟢 Baixo Risco,0,1,1
7543,2025,31103021,Ferros,141,0.0,🟢 Baixo Risco,0,1,1
7544,2025,31102971,Ferros,130,0.0,🟢 Baixo Risco,0,1,1
7545,2025,31205613,Cachoeira de Pajeú,220,0.0,🟢 Baixo Risco,0,1,1
7546,2025,31205605,Iturama,304,0.0,🟢 Baixo Risco,0,1,1
7547,2025,31205591,Sete Lagoas,377,0.0,🟢 Baixo Risco,0,1,1
7548,2025,31205559,Formoso,425,0.0,🟢 Baixo Risco,0,1,1
7549,2025,31205541,Matipó,486,0.0,🟢 Baixo Risco,0,1,1
7550,2025,31205516,Bonito de Minas,41,0.0,🟢 Baixo Risco,0,1,1
7551,2025,31205508,Bonito de Minas,93,0.0,🟢 Baixo Risco,0,1,1
7552,2025,31205460,Chapada Gaúcha,638,0.0,🟢 Baixo Risco,0,1,1
7553,2025,31205451,Bonito de Minas,74,0.0,🟢 Baixo Risco,0,1,1
7554,2025,31205371,Governador Valadares,654,0.0,🟢 Baixo Risco,0,1,1
7555,2025,31204731,Oliveira,312,0.0,🟢 Baixo Risco,0,1,1
7556,2025,31258865,Barão de Cocais,541,0.0,🟢 Baixo Risco,0,1,1
7557,2025,31258717,Andrelândia,463,0.0,🟢 Baixo Risco,0,1,1
7558,2025,31079863,Coração de Jesus,1079,0.0,🟢 Baixo Risco,0,1,1
7559,2025,31079855,Claro dos Poções,179,0.0,🟢 Baixo Risco,0,1,1
7560,2025,31079839,Claro dos Poções,520,0.0,🟢 Baixo Risco,0,1,1
7561,2025,31079812,Capitão Enéas,188,0.0,🟢 Baixo Risco,0,1,1
7562,2025,31079804,Capitão Enéas,154,0.0,🟢 Baixo Risco,0,1,1
7563,2025,31079791,Capitão Enéas,526,0.0,🟢 Baixo Risco,0,1,1
7564,2025,31079782,Capitão Enéas,499,0.0,🟢 Baixo Risco,0,1,1
7565,2025,31079758,Buritizeiro,137,0.0,🟢 Baixo Risco,0,1,1
7566,2025,31079715,Buritizeiro,670,0.0,🟢 Baixo Risco,0,1,1
7567,2025,31079448,Bocaiúva,1815,0.0,🟢 Baixo Risco,0,1,1
7568,2025,31259594,Cabo Verde,232,0.0,🟢 Baixo Risco,0,1,1
7569,2025,31259551,Viçosa,797,0.0,🟢 Baixo Risco,0,1,1
7570,2025,31259381,Chiador,35,0.0,🟢 Baixo Risco,0,1,1
7571,2025,31259209,Santo Antônio do Amparo,7,0.0,🟢 Baixo Risco,0,1,1
7572,2025,31259136,Ilicínea,341,0.0,🟢 Baixo Risco,0,1,1
7573,2025,31259047,Santana do Paraíso,461,0.0,🟢 Baixo Risco,0,1,1
7574,2025,31258954,Divisópolis,613,0.0,🟢 Baixo Risco,0,1,1
7575,2025,31079618,Brasília de Minas,676,0.0,🟢 Baixo Risco,0,1,1
7576,2025,31079600,Brasília de Minas,1124,0.0,🟢 Baixo Risco,0,1,1
7577,2025,31079596,Brasília de Minas,328,0.0,🟢 Baixo Risco,0,1,1
7578,2025,31079588,Brasília de Minas,1075,0.0,🟢 Baixo Risco,0,1,1
7579,2025,31079570,Brasília de Minas,283,0.0,🟢 Baixo Risco,0,1,1
7580,2025,31079561,Brasília de Minas,305,0.0,🟢 Baixo Risco,0,1,1
7581,2025,31079545,Botumirim,25,0.0,🟢 Baixo Risco,0,1,1
7582,2025,31079537,Botumirim,335,0.0,🟢 Baixo Risco,0,1,1
7583,2025,31079511,Botumirim,375,0.0,🟢 Baixo Risco,0,1,1
7584,2025,31079502,Botumirim,161,0.0,🟢 Baixo Risco,0,1,1
7585,2025,31079499,Bocaiúva,100,0.0,🟢 Baixo Risco,0,1,1
7586,2025,31203408,Oliveira,222,0.0,🟢 Baixo Risco,0,1,1
7587,2025,31203360,Oliveira,789,0.0,🟢 Baixo Risco,0,1,1
7588,2025,31204552,Lavras,110,0.0,🟢 Baixo Risco,0,1,1
7589,2025,31103187,Itabira,1406,0.0,🟢 Baixo Risco,0,1,1
7590,2025,31103179,Itabira,344,0.0,🟢 Baixo Risco,0,1,1
7591,2025,31103161,Itabira,569,0.0,🟢 Baixo Risco,0,1,1
7592,2025,31103152,Itabira,306,0.0,🟢 Baixo Risco,0,1,1
7593,2025,31103144,Itabira,1008,0.0,🟢 Baixo Risco,0,1,1
7594,2025,31103136,Itabira,527,0.0,🟢 Baixo Risco,0,1,1
7595,2025,31103110,Itabira,366,0.0,🟢 Baixo Risco,0,1,1
7596,2025,31103101,Itabira,931,0.0,🟢 Baixo Risco,0,1,1
7597,2025,31103098,Itabira,967,0.0,🟢 Baixo Risco,0,1,1
7598,2025,31103071,Itabira,354,0.0,🟢 Baixo Risco,0,1,1
7599,2025,31079472,Olhos-d'Água,607,0.0,🟢 Baixo Risco,0,1,1
7600,2025,31079464,Guaraciama,521,0.0,🟢 Baixo Risco,0,1,1
7601,2025,31260347,Uberaba,939,0.0,🟢 Baixo Risco,0,1,1
7602,2025,31260045,Betim,851,0.0,🟢 Baixo Risco,0,1,1
7603,2025,31260029,Betim,794,0.0,🟢 Baixo Risco,0,1,1
7604,2025,31260011,Ituiutaba,616,0.0,🟢 Baixo Risco,0,1,1
7605,2025,31260355,Vazante,409,0.0,🟢 Baixo Risco,0,1,1
7606,2025,31079430,Bocaiúva,610,0.0,🟢 Baixo Risco,0,1,1
7607,2025,31079421,Bocaiúva,531,0.0,🟢 Baixo Risco,0,1,1
7608,2025,31079413,Bocaiúva,645,0.0,🟢 Baixo Risco,0,1,1
7609,2025,31079405,Bocaiúva,586,0.0,🟢 Baixo Risco,0,1,1
7610,2025,31079391,Bocaiúva,1244,0.0,🟢 Baixo Risco,0,1,1
7611,2025,31079383,Bocaiúva,679,0.0,🟢 Baixo Risco,0,1,1
7612,2025,31202983,Lavras,898,0.0,🟢 Baixo Risco,0,1,1
7613,2025,31202975,Lavras,439,0.0,🟢 Baixo Risco,0,1,1
7614,2025,31102962,Ferros,208,0.0,🟢 Baixo Risco,0,1,1
7615,2025,31098981,Muriaé,255,0.0,🟢 Baixo Risco,0,1,1
7616,2025,31098965,Rosário da Limeira,196,0.0,🟢 Baixo Risco,0,1,1
7617,2025,31098884,Muriaé,192,0.0,🟢 Baixo Risco,0,1,1
7618,2025,31098868,Muriaé,201,0.0,🟢 Baixo Risco,0,1,1
7619,2025,31098833,Muriaé,139,0.0,🟢 Baixo Risco,0,1,1
7620,2025,31098809,Muriaé,252,0.0,🟢 Baixo Risco,0,1,1
7621,2025,31098787,Muriaé,235,0.0,🟢 Baixo Risco,0,1,1
7622,2025,31081272,Montes Claros,2932,0.0,🟢 Baixo Risco,0,1,1
7623,2025,31081264,Montes Claros,1539,0.0,🟢 Baixo Risco,0,1,1
7624,2025,31252409,Ferros,147,0.0,🟢 Baixo Risco,0,1,1
7625,2025,31252077,Chiador,66,0.0,🟢 Baixo Risco,0,1,1
7626,2025,31251852,Andradas,288,0.0,🟢 Baixo Risco,0,1,1
7627,2025,31251828,Alterosa,245,0.0,🟢 Baixo Risco,0,1,1
7628,2025,31251356,Betim,462,0.0,🟢 Baixo Risco,0,1,1
7629,2025,31251348,Vespasiano,794,0.0,🟢 Baixo Risco,0,1,1
7630,2025,31203564,São Francisco de Paula,572,0.0,🟢 Baixo Risco,0,1,1
7631,2025,31203556,Santana do Jacaré,285,0.0,🟢 Baixo Risco,0,1,1
7632,2025,31203530,Santana do Jacaré,296,0.0,🟢 Baixo Risco,0,1,1
7633,2025,31203521,Ribeirão Vermelho,287,0.0,🟢 Baixo Risco,0,1,1
7634,2025,31203483,Perdões,503,0.0,🟢 Baixo Risco,0,1,1
7635,2025,31203475,Perdões,110,0.0,🟢 Baixo Risco,0,1,1
7636,2025,31203441,Perdões,471,0.0,🟢 Baixo Risco,0,1,1
7637,2025,31079367,Bocaiúva,300,0.0,🟢 Baixo Risco,0,1,1
7638,2025,31079359,Bocaiúva,404,0.0,🟢 Baixo Risco,0,1,1
7639,2025,31077925,Mutum,41,0.0,🟢 Baixo Risco,0,1,1
7640,2025,31261505,Manhuaçu,347,0.0,🟢 Baixo Risco,0,1,1
7641,2025,31261009,Lavras,601,0.0,🟢 Baixo Risco,0,1,1
7642,2025,31260991,Betim,712,0.0,🟢 Baixo Risco,0,1,1
7643,2025,31260720,Três Pontas,702,0.0,🟢 Baixo Risco,0,1,1
7644,2025,31076252,Conceição de Ipanema,108,0.0,🟢 Baixo Risco,0,1,1
7645,2025,31076660,São João do Manhuaçu,90,0.0,🟢 Baixo Risco,0,1,1
7646,2025,31077071,São João do Manhuaçu,36,0.0,🟢 Baixo Risco,0,1,1
7647,2025,31077038,São João do Manhuaçu,18,0.0,🟢 Baixo Risco,0,1,1
7648,2025,31262099,Três Corações,326,0.0,🟢 Baixo Risco,0,1,1
7649,2025,31261891,Montes Claros,818,0.0,🟢 Baixo Risco,0,1,1
7650,2025,31202665,Cristais,790,0.0,🟢 Baixo Risco,0,1,1
7651,2025,31202495,Candeias,418,0.0,🟢 Baixo Risco,0,1,1
7652,2025,31203343,Oliveira,299,0.0,🟢 Baixo Risco,0,1,1
7653,2025,31203327,Oliveira,158,0.0,🟢 Baixo Risco,0,1,1
7654,2025,31203319,Oliveira,262,0.0,🟢 Baixo Risco,0,1,1
7655,2025,31203301,Oliveira,814,0.0,🟢 Baixo Risco,0,1,1
7656,2025,31203289,Oliveira,614,0.0,🟢 Baixo Risco,0,1,1
7657,2025,31203203,Oliveira,428,0.0,🟢 Baixo Risco,0,1,1
7658,2025,31203122,Lavras,736,0.0,🟢 Baixo Risco,0,1,1
7659,2025,31203106,Lavras,720,0.0,🟢 Baixo Risco,0,1,1
7660,2025,31203092,Lavras,624,0.0,🟢 Baixo Risco,0,1,1
7661,2025,31203076,Lavras,480,0.0,🟢 Baixo Risco,0,1,1
7662,2025,31203017,Lavras,589,0.0,🟢 Baixo Risco,0,1,1
7663,2025,31203009,Lavras,941,0.0,🟢 Baixo Risco,0,1,1
7664,2025,31075914,Simonésia,401,0.0,🟢 Baixo Risco,0,1,1
7665,2025,31075906,Simonésia,77,0.0,🟢 Baixo Risco,0,1,1
7666,2025,31075892,Simonésia,459,0.0,🟢 Baixo Risco,0,1,1
7667,2025,31075884,Simonésia,727,0.0,🟢 Baixo Risco,0,1,1
7668,2025,31075876,Simonésia,140,0.0,🟢 Baixo Risco,0,1,1
7669,2025,31075841,São José do Mantimento,304,0.0,🟢 Baixo Risco,0,1,1
7670,2025,31262811,Vazante,27,0.0,🟢 Baixo Risco,0,1,1
7671,2025,31075388,Manhumirim,599,0.0,🟢 Baixo Risco,0,1,1
7672,2025,31075817,Santana do Manhuaçu,105,0.0,🟢 Baixo Risco,0,1,1
7673,2025,31075809,Santana do Manhuaçu,550,0.0,🟢 Baixo Risco,0,1,1
7674,2025,31075787,Santa Margarida,522,0.0,🟢 Baixo Risco,0,1,1
7675,2025,31075736,Alto Jequitibá,102,0.0,🟢 Baixo Risco,0,1,1
7676,2025,31075728,Alto Jequitibá,548,0.0,🟢 Baixo Risco,0,1,1
7677,2025,31075680,Mutum,349,0.0,🟢 Baixo Risco,0,1,1
7678,2025,31075663,Mutum,254,0.0,🟢 Baixo Risco,0,1,1
7679,2025,31075655,Mutum,204,0.0,🟢 Baixo Risco,0,1,1
7680,2025,31075647,Mutum,215,0.0,🟢 Baixo Risco,0,1,1
7681,2025,31075639,Mutum,45,0.0,🟢 Baixo Risco,0,1,1
7682,2025,31075621,Mutum,21,0.0,🟢 Baixo Risco,0,1,1
7683,2025,31075612,Mutum,242,0.0,🟢 Baixo Risco,0,1,1
7684,2025,31075604,Mutum,97,0.0,🟢 Baixo Risco,0,1,1
7685,2025,31264385,Lima Duarte,12,0.0,🟢 Baixo Risco,0,1,1
7686,2025,31264334,Monte Sião,661,0.0,🟢 Baixo Risco,0,1,1
7687,2025,31075582,Mutum,557,0.0,🟢 Baixo Risco,0,1,1
7688,2025,31075558,Mutum,436,0.0,🟢 Baixo Risco,0,1,1
7689,2025,31075531,Matipó,478,0.0,🟢 Baixo Risco,0,1,1
7690,2025,31075523,Matipó,385,0.0,🟢 Baixo Risco,0,1,1
7691,2025,31075507,Matipó,310,0.0,🟢 Baixo Risco,0,1,1
7692,2025,31075493,Matipó,1084,0.0,🟢 Baixo Risco,0,1,1
7693,2025,31075485,Martins Soares,275,0.0,🟢 Baixo Risco,0,1,1
7694,2025,31075477,Durandé,483,0.0,🟢 Baixo Risco,0,1,1
7695,2025,31103306,Itabira,294,0.0,🟢 Baixo Risco,0,1,1
7696,2025,31103284,Itabira,333,0.0,🟢 Baixo Risco,0,1,1
7697,2025,31202967,Lavras,498,0.0,🟢 Baixo Risco,0,1,1
7698,2025,31202916,Lavras,102,0.0,🟢 Baixo Risco,0,1,1
7699,2025,31202908,Lavras,131,0.0,🟢 Baixo Risco,0,1,1
7700,2025,31202894,Lavras,306,0.0,🟢 Baixo Risco,0,1,1
7701,2025,31202860,Itapecerica,119,0.0,🟢 Baixo Risco,0,1,1
7702,2025,31202851,Itapecerica,206,0.0,🟢 Baixo Risco,0,1,1
7703,2025,31202843,Itapecerica,165,0.0,🟢 Baixo Risco,0,1,1
7704,2025,31202819,Itapecerica,104,0.0,🟢 Baixo Risco,0,1,1
7705,2025,31202801,Itapecerica,192,0.0,🟢 Baixo Risco,0,1,1
7706,2025,31202797,Itapecerica,822,0.0,🟢 Baixo Risco,0,1,1
7707,2025,31202762,Itapecerica,330,0.0,🟢 Baixo Risco,0,1,1
7708,2025,31075434,Manhumirim,243,0.0,🟢 Baixo Risco,0,1,1
7709,2025,31075400,Manhumirim,468,0.0,🟢 Baixo Risco,0,1,1
7710,2025,31075264,Reduto,57,0.0,🟢 Baixo Risco,0,1,1
7711,2025,31075256,Reduto,678,0.0,🟢 Baixo Risco,0,1,1
7712,2025,31075248,Luisburgo,612,0.0,🟢 Baixo Risco,0,1,1
7713,2025,31075230,Manhuaçu,687,0.0,🟢 Baixo Risco,0,1,1
7714,2025,31075221,Manhuaçu,815,0.0,🟢 Baixo Risco,0,1,1
7715,2025,31075213,Manhuaçu,593,0.0,🟢 Baixo Risco,0,1,1
7716,2025,31264814,Ipanema,301,0.0,🟢 Baixo Risco,0,1,1
7717,2025,31264776,Santa Vitória,446,0.0,🟢 Baixo Risco,0,1,1
7718,2025,31264512,Uberlândia,1087,0.0,🟢 Baixo Risco,0,1,1
7719,2025,31265128,Santa Cruz de Minas,700,0.0,🟢 Baixo Risco,0,1,1
7720,2025,31075353,Manhuaçu,558,0.0,🟢 Baixo Risco,0,1,1
7721,2025,31075345,Manhuaçu,436,0.0,🟢 Baixo Risco,0,1,1
7722,2025,31075337,Manhuaçu,598,0.0,🟢 Baixo Risco,0,1,1
7723,2025,31075329,Manhuaçu,679,0.0,🟢 Baixo Risco,0,1,1
7724,2025,31075311,Manhuaçu,305,0.0,🟢 Baixo Risco,0,1,1
7725,2025,31201910,Monte Carmelo,454,0.0,🟢 Baixo Risco,0,1,1
7726,2025,31202487,Candeias,435,0.0,🟢 Baixo Risco,0,1,1
7727,2025,31202401,Cana Verde,423,0.0,🟢 Baixo Risco,0,1,1
7728,2025,31202355,Campo Belo,345,0.0,🟢 Baixo Risco,0,1,1
7729,2025,31202339,Campo Belo,1496,0.0,🟢 Baixo Risco,0,1,1
7730,2025,31202321,Campo Belo,367,0.0,🟢 Baixo Risco,0,1,1
7731,2025,31103420,João Monlevade,96,0.0,🟢 Baixo Risco,0,1,1
7732,2025,31103411,João Monlevade,55,0.0,🟢 Baixo Risco,0,1,1
7733,2025,31103381,João Monlevade,116,0.0,🟢 Baixo Risco,0,1,1
7734,2025,31103373,João Monlevade,250,0.0,🟢 Baixo Risco,0,1,1
7735,2025,31103365,João Monlevade,464,0.0,🟢 Baixo Risco,0,1,1
7736,2025,31103349,João Monlevade,630,0.0,🟢 Baixo Risco,0,1,1
7737,2025,31103331,Itambé do Mato Dentro,179,0.0,🟢 Baixo Risco,0,1,1
7738,2025,31103314,Itabira,239,0.0,🟢 Baixo Risco,0,1,1
7739,2025,31075281,São João do Manhuaçu,695,0.0,🟢 Baixo Risco,0,1,1
7740,2025,31075051,Lajinha,815,0.0,🟢 Baixo Risco,0,1,1
7741,2025,31075035,Lajinha,120,0.0,🟢 Baixo Risco,0,1,1
7742,2025,31075027,Lajinha,317,0.0,🟢 Baixo Risco,0,1,1
7743,2025,31075019,Lajinha,414,0.0,🟢 Baixo Risco,0,1,1
7744,2025,31251305,Betim,430,0.0,🟢 Baixo Risco,0,1,1
7745,2025,31081400,Montes Claros,300,0.0,🟢 Baixo Risco,0,1,1
7746,2025,31081396,Montes Claros,1494,0.0,🟢 Baixo Risco,0,1,1
7747,2025,31081388,Montes Claros,767,0.0,🟢 Baixo Risco,0,1,1
7748,2025,31081361,Montes Claros,754,0.0,🟢 Baixo Risco,0,1,1
7749,2025,31081337,Montes Claros,914,0.0,🟢 Baixo Risco,0,1,1
7750,2025,31081329,Montes Claros,1099,0.0,🟢 Baixo Risco,0,1,1
7751,2025,31081311,Montes Claros,562,0.0,🟢 Baixo Risco,0,1,1
7752,2025,31081302,Montes Claros,379,0.0,🟢 Baixo Risco,0,1,1
7753,2025,31081299,Montes Claros,230,0.0,🟢 Baixo Risco,0,1,1
7754,2025,31099121,Patrocínio do Muriaé,357,0.0,🟢 Baixo Risco,0,1,1
7755,2025,31212245,Rio Paranaíba,671,0.0,🟢 Baixo Risco,0,1,1
7756,2025,31212237,Patos de Minas,328,0.0,🟢 Baixo Risco,0,1,1
7757,2025,31212229,Patos de Minas,238,0.0,🟢 Baixo Risco,0,1,1
7758,2025,31265845,Itamarandiba,326,0.0,🟢 Baixo Risco,0,1,1
7759,2025,31265837,Itamarandiba,447,0.0,🟢 Baixo Risco,0,1,1
7760,2025,31075191,Manhuaçu,403,0.0,🟢 Baixo Risco,0,1,1
7761,2025,31075183,Manhuaçu,459,0.0,🟢 Baixo Risco,0,1,1
7762,2025,31075175,Manhuaçu,99,0.0,🟢 Baixo Risco,0,1,1
7763,2025,31075167,Manhuaçu,1991,0.0,🟢 Baixo Risco,0,1,1
7764,2025,31075159,Manhuaçu,457,0.0,🟢 Baixo Risco,0,1,1
7765,2025,31075124,Manhuaçu,607,0.0,🟢 Baixo Risco,0,1,1
7766,2025,31075116,Manhuaçu,650,0.0,🟢 Baixo Risco,0,1,1
7767,2025,31200522,Estrela do Sul,151,0.0,🟢 Baixo Risco,0,1,1
7768,2025,31200484,Estrela do Sul,367,0.0,🟢 Baixo Risco,0,1,1
7769,2025,31103250,Itabira,298,0.0,🟢 Baixo Risco,0,1,1
7770,2025,31103241,Itabira,718,0.0,🟢 Baixo Risco,0,1,1
7771,2025,31103225,Itabira,563,0.0,🟢 Baixo Risco,0,1,1
7772,2025,31103217,Itabira,613,0.0,🟢 Baixo Risco,0,1,1
7773,2025,31103209,Itabira,462,0.0,🟢 Baixo Risco,0,1,1
7774,2025,31202304,Campo Belo,791,0.0,🟢 Baixo Risco,0,1,1
7775,2025,31202193,Campo Belo,577,0.0,🟢 Baixo Risco,0,1,1
7776,2025,31202185,Campo Belo,609,0.0,🟢 Baixo Risco,0,1,1
7777,2025,31202177,Camacho,244,0.0,🟢 Baixo Risco,0,1,1
7778,2025,31202134,Aguanil,386,0.0,🟢 Baixo Risco,0,1,1
7779,2025,31202070,Romaria,179,0.0,🟢 Baixo Risco,0,1,1
7780,2025,31075094,Manhuaçu,317,0.0,🟢 Baixo Risco,0,1,1
7781,2025,31266531,Uberlândia,253,0.0,🟢 Baixo Risco,0,1,1
7782,2025,31081540,Montes Claros,1025,0.0,🟢 Baixo Risco,0,1,1
7783,2025,31081531,Montes Claros,605,0.0,🟢 Baixo Risco,0,1,1
7784,2025,31081248,Jaíba,672,0.0,🟢 Baixo Risco,0,1,1
7785,2025,31081230,Jaíba,998,0.0,🟢 Baixo Risco,0,1,1
7786,2025,31251291,Verdelândia,107,0.0,🟢 Baixo Risco,0,1,1
7787,2025,31251241,Augusto de Lima,517,0.0,🟢 Baixo Risco,0,1,1
7788,2025,31251224,São João do Pacuí,41,0.0,🟢 Baixo Risco,0,1,1
7789,2025,31251186,Espinosa,773,0.0,🟢 Baixo Risco,0,1,1
7790,2025,31250970,Muriaé,359,0.0,🟢 Baixo Risco,0,1,1
7791,2025,31251321,Betim,858,0.0,🟢 Baixo Risco,0,1,1
7792,2025,31251313,Betim,681,0.0,🟢 Baixo Risco,0,1,1
7793,2025,31266094,Sarzedo,803,0.0,🟢 Baixo Risco,0,1,1
7794,2025,31265870,Itamarandiba,550,0.0,🟢 Baixo Risco,0,1,1
7795,2025,31266965,Lavras,365,0.0,🟢 Baixo Risco,0,1,1
7796,2025,31074985,Conceição de Ipanema,152,0.0,🟢 Baixo Risco,0,1,1
7797,2025,31074977,Chalé,90,0.0,🟢 Baixo Risco,0,1,1
7798,2025,31074969,Chalé,201,0.0,🟢 Baixo Risco,0,1,1
7799,2025,31074942,Chalé,79,0.0,🟢 Baixo Risco,0,1,1
7800,2025,31074926,Chalé,364,0.0,🟢 Baixo Risco,0,1,1
7801,2025,31074918,Caputira,706,0.0,🟢 Baixo Risco,0,1,1
7802,2025,31074799,Santos Dumont,673,0.0,🟢 Baixo Risco,0,1,1
7803,2025,31267686,Bicas,107,0.0,🟢 Baixo Risco,0,1,1
7804,2025,31212644,Contagem,758,0.0,🟢 Baixo Risco,0,1,1
7805,2025,31212601,Betim,214,0.0,🟢 Baixo Risco,0,1,1
7806,2025,31212598,Betim,724,0.0,🟢 Baixo Risco,0,1,1
7807,2025,31212571,Contagem,500,0.0,🟢 Baixo Risco,0,1,1
7808,2025,31212563,Contagem,241,0.0,🟢 Baixo Risco,0,1,1
7809,2025,31212466,Igarapé,407,0.0,🟢 Baixo Risco,0,1,1
7810,2025,31212431,São Sebastião do Paraíso,183,0.0,🟢 Baixo Risco,0,1,1
7811,2025,31249360,Congonhas,217,0.0,🟢 Baixo Risco,0,1,1
7812,2025,31250651,Belo Horizonte,948,0.0,🟢 Baixo Risco,0,1,1
7813,2025,31250589,Betim,673,0.0,🟢 Baixo Risco,0,1,1
7814,2025,31249572,Itajubá,355,0.0,🟢 Baixo Risco,0,1,1
7815,2025,31081566,Montes Claros,542,0.0,🟢 Baixo Risco,0,1,1
7816,2025,31267392,Crucilândia,205,0.0,🟢 Baixo Risco,0,1,1
7817,2025,31267341,Santana do Riacho,375,0.0,🟢 Baixo Risco,0,1,1
7818,2025,31267228,Coroaci,36,0.0,🟢 Baixo Risco,0,1,1
7819,2025,31071811,Juiz de Fora,151,0.0,🟢 Baixo Risco,0,1,1
7820,2025,31267201,Doresópolis,160,0.0,🟢 Baixo Risco,0,1,1
7821,2025,31071633,Juiz de Fora,300,0.0,🟢 Baixo Risco,0,1,1
7822,2025,31267805,Cachoeira da Prata,123,0.0,🟢 Baixo Risco,0,1,1
7823,2025,31267783,Vespasiano,139,0.0,🟢 Baixo Risco,0,1,1
7824,2025,31199303,Serra do Salitre,145,0.0,🟢 Baixo Risco,0,1,1
7825,2025,31199290,Serra do Salitre,360,0.0,🟢 Baixo Risco,0,1,1
7826,2025,31200689,Romaria,292,0.0,🟢 Baixo Risco,0,1,1
7827,2025,31200671,Monte Carmelo,454,0.0,🟢 Baixo Risco,0,1,1
7828,2025,31200654,Monte Carmelo,1342,0.0,🟢 Baixo Risco,0,1,1
7829,2025,31200638,Monte Carmelo,406,0.0,🟢 Baixo Risco,0,1,1
7830,2025,31200620,Monte Carmelo,261,0.0,🟢 Baixo Risco,0,1,1
7831,2025,31200611,Monte Carmelo,1314,0.0,🟢 Baixo Risco,0,1,1
7832,2025,31200603,Monte Carmelo,483,0.0,🟢 Baixo Risco,0,1,1
7833,2025,31200581,Monte Carmelo,421,0.0,🟢 Baixo Risco,0,1,1
7834,2025,31200573,Monte Carmelo,146,0.0,🟢 Baixo Risco,0,1,1
7835,2025,31200549,Grupiara,226,0.0,🟢 Baixo Risco,0,1,1
7836,2025,31267724,São João Nepomuceno,329,0.0,🟢 Baixo Risco,0,1,1
7837,2025,31268771,Sem-Peixe,79,0.0,🟢 Baixo Risco,0,1,1
7838,2025,31268755,Morada Nova de Minas,313,0.0,🟢 Baixo Risco,0,1,1
7839,2025,31268615,Januária,606,0.0,🟢 Baixo Risco,0,1,1
7840,2025,31081477,Montes Claros,502,0.0,🟢 Baixo Risco,0,1,1
7841,2025,31081469,Montes Claros,554,0.0,🟢 Baixo Risco,0,1,1
7842,2025,31081451,Montes Claros,260,0.0,🟢 Baixo Risco,0,1,1
7843,2025,31081442,Montes Claros,77,0.0,🟢 Baixo Risco,0,1,1
7844,2025,31081434,Montes Claros,592,0.0,🟢 Baixo Risco,0,1,1
7845,2025,31081426,Montes Claros,1238,0.0,🟢 Baixo Risco,0,1,1
7846,2025,31081418,Montes Claros,1702,0.0,🟢 Baixo Risco,0,1,1
7847,2025,31249564,Nova Serrana,919,0.0,🟢 Baixo Risco,0,1,1
7848,2025,31249416,Boa Esperança,497,0.0,🟢 Baixo Risco,0,1,1
7849,2025,31098779,Muriaé,847,0.0,🟢 Baixo Risco,0,1,1
7850,2025,31098752,Muriaé,99,0.0,🟢 Baixo Risco,0,1,1
7851,2025,31212792,Belo Horizonte,506,0.0,🟢 Baixo Risco,0,1,1
7852,2025,31212776,Belo Horizonte,787,0.0,🟢 Baixo Risco,0,1,1
7853,2025,31212768,Belo Horizonte,657,0.0,🟢 Baixo Risco,0,1,1
7854,2025,31212679,Ribeirão das Neves,483,0.0,🟢 Baixo Risco,0,1,1
7855,2025,31212652,Contagem,464,0.0,🟢 Baixo Risco,0,1,1
7856,2025,31268232,Capinópolis,26,0.0,🟢 Baixo Risco,0,1,1
7857,2025,31269026,São Sebastião do Paraíso,1071,0.0,🟢 Baixo Risco,0,1,1
7858,2025,31268976,Bandeira do Sul,365,0.0,🟢 Baixo Risco,0,1,1
7859,2025,31268933,Jeceaba,607,0.0,🟢 Baixo Risco,0,1,1
7860,2025,31268909,Jaboticatubas,347,0.0,🟢 Baixo Risco,0,1,1
7861,2025,31268879,Ipaba,116,0.0,🟢 Baixo Risco,0,1,1
7862,2025,31268861,Acaiaca,151,0.0,🟢 Baixo Risco,0,1,1
7863,2025,31268852,Ouro Preto,261,0.0,🟢 Baixo Risco,0,1,1
7864,2025,31268836,Naque,480,0.0,🟢 Baixo Risco,0,1,1
7865,2025,31269115,Jesuânia,429,0.0,🟢 Baixo Risco,0,1,1
7866,2025,31269077,Goiabeira,197,0.0,🟢 Baixo Risco,0,1,1
7867,2025,31269051,Matias Barbosa,420,0.0,🟢 Baixo Risco,0,1,1
7868,2025,31071498,Juiz de Fora,678,0.0,🟢 Baixo Risco,0,1,1
7869,2025,31103535,João Monlevade,356,0.0,🟢 Baixo Risco,0,1,1
7870,2025,31103527,João Monlevade,2543,0.0,🟢 Baixo Risco,0,1,1
7871,2025,31200433,Coromandel,170,0.0,🟢 Baixo Risco,0,1,1
7872,2025,31200409,Coromandel,241,0.0,🟢 Baixo Risco,0,1,1
7873,2025,31200395,Coromandel,1008,0.0,🟢 Baixo Risco,0,1,1
7874,2025,31081639,Montes Claros,714,0.0,🟢 Baixo Risco,0,1,1
7875,2025,31081612,Montes Claros,591,0.0,🟢 Baixo Risco,0,1,1
7876,2025,31249238,Uberlândia,1111,0.0,🟢 Baixo Risco,0,1,1
7877,2025,31249190,Uberlândia,1493,0.0,🟢 Baixo Risco,0,1,1
7878,2025,31249157,Poços de Caldas,1177,0.0,🟢 Baixo Risco,0,1,1
7879,2025,31249084,Patos de Minas,710,0.0,🟢 Baixo Risco,0,1,1
7880,2025,31248983,Montes Claros,261,0.0,🟢 Baixo Risco,0,1,1
7881,2025,31081523,Montes Claros,703,0.0,🟢 Baixo Risco,0,1,1
7882,2025,31081515,Montes Claros,201,0.0,🟢 Baixo Risco,0,1,1
7883,2025,31081507,Montes Claros,906,0.0,🟢 Baixo Risco,0,1,1
7884,2025,31081493,Montes Claros,255,0.0,🟢 Baixo Risco,0,1,1
7885,2025,31081485,Montes Claros,703,0.0,🟢 Baixo Risco,0,1,1
7886,2025,31200344,Coromandel,179,0.0,🟢 Baixo Risco,0,1,1
7887,2025,31200336,Coromandel,224,0.0,🟢 Baixo Risco,0,1,1
7888,2025,31200328,Coromandel,416,0.0,🟢 Baixo Risco,0,1,1
7889,2025,31200280,Cascalho Rico,88,0.0,🟢 Baixo Risco,0,1,1
7890,2025,31200271,Abadia dos Dourados,427,0.0,🟢 Baixo Risco,0,1,1
7891,2025,31200221,Patrocínio,754,0.0,🟢 Baixo Risco,0,1,1
7892,2025,31199613,Patrocínio,51,0.0,🟢 Baixo Risco,0,1,1
7893,2025,31269328,Cristiano Otoni,154,0.0,🟢 Baixo Risco,0,1,1
7894,2025,31269271,Entre Rios de Minas,431,0.0,🟢 Baixo Risco,0,1,1
7895,2025,31269255,Monte Santo de Minas,896,0.0,🟢 Baixo Risco,0,1,1
7896,2025,31269212,São José da Lapa,470,0.0,🟢 Baixo Risco,0,1,1
7897,2025,31269719,Carvalhópolis,368,0.0,🟢 Baixo Risco,0,1,1
7898,2025,31269662,Piranguçu,229,0.0,🟢 Baixo Risco,0,1,1
7899,2025,31269654,São Domingos das Dores,286,0.0,🟢 Baixo Risco,0,1,1
7900,2025,31269638,Araporã,471,0.0,🟢 Baixo Risco,0,1,1
7901,2025,31269620,Lagoa Grande,286,0.0,🟢 Baixo Risco,0,1,1
7902,2025,31269611,Arapuá,142,0.0,🟢 Baixo Risco,0,1,1
7903,2025,31269590,Curral de Dentro,398,0.0,🟢 Baixo Risco,0,1,1
7904,2025,31269565,São Tomé das Letras,456,0.0,🟢 Baixo Risco,0,1,1
7905,2025,31198960,Iraí de Minas,628,0.0,🟢 Baixo Risco,0,1,1
7906,2025,31199265,Serra do Salitre,706,0.0,🟢 Baixo Risco,0,1,1
7907,2025,31199214,Patrocínio,311,0.0,🟢 Baixo Risco,0,1,1
7908,2025,31199184,Patrocínio,380,0.0,🟢 Baixo Risco,0,1,1
7909,2025,31199168,Patrocínio,287,0.0,🟢 Baixo Risco,0,1,1
7910,2025,31199150,Patrocínio,405,0.0,🟢 Baixo Risco,0,1,1
7911,2025,31199141,Patrocínio,399,0.0,🟢 Baixo Risco,0,1,1
7912,2025,31103691,Rio Piracicaba,648,0.0,🟢 Baixo Risco,0,1,1
7913,2025,31103641,Passabém,135,0.0,🟢 Baixo Risco,0,1,1
7914,2025,31103632,Nova Era,190,0.0,🟢 Baixo Risco,0,1,1
7915,2025,31103624,Nova Era,430,0.0,🟢 Baixo Risco,0,1,1
7916,2025,31103616,Nova Era,265,0.0,🟢 Baixo Risco,0,1,1
7917,2025,31103594,Nova Era,455,0.0,🟢 Baixo Risco,0,1,1
7918,2025,31103586,Nova Era,708,0.0,🟢 Baixo Risco,0,1,1
7919,2025,31103560,Nova Era,316,0.0,🟢 Baixo Risco,0,1,1
7920,2025,31071234,Juiz de Fora,407,0.0,🟢 Baixo Risco,0,1,1
7921,2025,31071048,Chiador,102,0.0,🟢 Baixo Risco,0,1,1
7922,2025,31269930,Maria da Fé,137,0.0,🟢 Baixo Risco,0,1,1
7923,2025,31248291,Patrocínio,910,0.0,🟢 Baixo Risco,0,1,1
7924,2025,31247707,Araçuaí,3266,0.0,🟢 Baixo Risco,0,1,1
7925,2025,31247499,Uberlândia,815,0.0,🟢 Baixo Risco,0,1,1
7926,2025,31247413,Contagem,741,0.0,🟢 Baixo Risco,0,1,1
7927,2025,31248479,Piedade do Rio Grande,345,0.0,🟢 Baixo Risco,0,1,1
7928,2025,31248461,Pedro Leopoldo,443,0.0,🟢 Baixo Risco,0,1,1
7929,2025,31081761,Montes Claros,516,0.0,🟢 Baixo Risco,0,1,1
7930,2025,31081752,Montes Claros,670,0.0,🟢 Baixo Risco,0,1,1
7931,2025,31081744,Montes Claros,716,0.0,🟢 Baixo Risco,0,1,1
7932,2025,31081736,Montes Claros,845,0.0,🟢 Baixo Risco,0,1,1
7933,2025,31081698,Montes Claros,856,0.0,🟢 Baixo Risco,0,1,1
7934,2025,31081680,Montes Claros,286,0.0,🟢 Baixo Risco,0,1,1
7935,2025,31081663,Montes Claros,843,0.0,🟢 Baixo Risco,0,1,1
7936,2025,31081655,Montes Claros,736,0.0,🟢 Baixo Risco,0,1,1
7937,2025,31269921,Gonçalves,251,0.0,🟢 Baixo Risco,0,1,1
7938,2025,31269883,Bicas,533,0.0,🟢 Baixo Risco,0,1,1
7939,2025,31269832,Uberlândia,945,0.0,🟢 Baixo Risco,0,1,1
7940,2025,31270105,São João do Manteninha,304,0.0,🟢 Baixo Risco,0,1,1
7941,2025,31270083,Mesquita,215,0.0,🟢 Baixo Risco,0,1,1
7942,2025,31270075,Mathias Lobato,397,0.0,🟢 Baixo Risco,0,1,1
7943,2025,31270067,Capitão Andrade,241,0.0,🟢 Baixo Risco,0,1,1
7944,2025,31071013,Chiador,99,0.0,🟢 Baixo Risco,0,1,1
7945,2025,31070238,São João Nepomuceno,73,0.0,🟢 Baixo Risco,0,1,1
7946,2025,31070220,São João Nepomuceno,31,0.0,🟢 Baixo Risco,0,1,1
7947,2025,31070203,São João Nepomuceno,12,0.0,🟢 Baixo Risco,0,1,1
7948,2025,31070190,São João Nepomuceno,28,0.0,🟢 Baixo Risco,0,1,1
7949,2025,31070157,São João Nepomuceno,351,0.0,🟢 Baixo Risco,0,1,1
7950,2025,31070149,São João Nepomuceno,318,0.0,🟢 Baixo Risco,0,1,1
7951,2025,31197971,Ituiutaba,58,0.0,🟢 Baixo Risco,0,1,1
7952,2025,31103497,João Monlevade,1318,0.0,🟢 Baixo Risco,0,1,1
7953,2025,31103489,João Monlevade,1288,0.0,🟢 Baixo Risco,0,1,1
7954,2025,31103462,João Monlevade,427,0.0,🟢 Baixo Risco,0,1,1
7955,2025,31103454,João Monlevade,1168,0.0,🟢 Baixo Risco,0,1,1
7956,2025,31199133,Patrocínio,919,0.0,🟢 Baixo Risco,0,1,1
7957,2025,31199117,Patrocínio,453,0.0,🟢 Baixo Risco,0,1,1
7958,2025,31199095,Patrocínio,336,0.0,🟢 Baixo Risco,0,1,1
7959,2025,31199079,Patrocínio,574,0.0,🟢 Baixo Risco,0,1,1
7960,2025,31199061,Patrocínio,1030,0.0,🟢 Baixo Risco,0,1,1
7961,2025,31199028,Patrocínio,344,0.0,🟢 Baixo Risco,0,1,1
7962,2025,31199010,Patrocínio,875,0.0,🟢 Baixo Risco,0,1,1
7963,2025,31198994,Patrocínio,453,0.0,🟢 Baixo Risco,0,1,1
7964,2025,31270563,Cajuri,431,0.0,🟢 Baixo Risco,0,1,1
7965,2025,31270539,Jequitinhonha,145,0.0,🟢 Baixo Risco,0,1,1
7966,2025,31270521,Mata Verde,589,0.0,🟢 Baixo Risco,0,1,1
7967,2025,31270504,Bom Repouso,782,0.0,🟢 Baixo Risco,0,1,1
7968,2025,31270491,Ituiutaba,883,0.0,🟢 Baixo Risco,0,1,1
7969,2025,31270482,Virgínia,356,0.0,🟢 Baixo Risco,0,1,1
7970,2025,31270407,Ibirité,724,0.0,🟢 Baixo Risco,0,1,1
7971,2025,31270377,Medeiros,379,0.0,🟢 Baixo Risco,0,1,1
7972,2025,31196665,Ituiutaba,304,0.0,🟢 Baixo Risco,0,1,1
7973,2025,31196657,Ituiutaba,263,0.0,🟢 Baixo Risco,0,1,1
7974,2025,31198951,Guimarânia,254,0.0,🟢 Baixo Risco,0,1,1
7975,2025,31198943,Guimarânia,638,0.0,🟢 Baixo Risco,0,1,1
7976,2025,31198897,Cruzeiro da Fortaleza,170,0.0,🟢 Baixo Risco,0,1,1
7977,2025,31198021,Ituiutaba,817,0.0,🟢 Baixo Risco,0,1,1
7978,2025,31197980,Ituiutaba,1909,0.0,🟢 Baixo Risco,0,1,1
7979,2025,31270873,Santo Antônio do Monte,309,0.0,🟢 Baixo Risco,0,1,1
7980,2025,31270865,Pedrinópolis,227,0.0,🟢 Baixo Risco,0,1,1
7981,2025,31270849,Carneirinho,208,0.0,🟢 Baixo Risco,0,1,1
7982,2025,31270822,Araxá,533,0.0,🟢 Baixo Risco,0,1,1
7983,2025,31270784,Jacinto,71,0.0,🟢 Baixo Risco,0,1,1
7984,2025,31212253,Rio Pardo de Minas,915,0.0,🟢 Baixo Risco,0,1,1
7985,2025,31098540,Muriaé,790,0.0,🟢 Baixo Risco,0,1,1
7986,2025,31098531,São Sebastião da Vargem Alegre,360,0.0,🟢 Baixo Risco,0,1,1
7987,2025,31098515,Miraí,1033,0.0,🟢 Baixo Risco,0,1,1
7988,2025,31213756,Itapagipe,357,0.0,🟢 Baixo Risco,0,1,1
7989,2025,31213675,Sete Lagoas,650,0.0,🟢 Baixo Risco,0,1,1
7990,2025,31213527,Varzelândia,32,0.0,🟢 Baixo Risco,0,1,1
7991,2025,31213314,Bom Jesus do Galho,542,0.0,🟢 Baixo Risco,0,1,1
7992,2025,31213306,Pingo-d'Água,454,0.0,🟢 Baixo Risco,0,1,1
7993,2025,31213292,Unaí,1154,0.0,🟢 Baixo Risco,0,1,1
7994,2025,31081833,Montes Claros,116,0.0,🟢 Baixo Risco,0,1,1
7995,2025,31081825,Montes Claros,152,0.0,🟢 Baixo Risco,0,1,1
7996,2025,31081604,Montes Claros,186,0.0,🟢 Baixo Risco,0,1,1
7997,2025,31081591,Montes Claros,792,0.0,🟢 Baixo Risco,0,1,1
7998,2025,31081582,Montes Claros,482,0.0,🟢 Baixo Risco,0,1,1
7999,2025,31270733,Inconfidentes,264,0.0,🟢 Baixo Risco,0,1,1
8000,2025,31270695,Córrego do Bom Jesus,342,0.0,🟢 Baixo Risco,0,1,1
8001,2025,31270628,Chácara,486,0.0,🟢 Baixo Risco,0,1,1
8002,2025,31069949,Santos Dumont,166,0.0,🟢 Baixo Risco,0,1,1
8003,2025,31069931,Santos Dumont,458,0.0,🟢 Baixo Risco,0,1,1
8004,2025,31271055,Rio Preto,291,0.0,🟢 Baixo Risco,0,1,1
8005,2025,31271047,Águas Vermelhas,247,0.0,🟢 Baixo Risco,0,1,1
8006,2025,31270946,Alfredo Vasconcelos,279,0.0,🟢 Baixo Risco,0,1,1
8007,2025,31196461,Gurinhatã,272,0.0,🟢 Baixo Risco,0,1,1
8008,2025,31196452,Centralina,481,0.0,🟢 Baixo Risco,0,1,1
8009,2025,31197742,Ituiutaba,35,0.0,🟢 Baixo Risco,0,1,1
8010,2025,31197149,Capinópolis,184,0.0,🟢 Baixo Risco,0,1,1
8011,2025,31196746,Santa Vitória,720,0.0,🟢 Baixo Risco,0,1,1
8012,2025,31196738,Santa Vitória,714,0.0,🟢 Baixo Risco,0,1,1
8013,2025,31196720,Santa Vitória,708,0.0,🟢 Baixo Risco,0,1,1
8014,2025,31196711,Ituiutaba,172,0.0,🟢 Baixo Risco,0,1,1
8015,2025,31196703,Ituiutaba,734,0.0,🟢 Baixo Risco,0,1,1
8016,2025,31196681,Ituiutaba,350,0.0,🟢 Baixo Risco,0,1,1
8017,2025,31196673,Ituiutaba,477,0.0,🟢 Baixo Risco,0,1,1
8018,2025,31270938,Santana do Garambéu,244,0.0,🟢 Baixo Risco,0,1,1
8019,2025,31270920,Oratórios,376,0.0,🟢 Baixo Risco,0,1,1
8020,2025,31271225,Mercês,201,0.0,🟢 Baixo Risco,0,1,1
8021,2025,31271217,Aracitaba,154,0.0,🟢 Baixo Risco,0,1,1
8022,2025,31070114,São João Nepomuceno,381,0.0,🟢 Baixo Risco,0,1,1
8023,2025,31070084,São João Nepomuceno,672,0.0,🟢 Baixo Risco,0,1,1
8024,2025,31070068,Santos Dumont,56,0.0,🟢 Baixo Risco,0,1,1
8025,2025,31069990,Santos Dumont,668,0.0,🟢 Baixo Risco,0,1,1
8026,2025,31069981,Santos Dumont,100,0.0,🟢 Baixo Risco,0,1,1
8027,2025,31069973,Santos Dumont,775,0.0,🟢 Baixo Risco,0,1,1
8028,2025,31069965,Santos Dumont,469,0.0,🟢 Baixo Risco,0,1,1
8029,2025,31069957,Santos Dumont,119,0.0,🟢 Baixo Risco,0,1,1
8030,2025,31271438,Francisco Dumont,145,0.0,🟢 Baixo Risco,0,1,1
8031,2025,31271403,Córrego Fundo,268,0.0,🟢 Baixo Risco,0,1,1
8032,2025,31271314,Camacho,150,0.0,🟢 Baixo Risco,0,1,1
8033,2025,31271276,Três Marias,508,0.0,🟢 Baixo Risco,0,1,1
8034,2025,31195502,Ouro Branco,111,0.0,🟢 Baixo Risco,0,1,1
8035,2025,31196631,Ituiutaba,977,0.0,🟢 Baixo Risco,0,1,1
8036,2025,31196622,Ituiutaba,63,0.0,🟢 Baixo Risco,0,1,1
8037,2025,31196606,Ituiutaba,723,0.0,🟢 Baixo Risco,0,1,1
8038,2025,31196592,Ituiutaba,233,0.0,🟢 Baixo Risco,0,1,1
8039,2025,31196584,Ituiutaba,1122,0.0,🟢 Baixo Risco,0,1,1
8040,2025,31196576,Ituiutaba,392,0.0,🟢 Baixo Risco,0,1,1
8041,2025,31196568,Ituiutaba,495,0.0,🟢 Baixo Risco,0,1,1
8042,2025,31196550,Ituiutaba,386,0.0,🟢 Baixo Risco,0,1,1
8043,2025,31196541,Ituiutaba,183,0.0,🟢 Baixo Risco,0,1,1
8044,2025,31196533,Ituiutaba,1798,0.0,🟢 Baixo Risco,0,1,1
8045,2025,31196525,Ituiutaba,400,0.0,🟢 Baixo Risco,0,1,1
8046,2025,31196517,Ipiaçu,159,0.0,🟢 Baixo Risco,0,1,1
8047,2025,31196487,Gurinhatã,111,0.0,🟢 Baixo Risco,0,1,1
8048,2025,31271241,Governador Valadares,316,0.0,🟢 Baixo Risco,0,1,1
8049,2025,31271896,Carmópolis de Minas,386,0.0,🟢 Baixo Risco,0,1,1
8050,2025,31271781,Cláudio,78,0.0,🟢 Baixo Risco,0,1,1
8051,2025,31271772,Cláudio,404,0.0,🟢 Baixo Risco,0,1,1
8052,2025,31271764,Cláudio,149,0.0,🟢 Baixo Risco,0,1,1
8053,2025,31271730,Lagoa da Prata,417,0.0,🟢 Baixo Risco,0,1,1
8054,2025,31271578,Uberlândia,1595,0.0,🟢 Baixo Risco,0,1,1
8055,2025,31103730,Rio Piracicaba,160,0.0,🟢 Baixo Risco,0,1,1
8056,2025,31196436,Centralina,184,0.0,🟢 Baixo Risco,0,1,1
8057,2025,31196428,Capinópolis,444,0.0,🟢 Baixo Risco,0,1,1
8058,2025,31196410,Capinópolis,339,0.0,🟢 Baixo Risco,0,1,1
8059,2025,31196401,Capinópolis,506,0.0,🟢 Baixo Risco,0,1,1
8060,2025,31196398,Capinópolis,634,0.0,🟢 Baixo Risco,0,1,1
8061,2025,31196380,Canápolis,607,0.0,🟢 Baixo Risco,0,1,1
8062,2025,31196321,Ouro Branco,331,0.0,🟢 Baixo Risco,0,1,1
8063,2025,31195570,Ouro Branco,94,0.0,🟢 Baixo Risco,0,1,1
8064,2025,31195545,Ouro Branco,182,0.0,🟢 Baixo Risco,0,1,1
8065,2025,31069507,Rio Novo,246,0.0,🟢 Baixo Risco,0,1,1
8066,2025,31272124,Ipanema,1060,0.0,🟢 Baixo Risco,0,1,1
8067,2025,31272086,Raposos,279,0.0,🟢 Baixo Risco,0,1,1
8068,2025,31272043,Casa Grande,217,0.0,🟢 Baixo Risco,0,1,1
8069,2025,31272001,Piau,225,0.0,🟢 Baixo Risco,0,1,1
8070,2025,31271977,Taiobeiras,871,0.0,🟢 Baixo Risco,0,1,1
8071,2025,31271969,Ibituruna,132,0.0,🟢 Baixo Risco,0,1,1
8072,2025,31271900,Senhora de Oliveira,307,0.0,🟢 Baixo Risco,0,1,1
8073,2025,31272141,Bonfim,306,0.0,🟢 Baixo Risco,0,1,1
8074,2025,31069914,Santos Dumont,315,0.0,🟢 Baixo Risco,0,1,1
8075,2025,31069906,Santos Dumont,360,0.0,🟢 Baixo Risco,0,1,1
8076,2025,31069850,Santa Rita de Jacutinga,147,0.0,🟢 Baixo Risco,0,1,1
8077,2025,31069787,Rochedo de Minas,308,0.0,🟢 Baixo Risco,0,1,1
8078,2025,31069604,Rio Preto,150,0.0,🟢 Baixo Risco,0,1,1
8079,2025,31194336,Rio Espera,153,0.0,🟢 Baixo Risco,0,1,1
8080,2025,31194328,Queluzito,123,0.0,🟢 Baixo Risco,0,1,1
8081,2025,31104051,São Gonçalo do Rio Abaixo,515,0.0,🟢 Baixo Risco,0,1,1
8082,2025,31103993,São Domingos do Prata,143,0.0,🟢 Baixo Risco,0,1,1
8083,2025,31103969,São Domingos do Prata,31,0.0,🟢 Baixo Risco,0,1,1
8084,2025,31103900,São Domingos do Prata,25,0.0,🟢 Baixo Risco,0,1,1
8085,2025,31103888,São Domingos do Prata,546,0.0,🟢 Baixo Risco,0,1,1
8086,2025,31103845,São Domingos do Prata,627,0.0,🟢 Baixo Risco,0,1,1
8087,2025,31103829,Santo Antônio do Rio Abaixo,185,0.0,🟢 Baixo Risco,0,1,1
8088,2025,31103802,Santa Maria de Itabira,540,0.0,🟢 Baixo Risco,0,1,1
8089,2025,31103756,Santa Maria de Itabira,467,0.0,🟢 Baixo Risco,0,1,1
8090,2025,31069574,Goianá,347,0.0,🟢 Baixo Risco,0,1,1
8091,2025,31069523,Rio Novo,313,0.0,🟢 Baixo Risco,0,1,1
8092,2025,31272388,Veríssimo,158,0.0,🟢 Baixo Risco,0,1,1
8093,2025,31272370,Manga,380,0.0,🟢 Baixo Risco,0,1,1
8094,2025,31272311,Santana do Paraíso,1082,0.0,🟢 Baixo Risco,0,1,1
8095,2025,31081779,Montes Claros,345,0.0,🟢 Baixo Risco,0,1,1
8096,2025,31246841,Jordânia,91,0.0,🟢 Baixo Risco,0,1,1
8097,2025,31246433,Belo Horizonte,572,0.0,🟢 Baixo Risco,0,1,1
8098,2025,31247391,Brumadinho,383,0.0,🟢 Baixo Risco,0,1,1
8099,2025,31247308,Belo Horizonte,930,0.0,🟢 Baixo Risco,0,1,1
8100,2025,31247294,Belo Horizonte,537,0.0,🟢 Baixo Risco,0,1,1
8101,2025,31081922,Pirapora,2204,0.0,🟢 Baixo Risco,0,1,1
8102,2025,31081914,Pirapora,317,0.0,🟢 Baixo Risco,0,1,1
8103,2025,31081906,Pirapora,308,0.0,🟢 Baixo Risco,0,1,1
8104,2025,31081892,Pirapora,703,0.0,🟢 Baixo Risco,0,1,1
8105,2025,31081884,Montes Claros,129,0.0,🟢 Baixo Risco,0,1,1
8106,2025,31081876,Montes Claros,172,0.0,🟢 Baixo Risco,0,1,1
8107,2025,31081868,Montes Claros,75,0.0,🟢 Baixo Risco,0,1,1
8108,2025,31081850,Montes Claros,85,0.0,🟢 Baixo Risco,0,1,1
8109,2025,31081841,Montes Claros,754,0.0,🟢 Baixo Risco,0,1,1
8110,2025,31212261,Espinosa,407,0.0,🟢 Baixo Risco,0,1,1
8111,2025,31272663,Carrancas,249,0.0,🟢 Baixo Risco,0,1,1
8112,2025,31272639,Padre Carvalho,218,0.0,🟢 Baixo Risco,0,1,1
8113,2025,31272621,Montes Claros,618,0.0,🟢 Baixo Risco,0,1,1
8114,2025,31272582,Capitão Enéas,386,0.0,🟢 Baixo Risco,0,1,1
8115,2025,31272558,Arinos,559,0.0,🟢 Baixo Risco,0,1,1
8116,2025,31272531,Prados,238,0.0,🟢 Baixo Risco,0,1,1
8117,2025,31272515,Datas,414,0.0,🟢 Baixo Risco,0,1,1
8118,2025,31272477,Conselheiro Pena,77,0.0,🟢 Baixo Risco,0,1,1
8119,2025,31272442,Salinas,546,0.0,🟢 Baixo Risco,0,1,1
8120,2025,31069191,Mar de Espanha,736,0.0,🟢 Baixo Risco,0,1,1
8121,2025,31069141,Lima Duarte,33,0.0,🟢 Baixo Risco,0,1,1
8122,2025,31273015,São Tiago,348,0.0,🟢 Baixo Risco,0,1,1
8123,2025,31272931,Santana do Paraíso,209,0.0,🟢 Baixo Risco,0,1,1
8124,2025,31272922,Itapagipe,249,0.0,🟢 Baixo Risco,0,1,1
8125,2025,31272906,Icaraí de Minas,336,0.0,🟢 Baixo Risco,0,1,1
8126,2025,31272809,Goianá,215,0.0,🟢 Baixo Risco,0,1,1
8127,2025,31272787,São Geraldo do Baixio,208,0.0,🟢 Baixo Risco,0,1,1
8128,2025,31194042,Jeceaba,266,0.0,🟢 Baixo Risco,0,1,1
8129,2025,31194026,Jeceaba,69,0.0,🟢 Baixo Risco,0,1,1
8130,2025,31103721,Rio Piracicaba,161,0.0,🟢 Baixo Risco,0,1,1
8131,2025,31194654,Congonhas,282,0.0,🟢 Baixo Risco,0,1,1
8132,2025,31194620,Congonhas,40,0.0,🟢 Baixo Risco,0,1,1
8133,2025,31194611,Congonhas,74,0.0,🟢 Baixo Risco,0,1,1
8134,2025,31194590,Congonhas,528,0.0,🟢 Baixo Risco,0,1,1
8135,2025,31194581,Congonhas,234,0.0,🟢 Baixo Risco,0,1,1
8136,2025,31194468,Senhora de Oliveira,456,0.0,🟢 Baixo Risco,0,1,1
8137,2025,31194425,São Brás do Suaçuí,161,0.0,🟢 Baixo Risco,0,1,1
8138,2025,31194417,Santana dos Montes,86,0.0,🟢 Baixo Risco,0,1,1
8139,2025,31194395,Santana dos Montes,145,0.0,🟢 Baixo Risco,0,1,1
8140,2025,31272736,Nazareno,680,0.0,🟢 Baixo Risco,0,1,1
8141,2025,31272671,Ritápolis,364,0.0,🟢 Baixo Risco,0,1,1
8142,2025,31273104,Conceição do Rio Verde,76,0.0,🟢 Baixo Risco,0,1,1
8143,2025,31273082,Arantina,316,0.0,🟢 Baixo Risco,0,1,1
8144,2025,31273074,Ewbank da Câmara,278,0.0,🟢 Baixo Risco,0,1,1
8145,2025,31069469,Piau,248,0.0,🟢 Baixo Risco,0,1,1
8146,2025,31069426,Pedro Teixeira,202,0.0,🟢 Baixo Risco,0,1,1
8147,2025,31069400,Passa Vinte,65,0.0,🟢 Baixo Risco,0,1,1
8148,2025,31069370,Matias Barbosa,144,0.0,🟢 Baixo Risco,0,1,1
8149,2025,31069353,Matias Barbosa,1095,0.0,🟢 Baixo Risco,0,1,1
8150,2025,31069264,Mar de Espanha,667,0.0,🟢 Baixo Risco,0,1,1
8151,2025,31069230,Mar de Espanha,253,0.0,🟢 Baixo Risco,0,1,1
8152,2025,31273422,Vargem Alegre,324,0.0,🟢 Baixo Risco,0,1,1
8153,2025,31273406,Engenheiro Caldas,441,0.0,🟢 Baixo Risco,0,1,1
8154,2025,31273384,Santos Dumont,271,0.0,🟢 Baixo Risco,0,1,1
8155,2025,31273376,Barbacena,366,0.0,🟢 Baixo Risco,0,1,1
8156,2025,31273368,Belo Oriente,845,0.0,🟢 Baixo Risco,0,1,1
8157,2025,31273325,Bom Jesus da Penha,291,0.0,🟢 Baixo Risco,0,1,1
8158,2025,31273295,Três Marias,135,0.0,🟢 Baixo Risco,0,1,1
8159,2025,31273252,Belo Horizonte,875,0.0,🟢 Baixo Risco,0,1,1
8160,2025,31273180,Alpercata,157,0.0,🟢 Baixo Risco,0,1,1
8161,2025,31273171,Buenópolis,37,0.0,🟢 Baixo Risco,0,1,1
8162,2025,31104841,Itabira,30,0.0,🟢 Baixo Risco,0,1,1
8163,2025,31104591,Itabira,130,0.0,🟢 Baixo Risco,0,1,1
8164,2025,31194298,Piranga,122,0.0,🟢 Baixo Risco,0,1,1
8165,2025,31194263,Piranga,187,0.0,🟢 Baixo Risco,0,1,1
8166,2025,31194255,Piranga,202,0.0,🟢 Baixo Risco,0,1,1
8167,2025,31194204,Piranga,713,0.0,🟢 Baixo Risco,0,1,1
8168,2025,31194191,Piranga,245,0.0,🟢 Baixo Risco,0,1,1
8169,2025,31194182,Ouro Branco,309,0.0,🟢 Baixo Risco,0,1,1
8170,2025,31194174,Ouro Branco,520,0.0,🟢 Baixo Risco,0,1,1
8171,2025,31194158,Ouro Branco,353,0.0,🟢 Baixo Risco,0,1,1
8172,2025,31194140,Ouro Branco,486,0.0,🟢 Baixo Risco,0,1,1
8173,2025,31194131,Ouro Branco,307,0.0,🟢 Baixo Risco,0,1,1
8174,2025,31194123,Ouro Branco,769,0.0,🟢 Baixo Risco,0,1,1
8175,2025,31194107,Lamim,437,0.0,🟢 Baixo Risco,0,1,1
8176,2025,31194069,Jeceaba,20,0.0,🟢 Baixo Risco,0,1,1
8177,2025,31273147,Conceição da Barra de Minas,174,0.0,🟢 Baixo Risco,0,1,1
8178,2025,31273805,Buenópolis,231,0.0,🟢 Baixo Risco,0,1,1
8179,2025,31273635,Nova União,190,0.0,🟢 Baixo Risco,0,1,1
8180,2025,31273589,Bom Jesus do Amparo,468,0.0,🟢 Baixo Risco,0,1,1
8181,2025,31273449,Aimorés,97,0.0,🟢 Baixo Risco,0,1,1
8182,2025,31273431,Aimorés,148,0.0,🟢 Baixo Risco,0,1,1
8183,2025,31274062,Além Paraíba,460,0.0,🟢 Baixo Risco,0,1,1
8184,2025,31069094,Lima Duarte,440,0.0,🟢 Baixo Risco,0,1,1
8185,2025,31069027,Lima Duarte,140,0.0,🟢 Baixo Risco,0,1,1
8186,2025,31069019,Lima Duarte,567,0.0,🟢 Baixo Risco,0,1,1
8187,2025,31068985,Liberdade,250,0.0,🟢 Baixo Risco,0,1,1
8188,2025,31068969,Liberdade,395,0.0,🟢 Baixo Risco,0,1,1
8189,2025,31068870,Juiz de Fora,1009,0.0,🟢 Baixo Risco,0,1,1
8190,2025,31068861,Juiz de Fora,2764,0.0,🟢 Baixo Risco,0,1,1
8191,2025,31068853,Juiz de Fora,488,0.0,🟢 Baixo Risco,0,1,1
8192,2025,31068845,Juiz de Fora,829,0.0,🟢 Baixo Risco,0,1,1
8193,2025,31214175,Uberlândia,154,0.0,🟢 Baixo Risco,0,1,1
8194,2025,31213802,Campos Altos,412,0.0,🟢 Baixo Risco,0,1,1
8195,2025,31098710,Muriaé,231,0.0,🟢 Baixo Risco,0,1,1
8196,2025,31098701,Muriaé,380,0.0,🟢 Baixo Risco,0,1,1
8197,2025,31098698,Muriaé,360,0.0,🟢 Baixo Risco,0,1,1
8198,2025,31098680,Muriaé,898,0.0,🟢 Baixo Risco,0,1,1
8199,2025,31098671,Muriaé,227,0.0,🟢 Baixo Risco,0,1,1
8200,2025,31098663,Muriaé,241,0.0,🟢 Baixo Risco,0,1,1
8201,2025,31098655,Muriaé,117,0.0,🟢 Baixo Risco,0,1,1
8202,2025,31098647,Muriaé,1468,0.0,🟢 Baixo Risco,0,1,1
8203,2025,31246140,Buritizeiro,851,0.0,🟢 Baixo Risco,0,1,1
8204,2025,31246131,Buritizeiro,516,0.0,🟢 Baixo Risco,0,1,1
8205,2025,31081817,Montes Claros,139,0.0,🟢 Baixo Risco,0,1,1
8206,2025,31081809,Montes Claros,243,0.0,🟢 Baixo Risco,0,1,1
8207,2025,31081795,Montes Claros,1406,0.0,🟢 Baixo Risco,0,1,1
8208,2025,31274747,São José da Barra,32,0.0,🟢 Baixo Risco,0,1,1
8209,2025,31274585,Itacarambi,847,0.0,🟢 Baixo Risco,0,1,1
8210,2025,31274496,Montezuma,298,0.0,🟢 Baixo Risco,0,1,1
8211,2025,31274267,Boa Esperança,878,0.0,🟢 Baixo Risco,0,1,1
8212,2025,31274224,Serra da Saudade,67,0.0,🟢 Baixo Risco,0,1,1
8213,2025,31274186,Piedade de Caratinga,698,0.0,🟢 Baixo Risco,0,1,1
8214,2025,31193771,Conselheiro Lafaiete,1007,0.0,🟢 Baixo Risco,0,1,1
8215,2025,31193763,Conselheiro Lafaiete,527,0.0,🟢 Baixo Risco,0,1,1
8216,2025,31194000,Itaverava,205,0.0,🟢 Baixo Risco,0,1,1
8217,2025,31193992,Itaverava,377,0.0,🟢 Baixo Risco,0,1,1
8218,2025,31193968,Entre Rios de Minas,549,0.0,🟢 Baixo Risco,0,1,1
8219,2025,31193950,Entre Rios de Minas,668,0.0,🟢 Baixo Risco,0,1,1
8220,2025,31193925,Entre Rios de Minas,180,0.0,🟢 Baixo Risco,0,1,1
8221,2025,31193895,Desterro de Entre Rios,84,0.0,🟢 Baixo Risco,0,1,1
8222,2025,31105171,Nova Era,58,0.0,🟢 Baixo Risco,0,1,1
8223,2025,31105104,João Monlevade,482,0.0,🟢 Baixo Risco,0,1,1
8224,2025,31105091,João Monlevade,735,0.0,🟢 Baixo Risco,0,1,1
8225,2025,31104981,Itabira,85,0.0,🟢 Baixo Risco,0,1,1
8226,2025,31104906,Itabira,34,0.0,🟢 Baixo Risco,0,1,1
8227,2025,31274160,Serra do Salitre,310,0.0,🟢 Baixo Risco,0,1,1
8228,2025,31068683,Juiz de Fora,514,0.0,🟢 Baixo Risco,0,1,1
8229,2025,31068675,Juiz de Fora,347,0.0,🟢 Baixo Risco,0,1,1
8230,2025,31068667,Juiz de Fora,127,0.0,🟢 Baixo Risco,0,1,1
8231,2025,31275000,Cachoeira de Minas,106,0.0,🟢 Baixo Risco,0,1,1
8232,2025,31193551,Conselheiro Lafaiete,566,0.0,🟢 Baixo Risco,0,1,1
8233,2025,31104531,Ferros,27,0.0,🟢 Baixo Risco,0,1,1
8234,2025,31104141,São Sebastião do Rio Preto,122,0.0,🟢 Baixo Risco,0,1,1
8235,2025,31104108,São José do Goiabal,456,0.0,🟢 Baixo Risco,0,1,1
8236,2025,31193879,Desterro de Entre Rios,63,0.0,🟢 Baixo Risco,0,1,1
8237,2025,31193852,Desterro de Entre Rios,482,0.0,🟢 Baixo Risco,0,1,1
8238,2025,31193828,Cristiano Otoni,257,0.0,🟢 Baixo Risco,0,1,1
8239,2025,31193801,Conselheiro Lafaiete,111,0.0,🟢 Baixo Risco,0,1,1
8240,2025,31193780,Conselheiro Lafaiete,200,0.0,🟢 Baixo Risco,0,1,1
8241,2025,31274895,Virgem da Lapa,230,0.0,🟢 Baixo Risco,0,1,1
8242,2025,31068829,Juiz de Fora,938,0.0,🟢 Baixo Risco,0,1,1
8243,2025,31068811,Juiz de Fora,426,0.0,🟢 Baixo Risco,0,1,1
8244,2025,31068802,Juiz de Fora,371,0.0,🟢 Baixo Risco,0,1,1
8245,2025,31068799,Juiz de Fora,1013,0.0,🟢 Baixo Risco,0,1,1
8246,2025,31068781,Juiz de Fora,418,0.0,🟢 Baixo Risco,0,1,1
8247,2025,31068772,Juiz de Fora,390,0.0,🟢 Baixo Risco,0,1,1
8248,2025,31068764,Juiz de Fora,1006,0.0,🟢 Baixo Risco,0,1,1
8249,2025,31068756,Juiz de Fora,368,0.0,🟢 Baixo Risco,0,1,1
8250,2025,31068748,Juiz de Fora,631,0.0,🟢 Baixo Risco,0,1,1
8251,2025,31068721,Juiz de Fora,586,0.0,🟢 Baixo Risco,0,1,1
8252,2025,31068713,Juiz de Fora,529,0.0,🟢 Baixo Risco,0,1,1
8253,2025,31068705,Juiz de Fora,1382,0.0,🟢 Baixo Risco,0,1,1
8254,2025,31068691,Juiz de Fora,616,0.0,🟢 Baixo Risco,0,1,1
8255,2025,31276855,Caxambu,275,0.0,🟢 Baixo Risco,0,1,1
8256,2025,31276758,São João da Ponte,597,0.0,🟢 Baixo Risco,0,1,1
8257,2025,31276723,Bocaiúva,237,0.0,🟢 Baixo Risco,0,1,1
8258,2025,31276464,Alagoa,95,0.0,🟢 Baixo Risco,0,1,1
8259,2025,31193755,Conselheiro Lafaiete,373,0.0,🟢 Baixo Risco,0,1,1
8260,2025,31193747,Conselheiro Lafaiete,263,0.0,🟢 Baixo Risco,0,1,1
8261,2025,31193704,Conselheiro Lafaiete,398,0.0,🟢 Baixo Risco,0,1,1
8262,2025,31193691,Conselheiro Lafaiete,254,0.0,🟢 Baixo Risco,0,1,1
8263,2025,31193682,Conselheiro Lafaiete,102,0.0,🟢 Baixo Risco,0,1,1
8264,2025,31193666,Conselheiro Lafaiete,1136,0.0,🟢 Baixo Risco,0,1,1
8265,2025,31193658,Conselheiro Lafaiete,1066,0.0,🟢 Baixo Risco,0,1,1
8266,2025,31193631,Conselheiro Lafaiete,676,0.0,🟢 Baixo Risco,0,1,1
8267,2025,31193615,Conselheiro Lafaiete,373,0.0,🟢 Baixo Risco,0,1,1
8268,2025,31193593,Conselheiro Lafaiete,471,0.0,🟢 Baixo Risco,0,1,1
8269,2025,31193585,Conselheiro Lafaiete,116,0.0,🟢 Baixo Risco,0,1,1
8270,2025,31193577,Conselheiro Lafaiete,796,0.0,🟢 Baixo Risco,0,1,1
8271,2025,31068501,Juiz de Fora,405,0.0,🟢 Baixo Risco,0,1,1
8272,2025,31068497,Juiz de Fora,556,0.0,🟢 Baixo Risco,0,1,1
8273,2025,31068489,Juiz de Fora,240,0.0,🟢 Baixo Risco,0,1,1
8274,2025,31068471,Juiz de Fora,547,0.0,🟢 Baixo Risco,0,1,1
8275,2025,31068462,Juiz de Fora,502,0.0,🟢 Baixo Risco,0,1,1
8276,2025,31068454,Juiz de Fora,720,0.0,🟢 Baixo Risco,0,1,1
8277,2025,31277118,Crisólita,102,0.0,🟢 Baixo Risco,0,1,1
8278,2025,31277037,Ribeirão das Neves,1537,0.0,🟢 Baixo Risco,0,1,1
8279,2025,31276901,São Sebastião da Vargem Alegre,166,0.0,🟢 Baixo Risco,0,1,1
8280,2025,31276898,Indaiabira,132,0.0,🟢 Baixo Risco,0,1,1
8281,2025,31277452,Araxá,628,0.0,🟢 Baixo Risco,0,1,1
8282,2025,31068632,Juiz de Fora,95,0.0,🟢 Baixo Risco,0,1,1
8283,2025,31068624,Juiz de Fora,403,0.0,🟢 Baixo Risco,0,1,1
8284,2025,31068616,Juiz de Fora,516,0.0,🟢 Baixo Risco,0,1,1
8285,2025,31068586,Juiz de Fora,845,0.0,🟢 Baixo Risco,0,1,1
8286,2025,31068560,Juiz de Fora,109,0.0,🟢 Baixo Risco,0,1,1
8287,2025,31068543,Juiz de Fora,667,0.0,🟢 Baixo Risco,0,1,1
8288,2025,31068535,Juiz de Fora,2423,0.0,🟢 Baixo Risco,0,1,1
8289,2025,31193542,Conselheiro Lafaiete,653,0.0,🟢 Baixo Risco,0,1,1
8290,2025,31193488,Congonhas,144,0.0,🟢 Baixo Risco,0,1,1
8291,2025,31193453,Congonhas,1038,0.0,🟢 Baixo Risco,0,1,1
8292,2025,31193445,Congonhas,636,0.0,🟢 Baixo Risco,0,1,1
8293,2025,31193429,Congonhas,534,0.0,🟢 Baixo Risco,0,1,1
8294,2025,31193411,Congonhas,773,0.0,🟢 Baixo Risco,0,1,1
8295,2025,31193402,Congonhas,385,0.0,🟢 Baixo Risco,0,1,1
8296,2025,31193399,Congonhas,275,0.0,🟢 Baixo Risco,0,1,1
8297,2025,31193356,Catas Altas da Noruega,450,0.0,🟢 Baixo Risco,0,1,1
8298,2025,31193348,Casa Grande,78,0.0,🟢 Baixo Risco,0,1,1
8299,2025,31068527,Juiz de Fora,120,0.0,🟢 Baixo Risco,0,1,1
8300,2025,31068519,Juiz de Fora,183,0.0,🟢 Baixo Risco,0,1,1
8301,2025,31278904,Campo Florido,805,0.0,🟢 Baixo Risco,0,1,1
8302,2025,31278718,Cruzeiro da Fortaleza,194,0.0,🟢 Baixo Risco,0,1,1
8303,2025,31278157,Minas Novas,626,0.0,🟢 Baixo Risco,0,1,1
8304,2025,31277886,Campestre,806,0.0,🟢 Baixo Risco,0,1,1
8305,2025,31277851,Sabará,865,0.0,🟢 Baixo Risco,0,1,1
8306,2025,31192848,Mesquita,33,0.0,🟢 Baixo Risco,0,1,1
8307,2025,31192830,Santana do Paraíso,23,0.0,🟢 Baixo Risco,0,1,1
8308,2025,31192465,Ipatinga,562,0.0,🟢 Baixo Risco,0,1,1
8309,2025,31192457,Ipatinga,248,0.0,🟢 Baixo Risco,0,1,1
8310,2025,31192317,Ipatinga,1140,0.0,🟢 Baixo Risco,0,1,1
8311,2025,31192295,Ipatinga,862,0.0,🟢 Baixo Risco,0,1,1
8312,2025,31279480,São Miguel do Anta,78,0.0,🟢 Baixo Risco,0,1,1
8313,2025,31279293,Ibitiúra de Minas,262,0.0,🟢 Baixo Risco,0,1,1
8314,2025,31068420,Juiz de Fora,1348,0.0,🟢 Baixo Risco,0,1,1
8315,2025,31068411,Juiz de Fora,416,0.0,🟢 Baixo Risco,0,1,1
8316,2025,31068403,Juiz de Fora,276,0.0,🟢 Baixo Risco,0,1,1
8317,2025,31068381,Juiz de Fora,1288,0.0,🟢 Baixo Risco,0,1,1
8318,2025,31082066,Porteirinha,275,0.0,🟢 Baixo Risco,0,1,1
8319,2025,31082058,Porteirinha,418,0.0,🟢 Baixo Risco,0,1,1
8320,2025,31082040,Porteirinha,299,0.0,🟢 Baixo Risco,0,1,1
8321,2025,31082031,Porteirinha,733,0.0,🟢 Baixo Risco,0,1,1
8322,2025,31082023,Porteirinha,192,0.0,🟢 Baixo Risco,0,1,1
8323,2025,31082015,Pirapora,841,0.0,🟢 Baixo Risco,0,1,1
8324,2025,31082007,Pirapora,650,0.0,🟢 Baixo Risco,0,1,1
8325,2025,31246425,Belo Horizonte,343,0.0,🟢 Baixo Risco,0,1,1
8326,2025,31246379,Tumiritinga,94,0.0,🟢 Baixo Risco,0,1,1
8327,2025,31246361,Itamogi,252,0.0,🟢 Baixo Risco,0,1,1
8328,2025,31246336,Almenara,1091,0.0,🟢 Baixo Risco,0,1,1
8329,2025,31246280,Januária,150,0.0,🟢 Baixo Risco,0,1,1
8330,2025,31246255,São João do Paraíso,206,0.0,🟢 Baixo Risco,0,1,1
8331,2025,31246204,Buritis,117,0.0,🟢 Baixo Risco,0,1,1
8332,2025,31212831,Pedra Azul,328,0.0,🟢 Baixo Risco,0,1,1
8333,2025,31212822,Januária,224,0.0,🟢 Baixo Risco,0,1,1
8334,2025,31068373,Juiz de Fora,1271,0.0,🟢 Baixo Risco,0,1,1
8335,2025,31068331,Juiz de Fora,1462,0.0,🟢 Baixo Risco,0,1,1
8336,2025,31068314,Guarará,445,0.0,🟢 Baixo Risco,0,1,1
8337,2025,31068292,Ewbank da Câmara,473,0.0,🟢 Baixo Risco,0,1,1
8338,2025,31068276,Descoberto,413,0.0,🟢 Baixo Risco,0,1,1
8339,2025,31068195,Chácara,135,0.0,🟢 Baixo Risco,0,1,1
8340,2025,31281247,São João Nepomuceno,72,0.0,🟢 Baixo Risco,0,1,1
8341,2025,31281221,São João Nepomuceno,114,0.0,🟢 Baixo Risco,0,1,1
8342,2025,31281204,Teófilo Otoni,578,0.0,🟢 Baixo Risco,0,1,1
8343,2025,31281069,Betim,553,0.0,🟢 Baixo Risco,0,1,1
8344,2025,31280674,Cristiano Otoni,123,0.0,🟢 Baixo Risco,0,1,1
8345,2025,31280160,Ribeirão das Neves,296,0.0,🟢 Baixo Risco,0,1,1
8346,2025,31280046,Betim,802,0.0,🟢 Baixo Risco,0,1,1
8347,2025,31279838,Padre Carvalho,120,0.0,🟢 Baixo Risco,0,1,1
8348,2025,31191418,Mesquita,455,0.0,🟢 Baixo Risco,0,1,1
8349,2025,31191396,Marliéria,309,0.0,🟢 Baixo Risco,0,1,1
8350,2025,31192163,Coronel Fabriciano,358,0.0,🟢 Baixo Risco,0,1,1
8351,2025,31191744,Antônio Dias,41,0.0,🟢 Baixo Risco,0,1,1
8352,2025,31191663,Timóteo,432,0.0,🟢 Baixo Risco,0,1,1
8353,2025,31191655,Timóteo,323,0.0,🟢 Baixo Risco,0,1,1
8354,2025,31191639,Timóteo,276,0.0,🟢 Baixo Risco,0,1,1
8355,2025,31068144,Carvalhos,361,0.0,🟢 Baixo Risco,0,1,1
8356,2025,31068021,Bicas,605,0.0,🟢 Baixo Risco,0,1,1
8357,2025,31067989,Bicas,224,0.0,🟢 Baixo Risco,0,1,1
8358,2025,31067971,Bicas,111,0.0,🟢 Baixo Risco,0,1,1
8359,2025,31067890,Belmiro Braga,310,0.0,🟢 Baixo Risco,0,1,1
8360,2025,31067881,Arantina,130,0.0,🟢 Baixo Risco,0,1,1
8361,2025,31067733,Ibiracatu,162,0.0,🟢 Baixo Risco,0,1,1
8362,2025,31065102,Matias Cardoso,589,0.0,🟢 Baixo Risco,0,1,1
8363,2025,31191191,Ipatinga,266,0.0,🟢 Baixo Risco,0,1,1
8364,2025,31191183,Ipatinga,418,0.0,🟢 Baixo Risco,0,1,1
8365,2025,31191574,Timóteo,552,0.0,🟢 Baixo Risco,0,1,1
8366,2025,31191566,Timóteo,165,0.0,🟢 Baixo Risco,0,1,1
8367,2025,31191558,Timóteo,300,0.0,🟢 Baixo Risco,0,1,1
8368,2025,31191540,Timóteo,862,0.0,🟢 Baixo Risco,0,1,1
8369,2025,31191531,Timóteo,1123,0.0,🟢 Baixo Risco,0,1,1
8370,2025,31191523,Timóteo,491,0.0,🟢 Baixo Risco,0,1,1
8371,2025,31191507,Timóteo,799,0.0,🟢 Baixo Risco,0,1,1
8372,2025,31191477,Santana do Paraíso,350,0.0,🟢 Baixo Risco,0,1,1
8373,2025,31191469,Santana do Paraíso,343,0.0,🟢 Baixo Risco,0,1,1
8374,2025,31191451,Santana do Paraíso,514,0.0,🟢 Baixo Risco,0,1,1
8375,2025,31191442,Santana do Paraíso,534,0.0,🟢 Baixo Risco,0,1,1
8376,2025,31191434,Mesquita,42,0.0,🟢 Baixo Risco,0,1,1
8377,2025,31191426,Santana do Paraíso,114,0.0,🟢 Baixo Risco,0,1,1
8378,2025,31063401,Pintópolis,71,0.0,🟢 Baixo Risco,0,1,1
8379,2025,31063398,São Francisco,325,0.0,🟢 Baixo Risco,0,1,1
8380,2025,31063738,Itacarambi,41,0.0,🟢 Baixo Risco,0,1,1
8381,2025,31063631,Itacarambi,54,0.0,🟢 Baixo Risco,0,1,1
8382,2025,31063592,Verdelândia,699,0.0,🟢 Baixo Risco,0,1,1
8383,2025,31283011,Belo Horizonte,385,0.0,🟢 Baixo Risco,0,1,1
8384,2025,31283002,Belo Horizonte,626,0.0,🟢 Baixo Risco,0,1,1
8385,2025,31190969,Coronel Fabriciano,328,0.0,🟢 Baixo Risco,0,1,1
8386,2025,31190942,Coronel Fabriciano,925,0.0,🟢 Baixo Risco,0,1,1
8387,2025,31191361,Marliéria,167,0.0,🟢 Baixo Risco,0,1,1
8388,2025,31191302,Ipatinga,486,0.0,🟢 Baixo Risco,0,1,1
8389,2025,31191299,Ipatinga,621,0.0,🟢 Baixo Risco,0,1,1
8390,2025,31191281,Ipatinga,403,0.0,🟢 Baixo Risco,0,1,1
8391,2025,31191256,Ipatinga,627,0.0,🟢 Baixo Risco,0,1,1
8392,2025,31191248,Ipatinga,298,0.0,🟢 Baixo Risco,0,1,1
8393,2025,31191221,Ipatinga,1385,0.0,🟢 Baixo Risco,0,1,1
8394,2025,31191205,Ipatinga,533,0.0,🟢 Baixo Risco,0,1,1
8395,2025,31063576,Ibiracatu,370,0.0,🟢 Baixo Risco,0,1,1
8396,2025,31063568,Varzelândia,287,0.0,🟢 Baixo Risco,0,1,1
8397,2025,31063525,Varzelândia,278,0.0,🟢 Baixo Risco,0,1,1
8398,2025,31063517,Varzelândia,658,0.0,🟢 Baixo Risco,0,1,1
8399,2025,31063495,Ponto Chique,426,0.0,🟢 Baixo Risco,0,1,1
8400,2025,31063487,Ubaí,287,0.0,🟢 Baixo Risco,0,1,1
8401,2025,31063479,Ubaí,321,0.0,🟢 Baixo Risco,0,1,1
8402,2025,31063452,Ubaí,487,0.0,🟢 Baixo Risco,0,1,1
8403,2025,31063428,Urucuia,205,0.0,🟢 Baixo Risco,0,1,1
8404,2025,31063312,São Francisco,396,0.0,🟢 Baixo Risco,0,1,1
8405,2025,31063282,Icaraí de Minas,156,0.0,🟢 Baixo Risco,0,1,1
8406,2025,31063274,Icaraí de Minas,219,0.0,🟢 Baixo Risco,0,1,1
8407,2025,31063266,Icaraí de Minas,165,0.0,🟢 Baixo Risco,0,1,1
8408,2025,31063258,Icaraí de Minas,602,0.0,🟢 Baixo Risco,0,1,1
8409,2025,31063240,Icaraí de Minas,170,0.0,🟢 Baixo Risco,0,1,1
8410,2025,31063231,São Francisco,441,0.0,🟢 Baixo Risco,0,1,1
8411,2025,31063223,São Francisco,119,0.0,🟢 Baixo Risco,0,1,1
8412,2025,31063193,São Francisco,1132,0.0,🟢 Baixo Risco,0,1,1
8413,2025,31063185,São Francisco,169,0.0,🟢 Baixo Risco,0,1,1
8414,2025,31063151,Chapada Gaúcha,245,0.0,🟢 Baixo Risco,0,1,1
8415,2025,31190641,Antônio Dias,215,0.0,🟢 Baixo Risco,0,1,1
8416,2025,31191159,Ipatinga,322,0.0,🟢 Baixo Risco,0,1,1
8417,2025,31191132,Ipatinga,899,0.0,🟢 Baixo Risco,0,1,1
8418,2025,31191124,Ipatinga,484,0.0,🟢 Baixo Risco,0,1,1
8419,2025,31191116,Ipatinga,256,0.0,🟢 Baixo Risco,0,1,1
8420,2025,31191086,Ipatinga,243,0.0,🟢 Baixo Risco,0,1,1
8421,2025,31191078,Ipatinga,719,0.0,🟢 Baixo Risco,0,1,1
8422,2025,31191060,Ipatinga,4246,0.0,🟢 Baixo Risco,0,1,1
8423,2025,31191043,Ipatinga,734,0.0,🟢 Baixo Risco,0,1,1
8424,2025,31191035,Ipatinga,614,0.0,🟢 Baixo Risco,0,1,1
8425,2025,31191027,Ipatinga,692,0.0,🟢 Baixo Risco,0,1,1
8426,2025,31190985,Coronel Fabriciano,253,0.0,🟢 Baixo Risco,0,1,1
8427,2025,31190977,Coronel Fabriciano,207,0.0,🟢 Baixo Risco,0,1,1
8428,2025,31062995,Juvenília,264,0.0,🟢 Baixo Risco,0,1,1
8429,2025,31062987,Montalvânia,262,0.0,🟢 Baixo Risco,0,1,1
8430,2025,31098370,Leopoldina,128,0.0,🟢 Baixo Risco,0,1,1
8431,2025,31098353,Leopoldina,217,0.0,🟢 Baixo Risco,0,1,1
8432,2025,31098345,Leopoldina,100,0.0,🟢 Baixo Risco,0,1,1
8433,2025,31098337,Leopoldina,125,0.0,🟢 Baixo Risco,0,1,1
8434,2025,31098311,Leopoldina,241,0.0,🟢 Baixo Risco,0,1,1
8435,2025,31098302,Leopoldina,724,0.0,🟢 Baixo Risco,0,1,1
8436,2025,31098299,Leopoldina,68,0.0,🟢 Baixo Risco,0,1,1
8437,2025,31215082,Betim,6020,0.0,🟢 Baixo Risco,0,1,1
8438,2025,31214981,Brasília de Minas,317,0.0,🟢 Baixo Risco,0,1,1
8439,2025,31244872,Monte Santo de Minas,182,0.0,🟢 Baixo Risco,0,1,1
8440,2025,31246115,Machado,191,0.0,🟢 Baixo Risco,0,1,1
8441,2025,31245917,Uberlândia,1210,0.0,🟢 Baixo Risco,0,1,1
8442,2025,31245909,Uberlândia,1574,0.0,🟢 Baixo Risco,0,1,1
8443,2025,31245836,Unaí,446,0.0,🟢 Baixo Risco,0,1,1
8444,2025,31082082,Porteirinha,158,0.0,🟢 Baixo Risco,0,1,1
8445,2025,31082074,Porteirinha,1752,0.0,🟢 Baixo Risco,0,1,1
8446,2025,31062961,Montalvânia,507,0.0,🟢 Baixo Risco,0,1,1
8447,2025,31062952,Montalvânia,558,0.0,🟢 Baixo Risco,0,1,1
8448,2025,31062928,Manga,235,0.0,🟢 Baixo Risco,0,1,1
8449,2025,31063347,São Francisco,239,0.0,🟢 Baixo Risco,0,1,1
8450,2025,31062693,Januária,75,0.0,🟢 Baixo Risco,0,1,1
8451,2025,31063134,São Francisco,419,0.0,🟢 Baixo Risco,0,1,1
8452,2025,31063126,São Francisco,453,0.0,🟢 Baixo Risco,0,1,1
8453,2025,31063100,São Francisco,455,0.0,🟢 Baixo Risco,0,1,1
8454,2025,31063096,São Francisco,184,0.0,🟢 Baixo Risco,0,1,1
8455,2025,31063070,São Francisco,245,0.0,🟢 Baixo Risco,0,1,1
8456,2025,31063061,Montalvânia,106,0.0,🟢 Baixo Risco,0,1,1
8457,2025,31063037,Montalvânia,132,0.0,🟢 Baixo Risco,0,1,1
8458,2025,31063011,Juvenília,149,0.0,🟢 Baixo Risco,0,1,1
8459,2025,31063002,Juvenília,245,0.0,🟢 Baixo Risco,0,1,1
8460,2025,31062910,Matias Cardoso,201,0.0,🟢 Baixo Risco,0,1,1
8461,2025,31062901,Miravânia,74,0.0,🟢 Baixo Risco,0,1,1
8462,2025,31062898,Miravânia,301,0.0,🟢 Baixo Risco,0,1,1
8463,2025,31062871,Jaíba,358,0.0,🟢 Baixo Risco,0,1,1
8464,2025,31062847,Jaíba,1924,0.0,🟢 Baixo Risco,0,1,1
8465,2025,31062821,Matias Cardoso,646,0.0,🟢 Baixo Risco,0,1,1
8466,2025,31062812,Jaíba,304,0.0,🟢 Baixo Risco,0,1,1
8467,2025,31062774,Manga,518,0.0,🟢 Baixo Risco,0,1,1
8468,2025,31062766,Manga,636,0.0,🟢 Baixo Risco,0,1,1
8469,2025,31062758,Manga,786,0.0,🟢 Baixo Risco,0,1,1
8470,2025,31190918,Coronel Fabriciano,362,0.0,🟢 Baixo Risco,0,1,1
8471,2025,31190900,Coronel Fabriciano,431,0.0,🟢 Baixo Risco,0,1,1
8472,2025,31190888,Coronel Fabriciano,686,0.0,🟢 Baixo Risco,0,1,1
8473,2025,31190829,Coronel Fabriciano,729,0.0,🟢 Baixo Risco,0,1,1
8474,2025,31190802,Coronel Fabriciano,268,0.0,🟢 Baixo Risco,0,1,1
8475,2025,31190799,Braúnas,67,0.0,🟢 Baixo Risco,0,1,1
8476,2025,31190772,Braúnas,303,0.0,🟢 Baixo Risco,0,1,1
8477,2025,31190756,Belo Oriente,619,0.0,🟢 Baixo Risco,0,1,1
8478,2025,31190705,Antônio Dias,359,0.0,🟢 Baixo Risco,0,1,1
8479,2025,31190659,Antônio Dias,135,0.0,🟢 Baixo Risco,0,1,1
8480,2025,31062715,Januária,282,0.0,🟢 Baixo Risco,0,1,1
8481,2025,31062685,Pedras de Maria da Cruz,43,0.0,🟢 Baixo Risco,0,1,1
8482,2025,31062669,Januária,435,0.0,🟢 Baixo Risco,0,1,1
8483,2025,31062651,Januária,172,0.0,🟢 Baixo Risco,0,1,1
8484,2025,31062642,Januária,364,0.0,🟢 Baixo Risco,0,1,1
8485,2025,31062626,Pedras de Maria da Cruz,625,0.0,🟢 Baixo Risco,0,1,1
8486,2025,31062561,Cônego Marinho,132,0.0,🟢 Baixo Risco,0,1,1
8487,2025,31062553,Cônego Marinho,222,0.0,🟢 Baixo Risco,0,1,1
8488,2025,31062545,Cônego Marinho,425,0.0,🟢 Baixo Risco,0,1,1
8489,2025,31062529,Januária,54,0.0,🟢 Baixo Risco,0,1,1
8490,2025,31062511,Januária,233,0.0,🟢 Baixo Risco,0,1,1
8491,2025,31062502,Bonito de Minas,774,0.0,🟢 Baixo Risco,0,1,1
8492,2025,31062456,Januária,448,0.0,🟢 Baixo Risco,0,1,1
8493,2025,31062448,Januária,292,0.0,🟢 Baixo Risco,0,1,1
8494,2025,31062430,Januária,140,0.0,🟢 Baixo Risco,0,1,1
8495,2025,31062421,Januária,295,0.0,🟢 Baixo Risco,0,1,1
8496,2025,31062413,Januária,648,0.0,🟢 Baixo Risco,0,1,1
8497,2025,31062405,Januária,240,0.0,🟢 Baixo Risco,0,1,1
8498,2025,31062391,Januária,444,0.0,🟢 Baixo Risco,0,1,1
8499,2025,31062375,Januária,687,0.0,🟢 Baixo Risco,0,1,1
8500,2025,31062367,Januária,294,0.0,🟢 Baixo Risco,0,1,1
8501,2025,31062359,São João das Missões,613,0.0,🟢 Baixo Risco,0,1,1
8502,2025,31106178,Itabirito,841,0.0,🟢 Baixo Risco,0,1,1
8503,2025,31106160,Itabirito,1332,0.0,🟢 Baixo Risco,0,1,1
8504,2025,31106151,Itabirito,992,0.0,🟢 Baixo Risco,0,1,1
8505,2025,31106143,Itabirito,350,0.0,🟢 Baixo Risco,0,1,1
8506,2025,31106127,Itabirito,410,0.0,🟢 Baixo Risco,0,1,1
8507,2025,31106101,Diogo de Vasconcelos,279,0.0,🟢 Baixo Risco,0,1,1
8508,2025,31106020,Belo Vale,511,0.0,🟢 Baixo Risco,0,1,1
8509,2025,31106003,Acaiaca,245,0.0,🟢 Baixo Risco,0,1,1
8510,2025,31105546,Santo Antônio do Rio Abaixo,93,0.0,🟢 Baixo Risco,0,1,1
8511,2025,31105406,Santa Maria de Itabira,59,0.0,🟢 Baixo Risco,0,1,1
8512,2025,31062308,Itacarambi,894,0.0,🟢 Baixo Risco,0,1,1
8513,2025,31062278,Itacarambi,214,0.0,🟢 Baixo Risco,0,1,1
8514,2025,31082236,Rio Pardo de Minas,223,0.0,🟢 Baixo Risco,0,1,1
8515,2025,31082228,Rio Pardo de Minas,633,0.0,🟢 Baixo Risco,0,1,1
8516,2025,31082171,Riacho dos Machados,315,0.0,🟢 Baixo Risco,0,1,1
8517,2025,31082155,Porteirinha,212,0.0,🟢 Baixo Risco,0,1,1
8518,2025,31082147,Pai Pedro,406,0.0,🟢 Baixo Risco,0,1,1
8519,2025,31081973,Pirapora,423,0.0,🟢 Baixo Risco,0,1,1
8520,2025,31081965,Pirapora,502,0.0,🟢 Baixo Risco,0,1,1
8521,2025,31081957,Pirapora,272,0.0,🟢 Baixo Risco,0,1,1
8522,2025,31081949,Pirapora,581,0.0,🟢 Baixo Risco,0,1,1
8523,2025,31081931,Pirapora,371,0.0,🟢 Baixo Risco,0,1,1
8524,2025,31245356,São João Nepomuceno,19,0.0,🟢 Baixo Risco,0,1,1
8525,2025,31245160,Rio do Prado,288,0.0,🟢 Baixo Risco,0,1,1
8526,2025,31098582,Muriaé,422,0.0,🟢 Baixo Risco,0,1,1
8527,2025,31098566,Muriaé,152,0.0,🟢 Baixo Risco,0,1,1
8528,2025,31098434,Miradouro,618,0.0,🟢 Baixo Risco,0,1,1
8529,2025,31062499,Januária,3049,0.0,🟢 Baixo Risco,0,1,1
8530,2025,31062481,Januária,697,0.0,🟢 Baixo Risco,0,1,1
8531,2025,31062472,Januária,750,0.0,🟢 Baixo Risco,0,1,1
8532,2025,31062464,Januária,301,0.0,🟢 Baixo Risco,0,1,1
8533,2025,31060879,Pouso Alegre,460,0.0,🟢 Baixo Risco,0,1,1
8534,2025,31060861,Pouso Alegre,1522,0.0,🟢 Baixo Risco,0,1,1
8535,2025,31106399,Mariana,207,0.0,🟢 Baixo Risco,0,1,1
8536,2025,31188654,Medina,90,0.0,🟢 Baixo Risco,0,1,1
8537,2025,31106372,Mariana,289,0.0,🟢 Baixo Risco,0,1,1
8538,2025,31106364,Mariana,177,0.0,🟢 Baixo Risco,0,1,1
8539,2025,31106321,Mariana,576,0.0,🟢 Baixo Risco,0,1,1
8540,2025,31106291,Mariana,959,0.0,🟢 Baixo Risco,0,1,1
8541,2025,31106275,Mariana,242,0.0,🟢 Baixo Risco,0,1,1
8542,2025,31106241,Mariana,110,0.0,🟢 Baixo Risco,0,1,1
8543,2025,31106194,Itabirito,1172,0.0,🟢 Baixo Risco,0,1,1
8544,2025,31062324,Itacarambi,231,0.0,🟢 Baixo Risco,0,1,1
8545,2025,31058777,Delfim Moreira,488,0.0,🟢 Baixo Risco,0,1,1
8546,2025,31216925,Ouro Branco,796,0.0,🟢 Baixo Risco,0,1,1
8547,2025,31216879,Congonhas,380,0.0,🟢 Baixo Risco,0,1,1
8548,2025,31216399,Coração de Jesus,43,0.0,🟢 Baixo Risco,0,1,1
8549,2025,31216356,Coração de Jesus,304,0.0,🟢 Baixo Risco,0,1,1
8550,2025,31215384,Guarani,231,0.0,🟢 Baixo Risco,0,1,1
8551,2025,31243141,Betim,638,0.0,🟢 Baixo Risco,0,1,1
8552,2025,31244589,Jequitinhonha,69,0.0,🟢 Baixo Risco,0,1,1
8553,2025,31244473,Belo Horizonte,752,0.0,🟢 Baixo Risco,0,1,1
8554,2025,31244279,Lavras,577,0.0,🟢 Baixo Risco,0,1,1
8555,2025,31244261,Congonhas,434,0.0,🟢 Baixo Risco,0,1,1
8556,2025,31082325,Santo Antônio do Retiro,384,0.0,🟢 Baixo Risco,0,1,1
8557,2025,31082309,Montezuma,215,0.0,🟢 Baixo Risco,0,1,1
8558,2025,31082261,Indaiabira,297,0.0,🟢 Baixo Risco,0,1,1
8559,2025,31082252,Indaiabira,194,0.0,🟢 Baixo Risco,0,1,1
8560,2025,31058149,Senador Amaral,388,0.0,🟢 Baixo Risco,0,1,1
8561,2025,31057851,Camanducaia,67,0.0,🟢 Baixo Risco,0,1,1
8562,2025,31057762,Camanducaia,152,0.0,🟢 Baixo Risco,0,1,1
8563,2025,31106631,Ouro Preto,188,0.0,🟢 Baixo Risco,0,1,1
8564,2025,31106585,Ouro Preto,218,0.0,🟢 Baixo Risco,0,1,1
8565,2025,31106577,Ouro Preto,147,0.0,🟢 Baixo Risco,0,1,1
8566,2025,31106534,Ouro Preto,326,0.0,🟢 Baixo Risco,0,1,1
8567,2025,31106526,Ouro Preto,673,0.0,🟢 Baixo Risco,0,1,1
8568,2025,31106518,Ouro Preto,185,0.0,🟢 Baixo Risco,0,1,1
8569,2025,31106500,Ouro Preto,757,0.0,🟢 Baixo Risco,0,1,1
8570,2025,31106496,Ouro Preto,299,0.0,🟢 Baixo Risco,0,1,1
8571,2025,31106488,Ouro Preto,290,0.0,🟢 Baixo Risco,0,1,1
8572,2025,31106470,Ouro Preto,393,0.0,🟢 Baixo Risco,0,1,1
8573,2025,31106461,Ouro Preto,204,0.0,🟢 Baixo Risco,0,1,1
8574,2025,31106437,Moeda,406,0.0,🟢 Baixo Risco,0,1,1
8575,2025,31106402,Mariana,224,0.0,🟢 Baixo Risco,0,1,1
8576,2025,31056766,Toledo,183,0.0,🟢 Baixo Risco,0,1,1
8577,2025,31056758,Toledo,462,0.0,🟢 Baixo Risco,0,1,1
8578,2025,31056693,Sapucaí-Mirim,570,0.0,🟢 Baixo Risco,0,1,1
8579,2025,31056677,São Sebastião da Bela Vista,642,0.0,🟢 Baixo Risco,0,1,1
8580,2025,31056669,São José do Alegre,386,0.0,🟢 Baixo Risco,0,1,1
8581,2025,31056651,São José do Alegre,280,0.0,🟢 Baixo Risco,0,1,1
8582,2025,31056634,Santa Rita do Sapucaí,805,0.0,🟢 Baixo Risco,0,1,1
8583,2025,31056626,Santa Rita do Sapucaí,529,0.0,🟢 Baixo Risco,0,1,1
8584,2025,31056596,Santa Rita do Sapucaí,1157,0.0,🟢 Baixo Risco,0,1,1
8585,2025,31056588,Santa Rita do Sapucaí,301,0.0,🟢 Baixo Risco,0,1,1
8586,2025,31056545,Pouso Alegre,366,0.0,🟢 Baixo Risco,0,1,1
8587,2025,31056537,Pouso Alegre,1060,0.0,🟢 Baixo Risco,0,1,1
8588,2025,31056502,Pouso Alegre,981,0.0,🟢 Baixo Risco,0,1,1
8589,2025,31056499,Pouso Alegre,101,0.0,🟢 Baixo Risco,0,1,1
8590,2025,31056481,Pouso Alegre,950,0.0,🟢 Baixo Risco,0,1,1
8591,2025,31056456,Pouso Alegre,604,0.0,🟢 Baixo Risco,0,1,1
8592,2025,31056448,Pouso Alegre,281,0.0,🟢 Baixo Risco,0,1,1
8593,2025,31056430,Pouso Alegre,1178,0.0,🟢 Baixo Risco,0,1,1
8594,2025,31056413,Pouso Alegre,1083,0.0,🟢 Baixo Risco,0,1,1
8595,2025,31185396,Rubim,101,0.0,🟢 Baixo Risco,0,1,1
8596,2025,31185388,Rubim,301,0.0,🟢 Baixo Risco,0,1,1
8597,2025,31106747,Ouro Preto,30,0.0,🟢 Baixo Risco,0,1,1
8598,2025,31106739,Ouro Preto,229,0.0,🟢 Baixo Risco,0,1,1
8599,2025,31106721,Ouro Preto,355,0.0,🟢 Baixo Risco,0,1,1
8600,2025,31106712,Ouro Preto,121,0.0,🟢 Baixo Risco,0,1,1
8601,2025,31106704,Ouro Preto,142,0.0,🟢 Baixo Risco,0,1,1
8602,2025,31106691,Ouro Preto,58,0.0,🟢 Baixo Risco,0,1,1
8603,2025,31106674,Ouro Preto,35,0.0,🟢 Baixo Risco,0,1,1
8604,2025,31106658,Ouro Preto,487,0.0,🟢 Baixo Risco,0,1,1
8605,2025,31056383,Pouso Alegre,3459,0.0,🟢 Baixo Risco,0,1,1
8606,2025,31056375,Pouso Alegre,908,0.0,🟢 Baixo Risco,0,1,1
8607,2025,31056367,Pouso Alegre,322,0.0,🟢 Baixo Risco,0,1,1
8608,2025,31056359,Pouso Alegre,627,0.0,🟢 Baixo Risco,0,1,1
8609,2025,31056332,Pouso Alegre,327,0.0,🟢 Baixo Risco,0,1,1
8610,2025,31056294,Piranguinho,754,0.0,🟢 Baixo Risco,0,1,1
8611,2025,31056235,Piranguçu,557,0.0,🟢 Baixo Risco,0,1,1
8612,2025,31056201,Pedralva,419,0.0,🟢 Baixo Risco,0,1,1
8613,2025,31056081,Pedralva,387,0.0,🟢 Baixo Risco,0,1,1
8614,2025,31056006,Paraisópolis,707,0.0,🟢 Baixo Risco,0,1,1
8615,2025,31055981,Ouro Fino,299,0.0,🟢 Baixo Risco,0,1,1
8616,2025,31055972,Ouro Fino,588,0.0,🟢 Baixo Risco,0,1,1
8617,2025,31055964,Ouro Fino,596,0.0,🟢 Baixo Risco,0,1,1
8618,2025,31055948,Ouro Fino,232,0.0,🟢 Baixo Risco,0,1,1
8619,2025,31055905,Ouro Fino,404,0.0,🟢 Baixo Risco,0,1,1
8620,2025,31055891,Ouro Fino,550,0.0,🟢 Baixo Risco,0,1,1
8621,2025,31055867,Natércia,301,0.0,🟢 Baixo Risco,0,1,1
8622,2025,31055841,Munhoz,361,0.0,🟢 Baixo Risco,0,1,1
8623,2025,31055832,Munhoz,613,0.0,🟢 Baixo Risco,0,1,1
8624,2025,31055751,Marmelópolis,300,0.0,🟢 Baixo Risco,0,1,1
8625,2025,31217735,Monsenhor Paulo,507,0.0,🟢 Baixo Risco,0,1,1
8626,2025,31217719,Varginha,130,0.0,🟢 Baixo Risco,0,1,1
8627,2025,31217689,Campanha,797,0.0,🟢 Baixo Risco,0,1,1
8628,2025,31217646,Capelinha,2652,0.0,🟢 Baixo Risco,0,1,1
8629,2025,31217344,Varzelândia,98,0.0,🟢 Baixo Risco,0,1,1
8630,2025,31217310,Ipatinga,1362,0.0,🟢 Baixo Risco,0,1,1
8631,2025,31082121,Serranópolis de Minas,272,0.0,🟢 Baixo Risco,0,1,1
8632,2025,31082112,Porteirinha,250,0.0,🟢 Baixo Risco,0,1,1
8633,2025,31082104,Nova Porteirinha,208,0.0,🟢 Baixo Risco,0,1,1
8634,2025,31244147,Guaxupé,279,0.0,🟢 Baixo Risco,0,1,1
8635,2025,31243655,Passos,446,0.0,🟢 Baixo Risco,0,1,1
8636,2025,31243523,Lagoa Grande,255,0.0,🟢 Baixo Risco,0,1,1
8637,2025,31217069,Paraopeba,364,0.0,🟢 Baixo Risco,0,1,1
8638,2025,31216933,Ouro Branco,439,0.0,🟢 Baixo Risco,0,1,1
8639,2025,31055743,Maria da Fé,79,0.0,🟢 Baixo Risco,0,1,1
8640,2025,31055638,Jacutinga,1499,0.0,🟢 Baixo Risco,0,1,1
8641,2025,31055590,Itapeva,352,0.0,🟢 Baixo Risco,0,1,1
8642,2025,31055573,Itajubá,135,0.0,🟢 Baixo Risco,0,1,1
8643,2025,31055565,Itajubá,610,0.0,🟢 Baixo Risco,0,1,1
8644,2025,31055557,Itajubá,288,0.0,🟢 Baixo Risco,0,1,1
8645,2025,31055531,Itajubá,463,0.0,🟢 Baixo Risco,0,1,1
8646,2025,31185116,Jordânia,120,0.0,🟢 Baixo Risco,0,1,1
8647,2025,31185094,Jordânia,448,0.0,🟢 Baixo Risco,0,1,1
8648,2025,31106615,Ouro Preto,91,0.0,🟢 Baixo Risco,0,1,1
8649,2025,31106593,Ouro Preto,434,0.0,🟢 Baixo Risco,0,1,1
8650,2025,31185655,Curral de Dentro,128,0.0,🟢 Baixo Risco,0,1,1
8651,2025,31107280,Mariana,8,0.0,🟢 Baixo Risco,0,1,1
8652,2025,31185451,Santo Antônio do Jacinto,618,0.0,🟢 Baixo Risco,0,1,1
8653,2025,31185442,Santa Maria do Salto,451,0.0,🟢 Baixo Risco,0,1,1
8654,2025,31185426,Salto da Divisa,525,0.0,🟢 Baixo Risco,0,1,1
8655,2025,31185418,Salto da Divisa,290,0.0,🟢 Baixo Risco,0,1,1
8656,2025,31185400,Salto da Divisa,351,0.0,🟢 Baixo Risco,0,1,1
8657,2025,31055441,Itajubá,244,0.0,🟢 Baixo Risco,0,1,1
8658,2025,31055433,Itajubá,1439,0.0,🟢 Baixo Risco,0,1,1
8659,2025,31055425,Itajubá,385,0.0,🟢 Baixo Risco,0,1,1
8660,2025,31055361,Itajubá,347,0.0,🟢 Baixo Risco,0,1,1
8661,2025,31055344,Itajubá,415,0.0,🟢 Baixo Risco,0,1,1
8662,2025,31055301,Itajubá,835,0.0,🟢 Baixo Risco,0,1,1
8663,2025,31055298,Itajubá,227,0.0,🟢 Baixo Risco,0,1,1
8664,2025,31055280,Inconfidentes,360,0.0,🟢 Baixo Risco,0,1,1
8665,2025,31291102,Sabará,690,0.0,🟢 Baixo Risco,0,1,1
8666,2025,31055735,Maria da Fé,87,0.0,🟢 Baixo Risco,0,1,1
8667,2025,31055697,Maria da Fé,443,0.0,🟢 Baixo Risco,0,1,1
8668,2025,31055166,Extrema,374,0.0,🟢 Baixo Risco,0,1,1
8669,2025,31055158,Extrema,781,0.0,🟢 Baixo Risco,0,1,1
8670,2025,31055107,Estiva,348,0.0,🟢 Baixo Risco,0,1,1
8671,2025,31055093,Estiva,839,0.0,🟢 Baixo Risco,0,1,1
8672,2025,31055042,Espírito Santo do Dourado,609,0.0,🟢 Baixo Risco,0,1,1
8673,2025,31055000,Delfim Moreira,433,0.0,🟢 Baixo Risco,0,1,1
8674,2025,31054933,Cristina,517,0.0,🟢 Baixo Risco,0,1,1
8675,2025,31184799,Jacinto,119,0.0,🟢 Baixo Risco,0,1,1
8676,2025,31185353,Palmópolis,383,0.0,🟢 Baixo Risco,0,1,1
8677,2025,31185329,Palmópolis,198,0.0,🟢 Baixo Risco,0,1,1
8678,2025,31185264,Pedra Azul,585,0.0,🟢 Baixo Risco,0,1,1
8679,2025,31185221,Pedra Azul,347,0.0,🟢 Baixo Risco,0,1,1
8680,2025,31185213,Pedra Azul,442,0.0,🟢 Baixo Risco,0,1,1
8681,2025,31185205,Pedra Azul,719,0.0,🟢 Baixo Risco,0,1,1
8682,2025,31185167,Medina,453,0.0,🟢 Baixo Risco,0,1,1
8683,2025,31185159,Medina,245,0.0,🟢 Baixo Risco,0,1,1
8684,2025,31185124,Medina,466,0.0,🟢 Baixo Risco,0,1,1
8685,2025,31055514,Itajubá,266,0.0,🟢 Baixo Risco,0,1,1
8686,2025,31054836,Conceição dos Ouros,928,0.0,🟢 Baixo Risco,0,1,1
8687,2025,31054810,Conceição das Pedras,226,0.0,🟢 Baixo Risco,0,1,1
8688,2025,31054780,Careaçu,602,0.0,🟢 Baixo Risco,0,1,1
8689,2025,31054771,Senador Amaral,997,0.0,🟢 Baixo Risco,0,1,1
8690,2025,31054763,Cambuí,276,0.0,🟢 Baixo Risco,0,1,1
8691,2025,31054755,Cambuí,737,0.0,🟢 Baixo Risco,0,1,1
8692,2025,31054721,Cambuí,148,0.0,🟢 Baixo Risco,0,1,1
8693,2025,31292265,Serra do Salitre,381,0.0,🟢 Baixo Risco,0,1,1
8694,2025,31292141,Unaí,979,0.0,🟢 Baixo Risco,0,1,1
8695,2025,31055212,Inconfidentes,58,0.0,🟢 Baixo Risco,0,1,1
8696,2025,31055182,Gonçalves,352,0.0,🟢 Baixo Risco,0,1,1
8697,2025,31294641,Belo Horizonte,1228,0.0,🟢 Baixo Risco,0,1,1
8698,2025,31294632,Belo Horizonte,1001,0.0,🟢 Baixo Risco,0,1,1
8699,2025,31294250,Sabará,684,0.0,🟢 Baixo Risco,0,1,1
8700,2025,31294071,Virginópolis,98,0.0,🟢 Baixo Risco,0,1,1
8701,2025,31294063,Periquito,453,0.0,🟢 Baixo Risco,0,1,1
8702,2025,31054925,Cristina,169,0.0,🟢 Baixo Risco,0,1,1
8703,2025,31082554,Salinas,314,0.0,🟢 Baixo Risco,0,1,1
8704,2025,31082511,Fruta de Leite,498,0.0,🟢 Baixo Risco,0,1,1
8705,2025,31082503,Salinas,378,0.0,🟢 Baixo Risco,0,1,1
8706,2025,31082490,Salinas,748,0.0,🟢 Baixo Risco,0,1,1
8707,2025,31082457,Salinas,764,0.0,🟢 Baixo Risco,0,1,1
8708,2025,31082431,Salinas,148,0.0,🟢 Baixo Risco,0,1,1
8709,2025,31082414,Rubelita,325,0.0,🟢 Baixo Risco,0,1,1
8710,2025,31082384,Vargem Grande do Rio Pardo,354,0.0,🟢 Baixo Risco,0,1,1
8711,2025,31082333,Rio Pardo de Minas,404,0.0,🟢 Baixo Risco,0,1,1
8712,2025,31242730,Betim,526,0.0,🟢 Baixo Risco,0,1,1
8713,2025,31215376,Timóteo,722,0.0,🟢 Baixo Risco,0,1,1
8714,2025,31217778,Viçosa,360,0.0,🟢 Baixo Risco,0,1,1
8715,2025,31217751,Lavras,364,0.0,🟢 Baixo Risco,0,1,1
8716,2025,31217743,Lavras,691,0.0,🟢 Baixo Risco,0,1,1
8717,2025,31054879,Córrego do Bom Jesus,477,0.0,🟢 Baixo Risco,0,1,1
8718,2025,31054852,Consolação,132,0.0,🟢 Baixo Risco,0,1,1
8719,2025,31054470,Brazópolis,469,0.0,🟢 Baixo Risco,0,1,1
8720,2025,31054453,Brazópolis,103,0.0,🟢 Baixo Risco,0,1,1
8721,2025,31295574,Ouro Branco,356,0.0,🟢 Baixo Risco,0,1,1
8722,2025,31295264,São José da Safira,334,0.0,🟢 Baixo Risco,0,1,1
8723,2025,31295086,Jaíba,717,0.0,🟢 Baixo Risco,0,1,1
8724,2025,31294705,Albertina,70,0.0,🟢 Baixo Risco,0,1,1
8725,2025,31107522,Ouro Preto,53,0.0,🟢 Baixo Risco,0,1,1
8726,2025,31185086,Jordânia,296,0.0,🟢 Baixo Risco,0,1,1
8727,2025,31185078,Jordânia,409,0.0,🟢 Baixo Risco,0,1,1
8728,2025,31185051,Joaíma,180,0.0,🟢 Baixo Risco,0,1,1
8729,2025,31185043,Joaíma,254,0.0,🟢 Baixo Risco,0,1,1
8730,2025,31185035,Monte Formoso,444,0.0,🟢 Baixo Risco,0,1,1
8731,2025,31185019,Joaíma,381,0.0,🟢 Baixo Risco,0,1,1
8732,2025,31185001,Jequitinhonha,155,0.0,🟢 Baixo Risco,0,1,1
8733,2025,31184977,Jequitinhonha,105,0.0,🟢 Baixo Risco,0,1,1
8734,2025,31184969,Jequitinhonha,110,0.0,🟢 Baixo Risco,0,1,1
8735,2025,31184942,Jequitinhonha,255,0.0,🟢 Baixo Risco,0,1,1
8736,2025,31184918,Jequitinhonha,615,0.0,🟢 Baixo Risco,0,1,1
8737,2025,31184837,Jequitinhonha,671,0.0,🟢 Baixo Risco,0,1,1
8738,2025,31294659,Belo Horizonte,830,0.0,🟢 Baixo Risco,0,1,1
8739,2025,31295728,Patos de Minas,463,0.0,🟢 Baixo Risco,0,1,1
8740,2025,31054682,Cambuí,896,0.0,🟢 Baixo Risco,0,1,1
8741,2025,31054666,Camanducaia,373,0.0,🟢 Baixo Risco,0,1,1
8742,2025,31054615,Cachoeira de Minas,119,0.0,🟢 Baixo Risco,0,1,1
8743,2025,31054607,Cachoeira de Minas,263,0.0,🟢 Baixo Risco,0,1,1
8744,2025,31054593,Cachoeira de Minas,417,0.0,🟢 Baixo Risco,0,1,1
8745,2025,31054569,Cachoeira de Minas,559,0.0,🟢 Baixo Risco,0,1,1
8746,2025,31054542,Bueno Brandão,653,0.0,🟢 Baixo Risco,0,1,1
8747,2025,31054500,Brazópolis,139,0.0,🟢 Baixo Risco,0,1,1
8748,2025,31054488,Brazópolis,449,0.0,🟢 Baixo Risco,0,1,1
8749,2025,31054437,Brazópolis,176,0.0,🟢 Baixo Risco,0,1,1
8750,2025,31054402,Tocos do Moji,223,0.0,🟢 Baixo Risco,0,1,1
8751,2025,31054399,Borda da Mata,114,0.0,🟢 Baixo Risco,0,1,1
8752,2025,31054381,Borda da Mata,202,0.0,🟢 Baixo Risco,0,1,1
8753,2025,31054356,Borda da Mata,573,0.0,🟢 Baixo Risco,0,1,1
8754,2025,31054313,Borda da Mata,364,0.0,🟢 Baixo Risco,0,1,1
8755,2025,31054275,Bom Repouso,1002,0.0,🟢 Baixo Risco,0,1,1
8756,2025,31054046,Governador Valadares,564,0.0,🟢 Baixo Risco,0,1,1
8757,2025,31053856,Aimorés,416,0.0,🟢 Baixo Risco,0,1,1
8758,2025,31053805,Virgolândia,12,0.0,🟢 Baixo Risco,0,1,1
8759,2025,31184519,Almenara,704,0.0,🟢 Baixo Risco,0,1,1
8760,2025,31184462,Águas Vermelhas,126,0.0,🟢 Baixo Risco,0,1,1
8761,2025,31184764,Jacinto,88,0.0,🟢 Baixo Risco,0,1,1
8762,2025,31184756,Jacinto,706,0.0,🟢 Baixo Risco,0,1,1
8763,2025,31184705,Felisburgo,312,0.0,🟢 Baixo Risco,0,1,1
8764,2025,31184691,Felisburgo,338,0.0,🟢 Baixo Risco,0,1,1
8765,2025,31108197,Arinos,211,0.0,🟢 Baixo Risco,0,1,1
8766,2025,31107972,Itabirito,570,0.0,🟢 Baixo Risco,0,1,1
8767,2025,31297810,Uberlândia,766,0.0,🟢 Baixo Risco,0,1,1
8768,2025,31297518,São João das Missões,201,0.0,🟢 Baixo Risco,0,1,1
8769,2025,31296651,Sabará,314,0.0,🟢 Baixo Risco,0,1,1
8770,2025,31053155,Sardoá,124,0.0,🟢 Baixo Risco,0,1,1
8771,2025,31053112,Sardoá,36,0.0,🟢 Baixo Risco,0,1,1
8772,2025,31052434,São José da Safira,50,0.0,🟢 Baixo Risco,0,1,1
8773,2025,31296635,Sabará,780,0.0,🟢 Baixo Risco,0,1,1
8774,2025,31049468,Itanhomi,265,0.0,🟢 Baixo Risco,0,1,1
8775,2025,31298221,Francisco Sá,86,0.0,🟢 Baixo Risco,0,1,1
8776,2025,31052205,São Geraldo da Piedade,89,0.0,🟢 Baixo Risco,0,1,1
8777,2025,31051951,José Raydan,171,0.0,🟢 Baixo Risco,0,1,1
8778,2025,31182338,Visconde do Rio Branco,186,0.0,🟢 Baixo Risco,0,1,1
8779,2025,31107492,Ouro Preto,164,0.0,🟢 Baixo Risco,0,1,1
8780,2025,31107441,Ouro Preto,199,0.0,🟢 Baixo Risco,0,1,1
8781,2025,31184641,Comercinho,363,0.0,🟢 Baixo Risco,0,1,1
8782,2025,31184632,Bandeira,355,0.0,🟢 Baixo Risco,0,1,1
8783,2025,31184616,Cachoeira de Pajeú,326,0.0,🟢 Baixo Risco,0,1,1
8784,2025,31184608,Almenara,147,0.0,🟢 Baixo Risco,0,1,1
8785,2025,31184594,Mata Verde,482,0.0,🟢 Baixo Risco,0,1,1
8786,2025,31184586,Divisópolis,878,0.0,🟢 Baixo Risco,0,1,1
8787,2025,31184578,Almenara,164,0.0,🟢 Baixo Risco,0,1,1
8788,2025,31184551,Almenara,2764,0.0,🟢 Baixo Risco,0,1,1
8789,2025,31184543,Almenara,196,0.0,🟢 Baixo Risco,0,1,1
8790,2025,31184527,Almenara,402,0.0,🟢 Baixo Risco,0,1,1
8791,2025,31297895,Divisa Nova,266,0.0,🟢 Baixo Risco,0,1,1
8792,2025,31048577,Governador Valadares,781,0.0,🟢 Baixo Risco,0,1,1
8793,2025,31299103,Malacacheta,282,0.0,🟢 Baixo Risco,0,1,1
8794,2025,31298913,Teófilo Otoni,369,0.0,🟢 Baixo Risco,0,1,1
8795,2025,31051349,Sabinópolis,69,0.0,🟢 Baixo Risco,0,1,1
8796,2025,31108383,Natalândia,326,0.0,🟢 Baixo Risco,0,1,1
8797,2025,31108375,Dom Bosco,365,0.0,🟢 Baixo Risco,0,1,1
8798,2025,31184454,Divisa Alegre,534,0.0,🟢 Baixo Risco,0,1,1
8799,2025,31184446,Curral de Dentro,658,0.0,🟢 Baixo Risco,0,1,1
8800,2025,31082571,Santa Cruz de Salinas,289,0.0,🟢 Baixo Risco,0,1,1
8801,2025,31242411,José Raydan,67,0.0,🟢 Baixo Risco,0,1,1
8802,2025,31242217,Mirabela,154,0.0,🟢 Baixo Risco,0,1,1
8803,2025,31242071,Três Marias,179,0.0,🟢 Baixo Risco,0,1,1
8804,2025,31242063,Três Marias,133,0.0,🟢 Baixo Risco,0,1,1
8805,2025,31242527,Montes Claros,1297,0.0,🟢 Baixo Risco,0,1,1
8806,2025,31242497,Pouso Alegre,787,0.0,🟢 Baixo Risco,0,1,1
8807,2025,31242462,Virginópolis,370,0.0,🟢 Baixo Risco,0,1,1
8808,2025,31082821,Riachinho,67,0.0,🟢 Baixo Risco,0,1,1
8809,2025,31082791,Riachinho,489,0.0,🟢 Baixo Risco,0,1,1
8810,2025,31082767,São Romão,738,0.0,🟢 Baixo Risco,0,1,1
8811,2025,31082759,Ninheira,557,0.0,🟢 Baixo Risco,0,1,1
8812,2025,31082732,São João do Paraíso,978,0.0,🟢 Baixo Risco,0,1,1
8813,2025,31082716,São João do Paraíso,570,0.0,🟢 Baixo Risco,0,1,1
8814,2025,31082686,São João da Ponte,40,0.0,🟢 Baixo Risco,0,1,1
8815,2025,31082562,Salinas,109,0.0,🟢 Baixo Risco,0,1,1
8816,2025,31184420,Águas Vermelhas,191,0.0,🟢 Baixo Risco,0,1,1
8817,2025,31184411,Curral de Dentro,227,0.0,🟢 Baixo Risco,0,1,1
8818,2025,31184403,Águas Vermelhas,498,0.0,🟢 Baixo Risco,0,1,1
8819,2025,31184381,Águas Vermelhas,509,0.0,🟢 Baixo Risco,0,1,1
8820,2025,31184152,Visconde do Rio Branco,1342,0.0,🟢 Baixo Risco,0,1,1
8821,2025,31183628,São Geraldo,335,0.0,🟢 Baixo Risco,0,1,1
8822,2025,31048887,Governador Valadares,80,0.0,🟢 Baixo Risco,0,1,1
8823,2025,31303330,Machado,73,0.0,🟢 Baixo Risco,0,1,1
8824,2025,31302627,Barbacena,141,0.0,🟢 Baixo Risco,0,1,1
8825,2025,31048526,Governador Valadares,488,0.0,🟢 Baixo Risco,0,1,1
8826,2025,31048470,Governador Valadares,637,0.0,🟢 Baixo Risco,0,1,1
8827,2025,31182087,Ubá,199,0.0,🟢 Baixo Risco,0,1,1
8828,2025,31182079,Ubá,425,0.0,🟢 Baixo Risco,0,1,1
8829,2025,31182320,Visconde do Rio Branco,584,0.0,🟢 Baixo Risco,0,1,1
8830,2025,31217913,Montalvânia,114,0.0,🟢 Baixo Risco,0,1,1
8831,2025,31217891,Belo Horizonte,770,0.0,🟢 Baixo Risco,0,1,1
8832,2025,31217883,Belo Horizonte,1080,0.0,🟢 Baixo Risco,0,1,1
8833,2025,31217875,Belo Horizonte,725,0.0,🟢 Baixo Risco,0,1,1
8834,2025,31217867,Belo Horizonte,702,0.0,🟢 Baixo Risco,0,1,1
8835,2025,31217859,Belo Horizonte,729,0.0,🟢 Baixo Risco,0,1,1
8836,2025,31217841,Belo Horizonte,1018,0.0,🟢 Baixo Risco,0,1,1
8837,2025,31217832,Belo Horizonte,677,0.0,🟢 Baixo Risco,0,1,1
8838,2025,31082899,Berizal,63,0.0,🟢 Baixo Risco,0,1,1
8839,2025,31082872,Taiobeiras,749,0.0,🟢 Baixo Risco,0,1,1
8840,2025,31082678,Lontra,711,0.0,🟢 Baixo Risco,0,1,1
8841,2025,31082660,São João da Ponte,147,0.0,🟢 Baixo Risco,0,1,1
8842,2025,31082635,São João da Ponte,692,0.0,🟢 Baixo Risco,0,1,1
8843,2025,31082597,Santa Fé de Minas,273,0.0,🟢 Baixo Risco,0,1,1
8844,2025,31082589,Novorizonte,358,0.0,🟢 Baixo Risco,0,1,1
8845,2025,31182311,Visconde do Rio Branco,22,0.0,🟢 Baixo Risco,0,1,1
8846,2025,31182249,Visconde do Rio Branco,336,0.0,🟢 Baixo Risco,0,1,1
8847,2025,31182222,Visconde do Rio Branco,1068,0.0,🟢 Baixo Risco,0,1,1
8848,2025,31182214,Visconde do Rio Branco,542,0.0,🟢 Baixo Risco,0,1,1
8849,2025,31108448,Buritis,143,0.0,🟢 Baixo Risco,0,1,1
8850,2025,31108430,Buritis,476,0.0,🟢 Baixo Risco,0,1,1
8851,2025,31108421,Buritis,84,0.0,🟢 Baixo Risco,0,1,1
8852,2025,31304409,Ibiaí,63,0.0,🟢 Baixo Risco,0,1,1
8853,2025,31047473,Conselheiro Pena,147,0.0,🟢 Baixo Risco,0,1,1
8854,2025,31047155,Conselheiro Pena,732,0.0,🟢 Baixo Risco,0,1,1
8855,2025,31303399,Poço Fundo,135,0.0,🟢 Baixo Risco,0,1,1
8856,2025,31305405,Carbonita,41,0.0,🟢 Baixo Risco,0,1,1
8857,2025,31305383,Paraisópolis,547,0.0,🟢 Baixo Risco,0,1,1
8858,2025,31305375,Dom Viçoso,323,0.0,🟢 Baixo Risco,0,1,1
8859,2025,31305367,Patos de Minas,75,0.0,🟢 Baixo Risco,0,1,1
8860,2025,31305359,Patos de Minas,25,0.0,🟢 Baixo Risco,0,1,1
8861,2025,31305341,Carmo do Paranaíba,421,0.0,🟢 Baixo Risco,0,1,1
8862,2025,31305324,Itamarati de Minas,111,0.0,🟢 Baixo Risco,0,1,1
8863,2025,31305316,Argirita,66,0.0,🟢 Baixo Risco,0,1,1
8864,2025,31305278,Antônio Prado de Minas,233,0.0,🟢 Baixo Risco,0,1,1
8865,2025,31305260,Serranos,52,0.0,🟢 Baixo Risco,0,1,1
8866,2025,31305227,Santo Antônio do Amparo,286,0.0,🟢 Baixo Risco,0,1,1
8867,2025,31305219,Campo Belo,536,0.0,🟢 Baixo Risco,0,1,1
8868,2025,31305006,Fama,221,0.0,🟢 Baixo Risco,0,1,1
8869,2025,31305499,Belo Horizonte,552,0.0,🟢 Baixo Risco,0,1,1
8870,2025,31305481,Belo Horizonte,840,0.0,🟢 Baixo Risco,0,1,1
8871,2025,31045861,Virgolândia,50,0.0,🟢 Baixo Risco,0,1,1
8872,2025,31045845,Virgolândia,322,0.0,🟢 Baixo Risco,0,1,1
8873,2025,31045802,Virginópolis,285,0.0,🟢 Baixo Risco,0,1,1
8874,2025,31045799,Virginópolis,375,0.0,🟢 Baixo Risco,0,1,1
8875,2025,31045764,Mathias Lobato,167,0.0,🟢 Baixo Risco,0,1,1
8876,2025,31045756,Tumiritinga,92,0.0,🟢 Baixo Risco,0,1,1
8877,2025,31045730,Tumiritinga,370,0.0,🟢 Baixo Risco,0,1,1
8878,2025,31045705,Sobrália,366,0.0,🟢 Baixo Risco,0,1,1
8879,2025,31045632,Sardoá,452,0.0,🟢 Baixo Risco,0,1,1
8880,2025,31181854,Tocantins,697,0.0,🟢 Baixo Risco,0,1,1
8881,2025,31181820,Ubá,130,0.0,🟢 Baixo Risco,0,1,1
8882,2025,31108367,Bonfinópolis de Minas,343,0.0,🟢 Baixo Risco,0,1,1
8883,2025,31108359,Bonfinópolis de Minas,214,0.0,🟢 Baixo Risco,0,1,1
8884,2025,31108243,Bonfinópolis de Minas,343,0.0,🟢 Baixo Risco,0,1,1
8885,2025,31108227,Arinos,78,0.0,🟢 Baixo Risco,0,1,1
8886,2025,31108219,Arinos,568,0.0,🟢 Baixo Risco,0,1,1
8887,2025,31108201,Arinos,65,0.0,🟢 Baixo Risco,0,1,1
8888,2025,31182206,Visconde do Rio Branco,392,0.0,🟢 Baixo Risco,0,1,1
8889,2025,31182184,Visconde do Rio Branco,124,0.0,🟢 Baixo Risco,0,1,1
8890,2025,31182176,Visconde do Rio Branco,82,0.0,🟢 Baixo Risco,0,1,1
8891,2025,31182109,Ubá,81,0.0,🟢 Baixo Risco,0,1,1
8892,2025,31182095,Ubá,51,0.0,🟢 Baixo Risco,0,1,1
8893,2025,31305464,Uberlândia,466,0.0,🟢 Baixo Risco,0,1,1
8894,2025,31305430,Itaú de Minas,527,0.0,🟢 Baixo Risco,0,1,1
8895,2025,31045365,São José da Safira,309,0.0,🟢 Baixo Risco,0,1,1
8896,2025,31045357,São José da Safira,37,0.0,🟢 Baixo Risco,0,1,1
8897,2025,31045349,São João Evangelista,123,0.0,🟢 Baixo Risco,0,1,1
8898,2025,31306495,Ituiutaba,232,0.0,🟢 Baixo Risco,0,1,1
8899,2025,31306118,Guaxupé,104,0.0,🟢 Baixo Risco,0,1,1
8900,2025,31305936,Montes Claros,456,0.0,🟢 Baixo Risco,0,1,1
8901,2025,31305651,Quartel Geral,104,0.0,🟢 Baixo Risco,0,1,1
8902,2025,31305642,Itaúna,75,0.0,🟢 Baixo Risco,0,1,1
8903,2025,31305626,Biquinhas,57,0.0,🟢 Baixo Risco,0,1,1
8904,2025,31305600,Lagoa Dourada,370,0.0,🟢 Baixo Risco,0,1,1
8905,2025,31306967,Machado,595,0.0,🟢 Baixo Risco,0,1,1
8906,2025,31045608,São Sebastião do Maranhão,175,0.0,🟢 Baixo Risco,0,1,1
8907,2025,31045594,São Sebastião do Maranhão,504,0.0,🟢 Baixo Risco,0,1,1
8908,2025,31045527,São Pedro do Suaçuí,356,0.0,🟢 Baixo Risco,0,1,1
8909,2025,31045519,São Pedro do Suaçuí,139,0.0,🟢 Baixo Risco,0,1,1
8910,2025,31045420,São José do Jacuri,79,0.0,🟢 Baixo Risco,0,1,1
8911,2025,31181307,Piraúba,99,0.0,🟢 Baixo Risco,0,1,1
8912,2025,31181277,Paula Cândido,586,0.0,🟢 Baixo Risco,0,1,1
8913,2025,31182052,Ubá,1541,0.0,🟢 Baixo Risco,0,1,1
8914,2025,31182036,Ubá,495,0.0,🟢 Baixo Risco,0,1,1
8915,2025,31182028,Ubá,755,0.0,🟢 Baixo Risco,0,1,1
8916,2025,31182001,Ubá,642,0.0,🟢 Baixo Risco,0,1,1
8917,2025,31181994,Ubá,852,0.0,🟢 Baixo Risco,0,1,1
8918,2025,31181978,Ubá,242,0.0,🟢 Baixo Risco,0,1,1
8919,2025,31181951,Ubá,1174,0.0,🟢 Baixo Risco,0,1,1
8920,2025,31181943,Ubá,364,0.0,🟢 Baixo Risco,0,1,1
8921,2025,31181935,Ubá,541,0.0,🟢 Baixo Risco,0,1,1
8922,2025,31181919,Ubá,138,0.0,🟢 Baixo Risco,0,1,1
8923,2025,31181862,Ubá,435,0.0,🟢 Baixo Risco,0,1,1
8924,2025,31045390,São José do Jacuri,441,0.0,🟢 Baixo Risco,0,1,1
8925,2025,31045161,José Raydan,125,0.0,🟢 Baixo Risco,0,1,1
8926,2025,31045152,José Raydan,303,0.0,🟢 Baixo Risco,0,1,1
8927,2025,31045144,Santa Maria do Suaçuí,290,0.0,🟢 Baixo Risco,0,1,1
8928,2025,31045136,Santa Maria do Suaçuí,170,0.0,🟢 Baixo Risco,0,1,1
8929,2025,31307637,Pirapora,395,0.0,🟢 Baixo Risco,0,1,1
8930,2025,31307416,Tapiraí,41,0.0,🟢 Baixo Risco,0,1,1
8931,2025,31240800,Itaú de Minas,369,0.0,🟢 Baixo Risco,0,1,1
8932,2025,31083151,Bocaiúva,27,0.0,🟢 Baixo Risco,0,1,1
8933,2025,31082996,Várzea da Palma,371,0.0,🟢 Baixo Risco,0,1,1
8934,2025,31082988,Várzea da Palma,203,0.0,🟢 Baixo Risco,0,1,1
8935,2025,31082970,Várzea da Palma,852,0.0,🟢 Baixo Risco,0,1,1
8936,2025,31082953,Várzea da Palma,831,0.0,🟢 Baixo Risco,0,1,1
8937,2025,31082945,Várzea da Palma,171,0.0,🟢 Baixo Risco,0,1,1
8938,2025,31082937,Várzea da Palma,601,0.0,🟢 Baixo Risco,0,1,1
8939,2025,31082902,Berizal,442,0.0,🟢 Baixo Risco,0,1,1
8940,2025,31217115,Contagem,532,0.0,🟢 Baixo Risco,0,1,1
8941,2025,31217107,Congonhas,274,0.0,🟢 Baixo Risco,0,1,1
8942,2025,31307408,Pará de Minas,533,0.0,🟢 Baixo Risco,0,1,1
8943,2025,31307343,Cedro do Abaeté,56,0.0,🟢 Baixo Risco,0,1,1
8944,2025,31307335,Carmo do Cajuru,185,0.0,🟢 Baixo Risco,0,1,1
8945,2025,31307319,Guaxupé,129,0.0,🟢 Baixo Risco,0,1,1
8946,2025,31307726,Contagem,988,0.0,🟢 Baixo Risco,0,1,1
8947,2025,31307718,Belo Horizonte,813,0.0,🟢 Baixo Risco,0,1,1
8948,2025,31307700,Belo Horizonte,1185,0.0,🟢 Baixo Risco,0,1,1
8949,2025,31307696,Belo Horizonte,1260,0.0,🟢 Baixo Risco,0,1,1
8950,2025,31045331,São João Evangelista,173,0.0,🟢 Baixo Risco,0,1,1
8951,2025,31045292,São João Evangelista,433,0.0,🟢 Baixo Risco,0,1,1
8952,2025,31045284,São João Evangelista,620,0.0,🟢 Baixo Risco,0,1,1
8953,2025,31045276,São João Evangelista,312,0.0,🟢 Baixo Risco,0,1,1
8954,2025,31045241,São João Evangelista,111,0.0,🟢 Baixo Risco,0,1,1
8955,2025,31045225,São Geraldo da Piedade,330,0.0,🟢 Baixo Risco,0,1,1
8956,2025,31045195,Santa Rita do Itueto,192,0.0,🟢 Baixo Risco,0,1,1
8957,2025,31045179,Santa Maria do Suaçuí,74,0.0,🟢 Baixo Risco,0,1,1
8958,2025,31310221,Ribeirão das Neves,239,0.0,🟢 Baixo Risco,0,1,1
8959,2025,31310212,Ribeirão das Neves,644,0.0,🟢 Baixo Risco,0,1,1
8960,2025,31310166,Tapira,146,0.0,🟢 Baixo Risco,0,1,1
8961,2025,31308412,Vazante,390,0.0,🟢 Baixo Risco,0,1,1
8962,2025,31308145,Papagaios,166,0.0,🟢 Baixo Risco,0,1,1
8963,2025,31307980,Douradoquara,223,0.0,🟢 Baixo Risco,0,1,1
8964,2025,31307891,Contagem,824,0.0,🟢 Baixo Risco,0,1,1
8965,2025,31307882,Contagem,534,0.0,🟢 Baixo Risco,0,1,1
8966,2025,31310662,Prudente de Morais,192,0.0,🟢 Baixo Risco,0,1,1
8967,2025,31310654,Paraopeba,161,0.0,🟢 Baixo Risco,0,1,1
8968,2025,31310646,Matozinhos,430,0.0,🟢 Baixo Risco,0,1,1
8969,2025,31310611,Capim Branco,452,0.0,🟢 Baixo Risco,0,1,1
8970,2025,31310603,Patrocínio,618,0.0,🟢 Baixo Risco,0,1,1
8971,2025,31310590,Porto Firme,105,0.0,🟢 Baixo Risco,0,1,1
8972,2025,31310581,Ipanema,312,0.0,🟢 Baixo Risco,0,1,1
8973,2025,31310565,Japonvar,206,0.0,🟢 Baixo Risco,0,1,1
8974,2025,31310514,Luz,293,0.0,🟢 Baixo Risco,0,1,1
8975,2025,31310506,Lagoa da Prata,326,0.0,🟢 Baixo Risco,0,1,1
8976,2025,31310441,Padre Paraíso,250,0.0,🟢 Baixo Risco,0,1,1
8977,2025,31180891,Ervália,856,0.0,🟢 Baixo Risco,0,1,1
8978,2025,31181757,Tocantins,343,0.0,🟢 Baixo Risco,0,1,1
8979,2025,31181692,Tabuleiro,269,0.0,🟢 Baixo Risco,0,1,1
8980,2025,31181641,Silveirânia,319,0.0,🟢 Baixo Risco,0,1,1
8981,2025,31181609,Senador Firmino,673,0.0,🟢 Baixo Risco,0,1,1
8982,2025,31181579,São Geraldo,144,0.0,🟢 Baixo Risco,0,1,1
8983,2025,31181544,São Geraldo,164,0.0,🟢 Baixo Risco,0,1,1
8984,2025,31181536,São Geraldo,702,0.0,🟢 Baixo Risco,0,1,1
8985,2025,31181528,Rodeiro,777,0.0,🟢 Baixo Risco,0,1,1
8986,2025,31181498,Rio Pomba,855,0.0,🟢 Baixo Risco,0,1,1
8987,2025,31181412,Presidente Bernardes,305,0.0,🟢 Baixo Risco,0,1,1
8988,2025,31181382,Piraúba,746,0.0,🟢 Baixo Risco,0,1,1
8989,2025,31181366,Piraúba,131,0.0,🟢 Baixo Risco,0,1,1
8990,2025,31310344,Contagem,603,0.0,🟢 Baixo Risco,0,1,1
8991,2025,31310271,Itaobim,275,0.0,🟢 Baixo Risco,0,1,1
8992,2025,31044997,Sabinópolis,341,0.0,🟢 Baixo Risco,0,1,1
8993,2025,31044989,Sabinópolis,453,0.0,🟢 Baixo Risco,0,1,1
8994,2025,31044920,Resplendor,87,0.0,🟢 Baixo Risco,0,1,1
8995,2025,31044890,Resplendor,637,0.0,🟢 Baixo Risco,0,1,1
8996,2025,31311014,Santos Dumont,155,0.0,🟢 Baixo Risco,0,1,1
8997,2025,31310921,Nova Serrana,955,0.0,🟢 Baixo Risco,0,1,1
8998,2025,31310883,Conquista,516,0.0,🟢 Baixo Risco,0,1,1
8999,2025,31310778,Itajubá,162,0.0,🟢 Baixo Risco,0,1,1
9000,2025,31310689,Sete Lagoas,279,0.0,🟢 Baixo Risco,0,1,1
9001,2025,31311430,Betim,981,0.0,🟢 Baixo Risco,0,1,1
9002,2025,31311189,Araçaí,102,0.0,🟢 Baixo Risco,0,1,1
9003,2025,31045110,Santa Maria do Suaçuí,607,0.0,🟢 Baixo Risco,0,1,1
9004,2025,31045101,Santa Maria do Suaçuí,330,0.0,🟢 Baixo Risco,0,1,1
9005,2025,31045098,Santa Efigênia de Minas,366,0.0,🟢 Baixo Risco,0,1,1
9006,2025,31045055,Sabinópolis,218,0.0,🟢 Baixo Risco,0,1,1
9007,2025,31045004,Sabinópolis,335,0.0,🟢 Baixo Risco,0,1,1
9008,2025,31044628,São Félix de Minas,333,0.0,🟢 Baixo Risco,0,1,1
9009,2025,31044610,Mendes Pimentel,134,0.0,🟢 Baixo Risco,0,1,1
9010,2025,31044598,Mendes Pimentel,378,0.0,🟢 Baixo Risco,0,1,1
9011,2025,31311952,Pedra Azul,90,0.0,🟢 Baixo Risco,0,1,1
9012,2025,31311898,Bom Despacho,464,0.0,🟢 Baixo Risco,0,1,1
9013,2025,31311880,Caxambu,273,0.0,🟢 Baixo Risco,0,1,1
9014,2025,31311871,São Gonçalo do Pará,117,0.0,🟢 Baixo Risco,0,1,1
9015,2025,31311863,Água Comprida,185,0.0,🟢 Baixo Risco,0,1,1
9016,2025,31311855,Pirajuba,562,0.0,🟢 Baixo Risco,0,1,1
9017,2025,31179850,Turvolândia,355,0.0,🟢 Baixo Risco,0,1,1
9018,2025,31181251,Paula Cândido,169,0.0,🟢 Baixo Risco,0,1,1
9019,2025,31181242,Paula Cândido,321,0.0,🟢 Baixo Risco,0,1,1
9020,2025,31181234,Guiricema,36,0.0,🟢 Baixo Risco,0,1,1
9021,2025,31181188,Guiricema,530,0.0,🟢 Baixo Risco,0,1,1
9022,2025,31181161,Guiricema,242,0.0,🟢 Baixo Risco,0,1,1
9023,2025,31181137,Guidoval,357,0.0,🟢 Baixo Risco,0,1,1
9024,2025,31181102,Guidoval,200,0.0,🟢 Baixo Risco,0,1,1
9025,2025,31181081,Guarani,208,0.0,🟢 Baixo Risco,0,1,1
9026,2025,31181048,Guarani,205,0.0,🟢 Baixo Risco,0,1,1
9027,2025,31181030,Guarani,439,0.0,🟢 Baixo Risco,0,1,1
9028,2025,31180980,Ervália,60,0.0,🟢 Baixo Risco,0,1,1
9029,2025,31180912,Ervália,529,0.0,🟢 Baixo Risco,0,1,1
9030,2025,31180904,Ervália,189,0.0,🟢 Baixo Risco,0,1,1
9031,2025,31311651,Conceição do Rio Verde,339,0.0,🟢 Baixo Risco,0,1,1
9032,2025,31312126,Joaíma,139,0.0,🟢 Baixo Risco,0,1,1
9033,2025,31312070,Morro da Garça,95,0.0,🟢 Baixo Risco,0,1,1
9034,2025,31312061,Nova Resende,500,0.0,🟢 Baixo Risco,0,1,1
9035,2025,31312045,Canápolis,432,0.0,🟢 Baixo Risco,0,1,1
9036,2025,31044776,Cantagalo,441,0.0,🟢 Baixo Risco,0,1,1
9037,2025,31044750,Peçanha,231,0.0,🟢 Baixo Risco,0,1,1
9038,2025,31044725,Peçanha,282,0.0,🟢 Baixo Risco,0,1,1
9039,2025,31044695,Peçanha,330,0.0,🟢 Baixo Risco,0,1,1
9040,2025,31044661,Peçanha,445,0.0,🟢 Baixo Risco,0,1,1
9041,2025,31044652,Paulistas,286,0.0,🟢 Baixo Risco,0,1,1
9042,2025,31044644,Nacip Raydan,132,0.0,🟢 Baixo Risco,0,1,1
9043,2025,31044636,Nacip Raydan,207,0.0,🟢 Baixo Risco,0,1,1
9044,2025,31312720,Santa Rita do Sapucaí,146,0.0,🟢 Baixo Risco,0,1,1
9045,2025,31312703,Verdelândia,66,0.0,🟢 Baixo Risco,0,1,1
9046,2025,31312681,Leme do Prado,230,0.0,🟢 Baixo Risco,0,1,1
9047,2025,31312622,Belo Horizonte,790,0.0,🟢 Baixo Risco,0,1,1
9048,2025,31312614,Belo Horizonte,962,0.0,🟢 Baixo Risco,0,1,1
9049,2025,31312576,São João do Paraíso,373,0.0,🟢 Baixo Risco,0,1,1
9050,2025,31312495,Santa Margarida,503,0.0,🟢 Baixo Risco,0,1,1
9051,2025,31312410,Betim,836,0.0,🟢 Baixo Risco,0,1,1
9052,2025,31239381,Ribeirão das Neves,1428,0.0,🟢 Baixo Risco,0,1,1
9053,2025,31240711,Betim,641,0.0,🟢 Baixo Risco,0,1,1
9054,2025,31240702,Betim,578,0.0,🟢 Baixo Risco,0,1,1
9055,2025,31240656,São José da Lapa,122,0.0,🟢 Baixo Risco,0,1,1
9056,2025,31240648,Paraisópolis,290,0.0,🟢 Baixo Risco,0,1,1
9057,2025,31240435,Brumadinho,270,0.0,🟢 Baixo Risco,0,1,1
9058,2025,31082864,Taiobeiras,660,0.0,🟢 Baixo Risco,0,1,1
9059,2025,31082856,Taiobeiras,1127,0.0,🟢 Baixo Risco,0,1,1
9060,2025,31082830,Taiobeiras,347,0.0,🟢 Baixo Risco,0,1,1
9061,2025,31241083,Uberaba,439,0.0,🟢 Baixo Risco,0,1,1
9062,2025,31241041,Araxá,685,0.0,🟢 Baixo Risco,0,1,1
9063,2025,31241032,Araxá,573,0.0,🟢 Baixo Risco,0,1,1
9064,2025,31241024,União de Minas,211,0.0,🟢 Baixo Risco,0,1,1
9065,2025,31241016,Betim,403,0.0,🟢 Baixo Risco,0,1,1
9066,2025,31240818,Setubinha,284,0.0,🟢 Baixo Risco,0,1,1
9067,2025,31044253,Mantena,296,0.0,🟢 Baixo Risco,0,1,1
9068,2025,31044245,Mantena,282,0.0,🟢 Baixo Risco,0,1,1
9069,2025,31044202,Mantena,475,0.0,🟢 Baixo Risco,0,1,1
9070,2025,31044199,Mantena,541,0.0,🟢 Baixo Risco,0,1,1
9071,2025,31044181,Mantena,1096,0.0,🟢 Baixo Risco,0,1,1
9072,2025,31313751,Uberaba,1152,0.0,🟢 Baixo Risco,0,1,1
9073,2025,31313700,Formiga,244,0.0,🟢 Baixo Risco,0,1,1
9074,2025,31313149,Estrela do Sul,93,0.0,🟢 Baixo Risco,0,1,1
9075,2025,31312908,Divinésia,282,0.0,🟢 Baixo Risco,0,1,1
9076,2025,31312762,Conselheiro Lafaiete,404,0.0,🟢 Baixo Risco,0,1,1
9077,2025,31177768,Lambari,117,0.0,🟢 Baixo Risco,0,1,1
9078,2025,31180858,Dores do Turvo,405,0.0,🟢 Baixo Risco,0,1,1
9079,2025,31180815,Dona Euzébia,385,0.0,🟢 Baixo Risco,0,1,1
9080,2025,31180807,Divinésia,431,0.0,🟢 Baixo Risco,0,1,1
9081,2025,31180793,Brás Pires,330,0.0,🟢 Baixo Risco,0,1,1
9082,2025,31180785,Brás Pires,35,0.0,🟢 Baixo Risco,0,1,1
9083,2025,31180769,Astolfo Dutra,199,0.0,🟢 Baixo Risco,0,1,1
9084,2025,31180751,Astolfo Dutra,118,0.0,🟢 Baixo Risco,0,1,1
9085,2025,31180742,Astolfo Dutra,583,0.0,🟢 Baixo Risco,0,1,1
9086,2025,31312746,Congonhas,179,0.0,🟢 Baixo Risco,0,1,1
9087,2025,31043737,Itabirinha,763,0.0,🟢 Baixo Risco,0,1,1
9088,2025,31314129,Muriaé,309,0.0,🟢 Baixo Risco,0,1,1
9089,2025,31044580,Materlândia,413,0.0,🟢 Baixo Risco,0,1,1
9090,2025,31044563,Marilac,378,0.0,🟢 Baixo Risco,0,1,1
9091,2025,31044555,São João do Manteninha,274,0.0,🟢 Baixo Risco,0,1,1
9092,2025,31044466,Nova Belém,293,0.0,🟢 Baixo Risco,0,1,1
9093,2025,31044377,Mantena,162,0.0,🟢 Baixo Risco,0,1,1
9094,2025,31044369,Mantena,142,0.0,🟢 Baixo Risco,0,1,1
9095,2025,31044334,São João do Manteninha,174,0.0,🟢 Baixo Risco,0,1,1
9096,2025,31044270,Mantena,64,0.0,🟢 Baixo Risco,0,1,1
9097,2025,31314510,Santana de Pirapama,522,0.0,🟢 Baixo Risco,0,1,1
9098,2025,31314374,Mutum,469,0.0,🟢 Baixo Risco,0,1,1
9099,2025,31044172,Mantena,108,0.0,🟢 Baixo Risco,0,1,1
9100,2025,31044164,Mantena,362,0.0,🟢 Baixo Risco,0,1,1
9101,2025,31044008,Resplendor,125,0.0,🟢 Baixo Risco,0,1,1
9102,2025,31043907,Itueta,397,0.0,🟢 Baixo Risco,0,1,1
9103,2025,31043893,Itanhomi,44,0.0,🟢 Baixo Risco,0,1,1
9104,2025,31043885,Capitão Andrade,382,0.0,🟢 Baixo Risco,0,1,1
9105,2025,31043851,Itanhomi,112,0.0,🟢 Baixo Risco,0,1,1
9106,2025,31043842,Itanhomi,703,0.0,🟢 Baixo Risco,0,1,1
9107,2025,31043834,Itanhomi,163,0.0,🟢 Baixo Risco,0,1,1
9108,2025,31108499,Guarda-Mor,252,0.0,🟢 Baixo Risco,0,1,1
9109,2025,31108481,Guarda-Mor,618,0.0,🟢 Baixo Risco,0,1,1
9110,2025,31179485,Três Corações,127,0.0,🟢 Baixo Risco,0,1,1
9111,2025,31179451,Três Corações,320,0.0,🟢 Baixo Risco,0,1,1
9112,2025,31179434,Três Corações,149,0.0,🟢 Baixo Risco,0,1,1
9113,2025,31179027,São Gonçalo do Sapucaí,42,0.0,🟢 Baixo Risco,0,1,1
9114,2025,31043818,Itabirinha,131,0.0,🟢 Baixo Risco,0,1,1
9115,2025,31043486,Governador Valadares,241,0.0,🟢 Baixo Risco,0,1,1
9116,2025,31315770,Patis,279,0.0,🟢 Baixo Risco,0,1,1
9117,2025,31315729,Montes Claros,429,0.0,🟢 Baixo Risco,0,1,1
9118,2025,31314820,Catuti,148,0.0,🟢 Baixo Risco,0,1,1
9119,2025,31316041,Conceição das Alagoas,756,0.0,🟢 Baixo Risco,0,1,1
9120,2025,31043699,Guanhães,113,0.0,🟢 Baixo Risco,0,1,1
9121,2025,31043681,Guanhães,242,0.0,🟢 Baixo Risco,0,1,1
9122,2025,31043656,Guanhães,69,0.0,🟢 Baixo Risco,0,1,1
9123,2025,31043648,Guanhães,661,0.0,🟢 Baixo Risco,0,1,1
9124,2025,31043630,Guanhães,596,0.0,🟢 Baixo Risco,0,1,1
9125,2025,31043613,Guanhães,1699,0.0,🟢 Baixo Risco,0,1,1
9126,2025,31043591,Guanhães,525,0.0,🟢 Baixo Risco,0,1,1
9127,2025,31043559,Governador Valadares,149,0.0,🟢 Baixo Risco,0,1,1
9128,2025,31043541,Governador Valadares,238,0.0,🟢 Baixo Risco,0,1,1
9129,2025,31108731,Brasilândia de Minas,483,0.0,🟢 Baixo Risco,0,1,1
9130,2025,31108669,Brasilândia de Minas,801,0.0,🟢 Baixo Risco,0,1,1
9131,2025,31108596,João Pinheiro,142,0.0,🟢 Baixo Risco,0,1,1
9132,2025,31108588,João Pinheiro,501,0.0,🟢 Baixo Risco,0,1,1
9133,2025,31108570,João Pinheiro,341,0.0,🟢 Baixo Risco,0,1,1
9134,2025,31108561,João Pinheiro,238,0.0,🟢 Baixo Risco,0,1,1
9135,2025,31108545,João Pinheiro,542,0.0,🟢 Baixo Risco,0,1,1
9136,2025,31108537,João Pinheiro,1127,0.0,🟢 Baixo Risco,0,1,1
9137,2025,31108529,João Pinheiro,680,0.0,🟢 Baixo Risco,0,1,1
9138,2025,31108511,João Pinheiro,556,0.0,🟢 Baixo Risco,0,1,1
9139,2025,31043516,Governador Valadares,139,0.0,🟢 Baixo Risco,0,1,1
9140,2025,31043508,Governador Valadares,168,0.0,🟢 Baixo Risco,0,1,1
9141,2025,31316563,São José da Safira,47,0.0,🟢 Baixo Risco,0,1,1
9142,2025,31316326,Três Corações,91,0.0,🟢 Baixo Risco,0,1,1
9143,2025,31316288,São Francisco de Paula,338,0.0,🟢 Baixo Risco,0,1,1
9144,2025,31316261,Chalé,27,0.0,🟢 Baixo Risco,0,1,1
9145,2025,31108847,Paracatu,966,0.0,🟢 Baixo Risco,0,1,1
9146,2025,31108839,Paracatu,421,0.0,🟢 Baixo Risco,0,1,1
9147,2025,31239411,São Francisco,283,0.0,🟢 Baixo Risco,0,1,1
9148,2025,31239402,Brasilândia de Minas,397,0.0,🟢 Baixo Risco,0,1,1
9149,2025,31217794,Belo Horizonte,718,0.0,🟢 Baixo Risco,0,1,1
9150,2025,31217786,Belo Horizonte,981,0.0,🟢 Baixo Risco,0,1,1
9151,2025,31218383,Entre Rios de Minas,196,0.0,🟢 Baixo Risco,0,1,1
9152,2025,31218367,Turmalina,280,0.0,🟢 Baixo Risco,0,1,1
9153,2025,31218324,Santo Antônio do Jacinto,244,0.0,🟢 Baixo Risco,0,1,1
9154,2025,31218294,Espinosa,149,0.0,🟢 Baixo Risco,0,1,1
9155,2025,31218286,Espinosa,330,0.0,🟢 Baixo Risco,0,1,1
9156,2025,31218260,Janaúba,220,0.0,🟢 Baixo Risco,0,1,1
9157,2025,31218251,Janaúba,330,0.0,🟢 Baixo Risco,0,1,1
9158,2025,31218189,Salinas,720,0.0,🟢 Baixo Risco,0,1,1
9159,2025,31218154,Passos,329,0.0,🟢 Baixo Risco,0,1,1
9160,2025,31218146,Virginópolis,162,0.0,🟢 Baixo Risco,0,1,1
9161,2025,31218138,Ouro Fino,122,0.0,🟢 Baixo Risco,0,1,1
9162,2025,31239399,Unaí,207,0.0,🟢 Baixo Risco,0,1,1
9163,2025,31177083,Guapé,248,0.0,🟢 Baixo Risco,0,1,1
9164,2025,31176940,Elói Mendes,92,0.0,🟢 Baixo Risco,0,1,1
9165,2025,31176605,Caxambu,266,0.0,🟢 Baixo Risco,0,1,1
9166,2025,31176192,Campos Gerais,368,0.0,🟢 Baixo Risco,0,1,1
9167,2025,31316253,Chalé,45,0.0,🟢 Baixo Risco,0,1,1
9168,2025,31043346,Governador Valadares,737,0.0,🟢 Baixo Risco,0,1,1
9169,2025,31043311,Governador Valadares,870,0.0,🟢 Baixo Risco,0,1,1
9170,2025,31043303,Governador Valadares,241,0.0,🟢 Baixo Risco,0,1,1
9171,2025,31043281,Governador Valadares,205,0.0,🟢 Baixo Risco,0,1,1
9172,2025,31043273,Governador Valadares,702,0.0,🟢 Baixo Risco,0,1,1
9173,2025,31317144,Betim,345,0.0,🟢 Baixo Risco,0,1,1
9174,2025,31316962,Abaeté,306,0.0,🟢 Baixo Risco,0,1,1
9175,2025,31316814,Francisco Sá,245,0.0,🟢 Baixo Risco,0,1,1
9176,2025,31317462,Capitólio,606,0.0,🟢 Baixo Risco,0,1,1
9177,2025,31317420,Teixeiras,257,0.0,🟢 Baixo Risco,0,1,1
9178,2025,31317357,Belo Horizonte,1224,0.0,🟢 Baixo Risco,0,1,1
9179,2025,31317349,Ribeirão das Neves,261,0.0,🟢 Baixo Risco,0,1,1
9180,2025,31317314,Brumadinho,704,0.0,🟢 Baixo Risco,0,1,1
9181,2025,31317195,Ribeirão das Neves,547,0.0,🟢 Baixo Risco,0,1,1
9182,2025,31043451,Governador Valadares,337,0.0,🟢 Baixo Risco,0,1,1
9183,2025,31043443,Governador Valadares,38,0.0,🟢 Baixo Risco,0,1,1
9184,2025,31043435,Governador Valadares,407,0.0,🟢 Baixo Risco,0,1,1
9185,2025,31043427,Governador Valadares,363,0.0,🟢 Baixo Risco,0,1,1
9186,2025,31043419,Governador Valadares,264,0.0,🟢 Baixo Risco,0,1,1
9187,2025,31043397,Governador Valadares,562,0.0,🟢 Baixo Risco,0,1,1
9188,2025,31043371,Governador Valadares,1044,0.0,🟢 Baixo Risco,0,1,1
9189,2025,31174912,Varginha,400,0.0,🟢 Baixo Risco,0,1,1
9190,2025,31174904,Varginha,139,0.0,🟢 Baixo Risco,0,1,1
9191,2025,31175153,Virgínia,177,0.0,🟢 Baixo Risco,0,1,1
9192,2025,31175137,Virgínia,534,0.0,🟢 Baixo Risco,0,1,1
9193,2025,31175111,Varginha,24,0.0,🟢 Baixo Risco,0,1,1
9194,2025,31175102,Varginha,622,0.0,🟢 Baixo Risco,0,1,1
9195,2025,31175099,Varginha,750,0.0,🟢 Baixo Risco,0,1,1
9196,2025,31175081,Varginha,201,0.0,🟢 Baixo Risco,0,1,1
9197,2025,31108928,Paracatu,365,0.0,🟢 Baixo Risco,0,1,1
9198,2025,31108901,Paracatu,111,0.0,🟢 Baixo Risco,0,1,1
9199,2025,31108880,Paracatu,381,0.0,🟢 Baixo Risco,0,1,1
9200,2025,31108855,Paracatu,2766,0.0,🟢 Baixo Risco,0,1,1
9201,2025,31043117,Governador Valadares,386,0.0,🟢 Baixo Risco,0,1,1
9202,2025,31043109,Governador Valadares,596,0.0,🟢 Baixo Risco,0,1,1
9203,2025,31043095,Governador Valadares,814,0.0,🟢 Baixo Risco,0,1,1
9204,2025,31043079,Governador Valadares,245,0.0,🟢 Baixo Risco,0,1,1
9205,2025,31317535,Ferros,4,0.0,🟢 Baixo Risco,0,1,1
9206,2025,31317501,Ferros,44,0.0,🟢 Baixo Risco,0,1,1
9207,2025,31318418,Sabará,186,0.0,🟢 Baixo Risco,0,1,1
9208,2025,31318400,Três Marias,263,0.0,🟢 Baixo Risco,0,1,1
9209,2025,31043265,Governador Valadares,816,0.0,🟢 Baixo Risco,0,1,1
9210,2025,31043257,Governador Valadares,916,0.0,🟢 Baixo Risco,0,1,1
9211,2025,31043222,Governador Valadares,731,0.0,🟢 Baixo Risco,0,1,1
9212,2025,31043214,Governador Valadares,1588,0.0,🟢 Baixo Risco,0,1,1
9213,2025,31043206,Governador Valadares,1017,0.0,🟢 Baixo Risco,0,1,1
9214,2025,31043184,Governador Valadares,1068,0.0,🟢 Baixo Risco,0,1,1
9215,2025,31043176,Governador Valadares,311,0.0,🟢 Baixo Risco,0,1,1
9216,2025,31043168,Governador Valadares,409,0.0,🟢 Baixo Risco,0,1,1
9217,2025,31043150,Governador Valadares,465,0.0,🟢 Baixo Risco,0,1,1
9218,2025,31043141,Governador Valadares,931,0.0,🟢 Baixo Risco,0,1,1
9219,2025,31043133,Governador Valadares,247,0.0,🟢 Baixo Risco,0,1,1
9220,2025,31043125,Governador Valadares,412,0.0,🟢 Baixo Risco,0,1,1
9221,2025,31319171,Prata,465,0.0,🟢 Baixo Risco,0,1,1
9222,2025,31319163,Prata,441,0.0,🟢 Baixo Risco,0,1,1
9223,2025,31319147,Campina Verde,288,0.0,🟢 Baixo Risco,0,1,1
9224,2025,31319112,Pratinha,310,0.0,🟢 Baixo Risco,0,1,1
9225,2025,31319104,Frutal,726,0.0,🟢 Baixo Risco,0,1,1
9226,2025,31319082,Itaipé,606,0.0,🟢 Baixo Risco,0,1,1
9227,2025,31319074,São João do Paraíso,174,0.0,🟢 Baixo Risco,0,1,1
9228,2025,31319066,Durandé,323,0.0,🟢 Baixo Risco,0,1,1
9229,2025,31174467,Três Corações,605,0.0,🟢 Baixo Risco,0,1,1
9230,2025,31174441,Três Corações,810,0.0,🟢 Baixo Risco,0,1,1
9231,2025,31108821,Paracatu,491,0.0,🟢 Baixo Risco,0,1,1
9232,2025,31108812,Paracatu,563,0.0,🟢 Baixo Risco,0,1,1
9233,2025,31108804,Paracatu,269,0.0,🟢 Baixo Risco,0,1,1
9234,2025,31108766,João Pinheiro,699,0.0,🟢 Baixo Risco,0,1,1
9235,2025,31175072,Varginha,807,0.0,🟢 Baixo Risco,0,1,1
9236,2025,31175064,Varginha,814,0.0,🟢 Baixo Risco,0,1,1
9237,2025,31175048,Varginha,405,0.0,🟢 Baixo Risco,0,1,1
9238,2025,31175030,Varginha,676,0.0,🟢 Baixo Risco,0,1,1
9239,2025,31175013,Varginha,379,0.0,🟢 Baixo Risco,0,1,1
9240,2025,31174921,Varginha,385,0.0,🟢 Baixo Risco,0,1,1
9241,2025,31318531,São Gotardo,631,0.0,🟢 Baixo Risco,0,1,1
9242,2025,31043044,Governador Valadares,664,0.0,🟢 Baixo Risco,0,1,1
9243,2025,31043036,Governador Valadares,238,0.0,🟢 Baixo Risco,0,1,1
9244,2025,31043028,Governador Valadares,1133,0.0,🟢 Baixo Risco,0,1,1
9245,2025,31043001,Governador Valadares,417,0.0,🟢 Baixo Risco,0,1,1
9246,2025,31042994,Gonzaga,132,0.0,🟢 Baixo Risco,0,1,1
9247,2025,31042986,Gonzaga,376,0.0,🟢 Baixo Risco,0,1,1
9248,2025,31042960,São Geraldo do Baixio,357,0.0,🟢 Baixo Risco,0,1,1
9249,2025,31042951,Galiléia,334,0.0,🟢 Baixo Risco,0,1,1
9250,2025,31042935,Galiléia,486,0.0,🟢 Baixo Risco,0,1,1
9251,2025,31042919,Frei Inocêncio,196,0.0,🟢 Baixo Risco,0,1,1
9252,2025,31042901,Frei Inocêncio,547,0.0,🟢 Baixo Risco,0,1,1
9253,2025,31042480,Divinolândia de Minas,753,0.0,🟢 Baixo Risco,0,1,1
9254,2025,31319716,Uberlândia,975,0.0,🟢 Baixo Risco,0,1,1
9255,2025,31319651,Uberlândia,914,0.0,🟢 Baixo Risco,0,1,1
9256,2025,31319589,Vespasiano,626,0.0,🟢 Baixo Risco,0,1,1
9257,2025,31319481,Conselheiro Lafaiete,427,0.0,🟢 Baixo Risco,0,1,1
9258,2025,31043061,Governador Valadares,496,0.0,🟢 Baixo Risco,0,1,1
9259,2025,31320030,Alfenas,668,0.0,🟢 Baixo Risco,0,1,1
9260,2025,31320021,Nova Serrana,880,0.0,🟢 Baixo Risco,0,1,1
9261,2025,31319988,Iturama,217,0.0,🟢 Baixo Risco,0,1,1
9262,2025,31042820,Fernandes Tourinho,216,0.0,🟢 Baixo Risco,0,1,1
9263,2025,31042790,Engenheiro Caldas,153,0.0,🟢 Baixo Risco,0,1,1
9264,2025,31042765,Engenheiro Caldas,695,0.0,🟢 Baixo Risco,0,1,1
9265,2025,31042749,Engenheiro Caldas,135,0.0,🟢 Baixo Risco,0,1,1
9266,2025,31042668,Dores de Guanhães,94,0.0,🟢 Baixo Risco,0,1,1
9267,2025,31042641,Dores de Guanhães,324,0.0,🟢 Baixo Risco,0,1,1
9268,2025,31042633,Dores de Guanhães,121,0.0,🟢 Baixo Risco,0,1,1
9269,2025,31042609,Dom Joaquim,108,0.0,🟢 Baixo Risco,0,1,1
9270,2025,31042536,Dom Joaquim,234,0.0,🟢 Baixo Risco,0,1,1
9271,2025,31174122,São Lourenço,267,0.0,🟢 Baixo Risco,0,1,1
9272,2025,31174106,São Gonçalo do Sapucaí,65,0.0,🟢 Baixo Risco,0,1,1
9273,2025,31174882,Varginha,420,0.0,🟢 Baixo Risco,0,1,1
9274,2025,31174858,Turvolândia,437,0.0,🟢 Baixo Risco,0,1,1
9275,2025,31174831,Três Pontas,740,0.0,🟢 Baixo Risco,0,1,1
9276,2025,31174785,Três Pontas,479,0.0,🟢 Baixo Risco,0,1,1
9277,2025,31174769,Três Pontas,365,0.0,🟢 Baixo Risco,0,1,1
9278,2025,31218588,Uberaba,113,0.0,🟢 Baixo Risco,0,1,1
9279,2025,31218570,Claro dos Poções,284,0.0,🟢 Baixo Risco,0,1,1
9280,2025,31218502,Araxá,507,0.0,🟢 Baixo Risco,0,1,1
9281,2025,31218430,Novo Cruzeiro,47,0.0,🟢 Baixo Risco,0,1,1
9282,2025,31218421,Minas Novas,59,0.0,🟢 Baixo Risco,0,1,1
9283,2025,31239267,Coração de Jesus,70,0.0,🟢 Baixo Risco,0,1,1
9284,2025,31239259,Coração de Jesus,54,0.0,🟢 Baixo Risco,0,1,1
9285,2025,31240371,Uberlândia,1250,0.0,🟢 Baixo Risco,0,1,1
9286,2025,31240222,São Francisco,559,0.0,🟢 Baixo Risco,0,1,1
9287,2025,31240168,Montes Claros,820,0.0,🟢 Baixo Risco,0,1,1
9288,2025,31239704,Coração de Jesus,167,0.0,🟢 Baixo Risco,0,1,1
9289,2025,31239631,Uberlândia,1026,0.0,🟢 Baixo Risco,0,1,1
9290,2025,31239623,Uberlândia,1661,0.0,🟢 Baixo Risco,0,1,1
9291,2025,31174718,Três Pontas,635,0.0,🟢 Baixo Risco,0,1,1
9292,2025,31174700,Três Pontas,950,0.0,🟢 Baixo Risco,0,1,1
9293,2025,31174688,Três Pontas,808,0.0,🟢 Baixo Risco,0,1,1
9294,2025,31174556,Três Pontas,476,0.0,🟢 Baixo Risco,0,1,1
9295,2025,31174530,Três Pontas,314,0.0,🟢 Baixo Risco,0,1,1
9296,2025,31174505,Três Corações,206,0.0,🟢 Baixo Risco,0,1,1
9297,2025,31174483,Três Corações,424,0.0,🟢 Baixo Risco,0,1,1
9298,2025,31174475,Três Corações,612,0.0,🟢 Baixo Risco,0,1,1
9299,2025,31042528,Dom Joaquim,389,0.0,🟢 Baixo Risco,0,1,1
9300,2025,31042421,Divino das Laranjeiras,83,0.0,🟢 Baixo Risco,0,1,1
9301,2025,31042412,Divino das Laranjeiras,269,0.0,🟢 Baixo Risco,0,1,1
9302,2025,31042374,Coroaci,170,0.0,🟢 Baixo Risco,0,1,1
9303,2025,31042358,Coroaci,436,0.0,🟢 Baixo Risco,0,1,1
9304,2025,31042331,Coroaci,42,0.0,🟢 Baixo Risco,0,1,1
9305,2025,31042293,Conselheiro Pena,11,0.0,🟢 Baixo Risco,0,1,1
9306,2025,31042277,Goiabeira,287,0.0,🟢 Baixo Risco,0,1,1
9307,2025,31042251,Conselheiro Pena,127,0.0,🟢 Baixo Risco,0,1,1
9308,2025,31042242,Cuparaque,243,0.0,🟢 Baixo Risco,0,1,1
9309,2025,31042200,Conselheiro Pena,198,0.0,🟢 Baixo Risco,0,1,1
9310,2025,31321150,Coluna,295,0.0,🟢 Baixo Risco,0,1,1
9311,2025,31321061,Betim,851,0.0,🟢 Baixo Risco,0,1,1
9312,2025,31321036,Congonhas,132,0.0,🟢 Baixo Risco,0,1,1
9313,2025,31320994,Congonhas,292,0.0,🟢 Baixo Risco,0,1,1
9314,2025,31320617,Miravânia,24,0.0,🟢 Baixo Risco,0,1,1
9315,2025,31173878,Poço Fundo,320,0.0,🟢 Baixo Risco,0,1,1
9316,2025,31174432,Três Corações,197,0.0,🟢 Baixo Risco,0,1,1
9317,2025,31174394,Três Corações,608,0.0,🟢 Baixo Risco,0,1,1
9318,2025,31174386,Três Corações,927,0.0,🟢 Baixo Risco,0,1,1
9319,2025,31174319,Soledade de Minas,376,0.0,🟢 Baixo Risco,0,1,1
9320,2025,31174289,Seritinga,56,0.0,🟢 Baixo Risco,0,1,1
9321,2025,31174246,São Tomé das Letras,424,0.0,🟢 Baixo Risco,0,1,1
9322,2025,31174220,São Tomé das Letras,170,0.0,🟢 Baixo Risco,0,1,1
9323,2025,31174203,São Lourenço,312,0.0,🟢 Baixo Risco,0,1,1
9324,2025,31174190,São Lourenço,445,0.0,🟢 Baixo Risco,0,1,1
9325,2025,31174181,São Lourenço,355,0.0,🟢 Baixo Risco,0,1,1
9326,2025,31174165,São Lourenço,383,0.0,🟢 Baixo Risco,0,1,1
9327,2025,31174149,São Lourenço,930,0.0,🟢 Baixo Risco,0,1,1
9328,2025,31042463,Divino das Laranjeiras,85,0.0,🟢 Baixo Risco,0,1,1
9329,2025,31042129,Conselheiro Pena,608,0.0,🟢 Baixo Risco,0,1,1
9330,2025,31042081,Conselheiro Pena,390,0.0,🟢 Baixo Risco,0,1,1
9331,2025,31042072,Coluna,569,0.0,🟢 Baixo Risco,0,1,1
9332,2025,31042056,Coluna,23,0.0,🟢 Baixo Risco,0,1,1
9333,2025,31042030,Central de Minas,115,0.0,🟢 Baixo Risco,0,1,1
9334,2025,31042021,Central de Minas,382,0.0,🟢 Baixo Risco,0,1,1
9335,2025,31041971,Alpercata,117,0.0,🟢 Baixo Risco,0,1,1
9336,2025,31041963,Alpercata,426,0.0,🟢 Baixo Risco,0,1,1
9337,2025,31041921,Alpercata,219,0.0,🟢 Baixo Risco,0,1,1
9338,2025,31041912,Aimorés,106,0.0,🟢 Baixo Risco,0,1,1
9339,2025,31322555,Belo Horizonte,408,0.0,🟢 Baixo Risco,0,1,1
9340,2025,31322547,Pequeri,106,0.0,🟢 Baixo Risco,0,1,1
9341,2025,31322539,Maripá de Minas,95,0.0,🟢 Baixo Risco,0,1,1
9342,2025,31322512,Coronel Pacheco,90,0.0,🟢 Baixo Risco,0,1,1
9343,2025,31322504,Itinga,211,0.0,🟢 Baixo Risco,0,1,1
9344,2025,31322377,Contagem,461,0.0,🟢 Baixo Risco,0,1,1
9345,2025,31322296,Bom Sucesso,193,0.0,🟢 Baixo Risco,0,1,1
9346,2025,31042188,Cuparaque,158,0.0,🟢 Baixo Risco,0,1,1
9347,2025,31042145,Conselheiro Pena,554,0.0,🟢 Baixo Risco,0,1,1
9348,2025,31041700,Água Boa,603,0.0,🟢 Baixo Risco,0,1,1
9349,2025,31322865,Martinho Campos,21,0.0,🟢 Baixo Risco,0,1,1
9350,2025,31322857,Dores de Guanhães,167,0.0,🟢 Baixo Risco,0,1,1
9351,2025,31322814,Cachoeira Dourada,84,0.0,🟢 Baixo Risco,0,1,1
9352,2025,31322806,Alvinópolis,228,0.0,🟢 Baixo Risco,0,1,1
9353,2025,31322661,Curvelo,77,0.0,🟢 Baixo Risco,0,1,1
9354,2025,31322652,Pedra Dourada,128,0.0,🟢 Baixo Risco,0,1,1
9355,2025,31322644,Delta,422,0.0,🟢 Baixo Risco,0,1,1
9356,2025,31322636,Belo Horizonte,1261,0.0,🟢 Baixo Risco,0,1,1
9357,2025,31322628,Ribeirão das Neves,1116,0.0,🟢 Baixo Risco,0,1,1
9358,2025,31322610,Caldas,51,0.0,🟢 Baixo Risco,0,1,1
9359,2025,31322601,Uruana de Minas,107,0.0,🟢 Baixo Risco,0,1,1
9360,2025,31322598,Cabeceira Grande,149,0.0,🟢 Baixo Risco,0,1,1
9361,2025,31322563,Belo Horizonte,83,0.0,🟢 Baixo Risco,0,1,1
9362,2025,31323047,Silvianópolis,303,0.0,🟢 Baixo Risco,0,1,1
9363,2025,31322989,Ibirité,931,0.0,🟢 Baixo Risco,0,1,1
9364,2025,31041866,Aimorés,74,0.0,🟢 Baixo Risco,0,1,1
9365,2025,31041858,Aimorés,136,0.0,🟢 Baixo Risco,0,1,1
9366,2025,31041840,Aimorés,177,0.0,🟢 Baixo Risco,0,1,1
9367,2025,31041793,Aimorés,359,0.0,🟢 Baixo Risco,0,1,1
9368,2025,31041785,Aimorés,295,0.0,🟢 Baixo Risco,0,1,1
9369,2025,31041777,Aimorés,186,0.0,🟢 Baixo Risco,0,1,1
9370,2025,31041769,Aimorés,849,0.0,🟢 Baixo Risco,0,1,1
9371,2025,31041751,Água Boa,96,0.0,🟢 Baixo Risco,0,1,1
9372,2025,31041734,Água Boa,236,0.0,🟢 Baixo Risco,0,1,1
9373,2025,31174084,São Gonçalo do Sapucaí,251,0.0,🟢 Baixo Risco,0,1,1
9374,2025,31174050,São Gonçalo do Sapucaí,309,0.0,🟢 Baixo Risco,0,1,1
9375,2025,31174041,São Gonçalo do Sapucaí,370,0.0,🟢 Baixo Risco,0,1,1
9376,2025,31174033,São Gonçalo do Sapucaí,725,0.0,🟢 Baixo Risco,0,1,1
9377,2025,31174025,São Gonçalo do Sapucaí,748,0.0,🟢 Baixo Risco,0,1,1
9378,2025,31174017,São Bento Abade,454,0.0,🟢 Baixo Risco,0,1,1
9379,2025,31174009,Santana da Vargem,231,0.0,🟢 Baixo Risco,0,1,1
9380,2025,31173983,Santana da Vargem,130,0.0,🟢 Baixo Risco,0,1,1
9381,2025,31173975,Santana da Vargem,335,0.0,🟢 Baixo Risco,0,1,1
9382,2025,31173924,Pouso Alto,121,0.0,🟢 Baixo Risco,0,1,1
9383,2025,31173916,Pouso Alto,493,0.0,🟢 Baixo Risco,0,1,1
9384,2025,31173908,Pouso Alto,273,0.0,🟢 Baixo Risco,0,1,1
9385,2025,31041726,Água Boa,652,0.0,🟢 Baixo Risco,0,1,1
9386,2025,31041556,Açucena,495,0.0,🟢 Baixo Risco,0,1,1
9387,2025,31041271,Dores do Indaiá,21,0.0,🟢 Baixo Risco,0,1,1
9388,2025,31323781,Betim,849,0.0,🟢 Baixo Risco,0,1,1
9389,2025,31323721,Sabará,422,0.0,🟢 Baixo Risco,0,1,1
9390,2025,31323713,Sabará,219,0.0,🟢 Baixo Risco,0,1,1
9391,2025,31323705,Sabará,540,0.0,🟢 Baixo Risco,0,1,1
9392,2025,31323357,Coqueiral,183,0.0,🟢 Baixo Risco,0,1,1
9393,2025,31323179,Camanducaia,1043,0.0,🟢 Baixo Risco,0,1,1
9394,2025,31324051,São João del Rei,199,0.0,🟢 Baixo Risco,0,1,1
9395,2025,31041696,Periquito,103,0.0,🟢 Baixo Risco,0,1,1
9396,2025,31041688,Periquito,305,0.0,🟢 Baixo Risco,0,1,1
9397,2025,31041670,Periquito,153,0.0,🟢 Baixo Risco,0,1,1
9398,2025,31041661,Periquito,176,0.0,🟢 Baixo Risco,0,1,1
9399,2025,31041653,Açucena,117,0.0,🟢 Baixo Risco,0,1,1
9400,2025,31041645,Naque,757,0.0,🟢 Baixo Risco,0,1,1
9401,2025,31041637,Açucena,36,0.0,🟢 Baixo Risco,0,1,1
9402,2025,31173045,Machado,572,0.0,🟢 Baixo Risco,0,1,1
9403,2025,31173029,Lambari,627,0.0,🟢 Baixo Risco,0,1,1
9404,2025,31173860,Poço Fundo,578,0.0,🟢 Baixo Risco,0,1,1
9405,2025,31239372,Antônio Carlos,346,0.0,🟢 Baixo Risco,0,1,1
9406,2025,31239364,Turmalina,206,0.0,🟢 Baixo Risco,0,1,1
9407,2025,31239313,São Francisco,210,0.0,🟢 Baixo Risco,0,1,1
9408,2025,31239291,Coração de Jesus,54,0.0,🟢 Baixo Risco,0,1,1
9409,2025,31239283,Coração de Jesus,104,0.0,🟢 Baixo Risco,0,1,1
9410,2025,31218111,Almenara,376,0.0,🟢 Baixo Risco,0,1,1
9411,2025,31218758,Ribeirão das Neves,741,0.0,🟢 Baixo Risco,0,1,1
9412,2025,31218740,Vespasiano,207,0.0,🟢 Baixo Risco,0,1,1
9413,2025,31218723,Barão de Cocais,335,0.0,🟢 Baixo Risco,0,1,1
9414,2025,31218715,Ribeirão das Neves,843,0.0,🟢 Baixo Risco,0,1,1
9415,2025,31218693,São Sebastião do Paraíso,206,0.0,🟢 Baixo Risco,0,1,1
9416,2025,31218685,Felixlândia,172,0.0,🟢 Baixo Risco,0,1,1
9417,2025,31218618,Belo Horizonte,751,0.0,🟢 Baixo Risco,0,1,1
9418,2025,31173789,Passa Quatro,137,0.0,🟢 Baixo Risco,0,1,1
9419,2025,31173762,Passa Quatro,739,0.0,🟢 Baixo Risco,0,1,1
9420,2025,31173673,Passa Quatro,180,0.0,🟢 Baixo Risco,0,1,1
9421,2025,31173665,Passa Quatro,347,0.0,🟢 Baixo Risco,0,1,1
9422,2025,31173631,Paraguaçu,262,0.0,🟢 Baixo Risco,0,1,1
9423,2025,31173622,Paraguaçu,547,0.0,🟢 Baixo Risco,0,1,1
9424,2025,31173533,Paraguaçu,494,0.0,🟢 Baixo Risco,0,1,1
9425,2025,31173487,Olímpio Noronha,110,0.0,🟢 Baixo Risco,0,1,1
9426,2025,31324531,Unaí,267,0.0,🟢 Baixo Risco,0,1,1
9427,2025,31040533,São Gonçalo do Pará,34,0.0,🟢 Baixo Risco,0,1,1
9428,2025,31040525,São Gonçalo do Pará,67,0.0,🟢 Baixo Risco,0,1,1
9429,2025,31040509,São Gonçalo do Pará,19,0.0,🟢 Baixo Risco,0,1,1
9430,2025,31040118,Pitangui,492,0.0,🟢 Baixo Risco,0,1,1
9431,2025,31039934,Piracema,53,0.0,🟢 Baixo Risco,0,1,1
9432,2025,31039918,Piracema,15,0.0,🟢 Baixo Risco,0,1,1
9433,2025,31324183,Vespasiano,731,0.0,🟢 Baixo Risco,0,1,1
9434,2025,31038482,Lagoa da Prata,550,0.0,🟢 Baixo Risco,0,1,1
9435,2025,31325473,Uberlândia,674,0.0,🟢 Baixo Risco,0,1,1
9436,2025,31325350,Curvelo,564,0.0,🟢 Baixo Risco,0,1,1
9437,2025,31325112,Araújos,186,0.0,🟢 Baixo Risco,0,1,1
9438,2025,31172740,Heliodora,314,0.0,🟢 Baixo Risco,0,1,1
9439,2025,31173380,Nepomuceno,459,0.0,🟢 Baixo Risco,0,1,1
9440,2025,31173371,Nepomuceno,623,0.0,🟢 Baixo Risco,0,1,1
9441,2025,31173291,Nepomuceno,76,0.0,🟢 Baixo Risco,0,1,1
9442,2025,31173282,Nepomuceno,431,0.0,🟢 Baixo Risco,0,1,1
9443,2025,31173266,Monsenhor Paulo,417,0.0,🟢 Baixo Risco,0,1,1
9444,2025,31173223,Machado,184,0.0,🟢 Baixo Risco,0,1,1
9445,2025,31173215,Machado,319,0.0,🟢 Baixo Risco,0,1,1
9446,2025,31173185,Machado,60,0.0,🟢 Baixo Risco,0,1,1
9447,2025,31173169,Machado,252,0.0,🟢 Baixo Risco,0,1,1
9448,2025,31173100,Machado,425,0.0,🟢 Baixo Risco,0,1,1
9449,2025,31173088,Machado,421,0.0,🟢 Baixo Risco,0,1,1
9450,2025,31173061,Machado,792,0.0,🟢 Baixo Risco,0,1,1
9451,2025,31173053,Machado,219,0.0,🟢 Baixo Risco,0,1,1
9452,2025,31326011,Espinosa,173,0.0,🟢 Baixo Risco,0,1,1
9453,2025,31039098,Nova Serrana,701,0.0,🟢 Baixo Risco,0,1,1
9454,2025,31039071,Nova Serrana,979,0.0,🟢 Baixo Risco,0,1,1
9455,2025,31039063,Nova Serrana,566,0.0,🟢 Baixo Risco,0,1,1
9456,2025,31038890,Morada Nova de Minas,19,0.0,🟢 Baixo Risco,0,1,1
9457,2025,31173011,Lambari,452,0.0,🟢 Baixo Risco,0,1,1
9458,2025,31172987,Lambari,645,0.0,🟢 Baixo Risco,0,1,1
9459,2025,31172961,Jesuânia,388,0.0,🟢 Baixo Risco,0,1,1
9460,2025,31172936,Itanhandu,978,0.0,🟢 Baixo Risco,0,1,1
9461,2025,31172928,Itanhandu,271,0.0,🟢 Baixo Risco,0,1,1
9462,2025,31172910,Itanhandu,311,0.0,🟢 Baixo Risco,0,1,1
9463,2025,31172901,Itanhandu,170,0.0,🟢 Baixo Risco,0,1,1
9464,2025,31172898,Itanhandu,90,0.0,🟢 Baixo Risco,0,1,1
9465,2025,31172847,Itamonte,1017,0.0,🟢 Baixo Risco,0,1,1
9466,2025,31172839,Ilicínea,536,0.0,🟢 Baixo Risco,0,1,1
9467,2025,31172804,Ilicínea,816,0.0,🟢 Baixo Risco,0,1,1
9468,2025,31172766,Heliodora,512,0.0,🟢 Baixo Risco,0,1,1
9469,2025,31038326,Japaraíba,181,0.0,🟢 Baixo Risco,0,1,1
9470,2025,31038296,Itaúna,51,0.0,🟢 Baixo Risco,0,1,1
9471,2025,31038156,Itatiaiuçu,336,0.0,🟢 Baixo Risco,0,1,1
9472,2025,31038148,Itatiaiuçu,191,0.0,🟢 Baixo Risco,0,1,1
9473,2025,31038105,Itatiaiuçu,166,0.0,🟢 Baixo Risco,0,1,1
9474,2025,31038083,Itatiaiuçu,43,0.0,🟢 Baixo Risco,0,1,1
9475,2025,31038067,Itatiaiuçu,234,0.0,🟢 Baixo Risco,0,1,1
9476,2025,31326780,Contagem,274,0.0,🟢 Baixo Risco,0,1,1
9477,2025,31326704,Perdizes,491,0.0,🟢 Baixo Risco,0,1,1
9478,2025,31326682,Montes Claros,31,0.0,🟢 Baixo Risco,0,1,1
9479,2025,31326445,Timóteo,451,0.0,🟢 Baixo Risco,0,1,1
9480,2025,31171786,Carmo da Cachoeira,515,0.0,🟢 Baixo Risco,0,1,1
9481,2025,31171701,Campos Gerais,332,0.0,🟢 Baixo Risco,0,1,1
9482,2025,31172685,Guapé,121,0.0,🟢 Baixo Risco,0,1,1
9483,2025,31172618,Elói Mendes,456,0.0,🟢 Baixo Risco,0,1,1
9484,2025,31172600,Elói Mendes,696,0.0,🟢 Baixo Risco,0,1,1
9485,2025,31172596,Elói Mendes,419,0.0,🟢 Baixo Risco,0,1,1
9486,2025,31172545,Elói Mendes,73,0.0,🟢 Baixo Risco,0,1,1
9487,2025,31172499,Elói Mendes,683,0.0,🟢 Baixo Risco,0,1,1
9488,2025,31172464,Cruzília,473,0.0,🟢 Baixo Risco,0,1,1
9489,2025,31172456,Cruzília,412,0.0,🟢 Baixo Risco,0,1,1
9490,2025,31172448,Cruzília,276,0.0,🟢 Baixo Risco,0,1,1
9491,2025,31172430,Cruzília,524,0.0,🟢 Baixo Risco,0,1,1
9492,2025,31172375,Cordislândia,261,0.0,🟢 Baixo Risco,0,1,1
9493,2025,31326135,Nova Serrana,1523,0.0,🟢 Baixo Risco,0,1,1
9494,2025,31326119,Novo Cruzeiro,66,0.0,🟢 Baixo Risco,0,1,1
9495,2025,31327212,Oliveira,77,0.0,🟢 Baixo Risco,0,1,1
9496,2025,31327174,Oliveira,209,0.0,🟢 Baixo Risco,0,1,1
9497,2025,31327042,Gonzaga,241,0.0,🟢 Baixo Risco,0,1,1
9498,2025,31219185,Belo Horizonte,812,0.0,🟢 Baixo Risco,0,1,1
9499,2025,31219070,Sete Lagoas,304,0.0,🟢 Baixo Risco,0,1,1
9500,2025,31219053,Ribeirão das Neves,454,0.0,🟢 Baixo Risco,0,1,1
9501,2025,31219045,Ribeirão das Neves,331,0.0,🟢 Baixo Risco,0,1,1
9502,2025,31219037,Conselheiro Lafaiete,234,0.0,🟢 Baixo Risco,0,1,1
9503,2025,31219011,Coromandel,733,0.0,🟢 Baixo Risco,0,1,1
9504,2025,31219002,Coromandel,111,0.0,🟢 Baixo Risco,0,1,1
9505,2025,31218995,Ribeirão das Neves,951,0.0,🟢 Baixo Risco,0,1,1
9506,2025,31218979,Vespasiano,1233,0.0,🟢 Baixo Risco,0,1,1
9507,2025,31239241,Coração de Jesus,163,0.0,🟢 Baixo Risco,0,1,1
9508,2025,31239232,Coração de Jesus,160,0.0,🟢 Baixo Risco,0,1,1
9509,2025,31239208,Jaíba,625,0.0,🟢 Baixo Risco,0,1,1
9510,2025,31239194,Catuti,134,0.0,🟢 Baixo Risco,0,1,1
9511,2025,31239143,Campos Gerais,395,0.0,🟢 Baixo Risco,0,1,1
9512,2025,31239054,Japonvar,176,0.0,🟢 Baixo Risco,0,1,1
9513,2025,31037036,Cláudio,178,0.0,🟢 Baixo Risco,0,1,1
9514,2025,31326861,Governador Valadares,27,0.0,🟢 Baixo Risco,0,1,1
9515,2025,31326852,Governador Valadares,61,0.0,🟢 Baixo Risco,0,1,1
9516,2025,31327671,Tocantins,305,0.0,🟢 Baixo Risco,0,1,1
9517,2025,31327492,Ribeirão das Neves,112,0.0,🟢 Baixo Risco,0,1,1
9518,2025,31036684,Bom Despacho,87,0.0,🟢 Baixo Risco,0,1,1
9519,2025,31036161,Bambuí,56,0.0,🟢 Baixo Risco,0,1,1
9520,2025,31035971,Araújos,276,0.0,🟢 Baixo Risco,0,1,1
9521,2025,31035874,Abaeté,360,0.0,🟢 Baixo Risco,0,1,1
9522,2025,31035742,Abaeté,170,0.0,🟢 Baixo Risco,0,1,1
9523,2025,31327476,Sabará,472,0.0,🟢 Baixo Risco,0,1,1
9524,2025,31327468,Sabará,480,0.0,🟢 Baixo Risco,0,1,1
9525,2025,31327450,Sabará,359,0.0,🟢 Baixo Risco,0,1,1
9526,2025,31035637,São Gonçalo do Pará,857,0.0,🟢 Baixo Risco,0,1,1
9527,2025,31035611,Santo Antônio do Monte,274,0.0,🟢 Baixo Risco,0,1,1
9528,2025,31035602,Santo Antônio do Monte,340,0.0,🟢 Baixo Risco,0,1,1
9529,2025,31035599,Santo Antônio do Monte,26,0.0,🟢 Baixo Risco,0,1,1
9530,2025,31035572,Santo Antônio do Monte,512,0.0,🟢 Baixo Risco,0,1,1
9531,2025,31035556,Santo Antônio do Monte,821,0.0,🟢 Baixo Risco,0,1,1
9532,2025,31035505,Pitangui,773,0.0,🟢 Baixo Risco,0,1,1
9533,2025,31109029,Unaí,1309,0.0,🟢 Baixo Risco,0,1,1
9534,2025,31172316,Coqueiral,723,0.0,🟢 Baixo Risco,0,1,1
9535,2025,31172146,Conceição do Rio Verde,517,0.0,🟢 Baixo Risco,0,1,1
9536,2025,31172120,Conceição do Rio Verde,577,0.0,🟢 Baixo Risco,0,1,1
9537,2025,31172111,Conceição do Rio Verde,316,0.0,🟢 Baixo Risco,0,1,1
9538,2025,31172081,Caxambu,675,0.0,🟢 Baixo Risco,0,1,1
9539,2025,31172073,Caxambu,402,0.0,🟢 Baixo Risco,0,1,1
9540,2025,31172065,Caxambu,125,0.0,🟢 Baixo Risco,0,1,1
9541,2025,31171999,Carvalhópolis,99,0.0,🟢 Baixo Risco,0,1,1
9542,2025,31171964,Carmo de Minas,767,0.0,🟢 Baixo Risco,0,1,1
9543,2025,31171956,Carmo de Minas,390,0.0,🟢 Baixo Risco,0,1,1
9544,2025,31171824,Carmo da Cachoeira,485,0.0,🟢 Baixo Risco,0,1,1
9545,2025,31035271,Pedra do Indaiá,48,0.0,🟢 Baixo Risco,0,1,1
9546,2025,31035262,Pedra do Indaiá,111,0.0,🟢 Baixo Risco,0,1,1
9547,2025,31328472,Uberlândia,173,0.0,🟢 Baixo Risco,0,1,1
9548,2025,31328316,Três Corações,80,0.0,🟢 Baixo Risco,0,1,1
9549,2025,31327956,Uberlândia,169,0.0,🟢 Baixo Risco,0,1,1
9550,2025,31035661,São Sebastião do Oeste,357,0.0,🟢 Baixo Risco,0,1,1
9551,2025,31035653,São José da Varginha,357,0.0,🟢 Baixo Risco,0,1,1
9552,2025,31035645,São Gonçalo do Pará,60,0.0,🟢 Baixo Risco,0,1,1
9553,2025,31328570,Uberlândia,290,0.0,🟢 Baixo Risco,0,1,1
9554,2025,31328537,Uberlândia,172,0.0,🟢 Baixo Risco,0,1,1
9555,2025,31035459,Pitangui,338,0.0,🟢 Baixo Risco,0,1,1
9556,2025,31035441,Pitangui,346,0.0,🟢 Baixo Risco,0,1,1
9557,2025,31035424,Pitangui,166,0.0,🟢 Baixo Risco,0,1,1
9558,2025,31035408,Pitangui,537,0.0,🟢 Baixo Risco,0,1,1
9559,2025,31035386,Piracema,480,0.0,🟢 Baixo Risco,0,1,1
9560,2025,31035351,Perdigão,1268,0.0,🟢 Baixo Risco,0,1,1
9561,2025,31035343,Perdigão,668,0.0,🟢 Baixo Risco,0,1,1
9562,2025,31171212,Boa Esperança,771,0.0,🟢 Baixo Risco,0,1,1
9563,2025,31171191,Boa Esperança,222,0.0,🟢 Baixo Risco,0,1,1
9564,2025,31171654,Campos Gerais,634,0.0,🟢 Baixo Risco,0,1,1
9565,2025,31171646,Campos Gerais,615,0.0,🟢 Baixo Risco,0,1,1
9566,2025,31171565,Campo do Meio,314,0.0,🟢 Baixo Risco,0,1,1
9567,2025,31171549,Campo do Meio,354,0.0,🟢 Baixo Risco,0,1,1
9568,2025,31171492,Campanha,347,0.0,🟢 Baixo Risco,0,1,1
9569,2025,31109126,Unaí,249,0.0,🟢 Baixo Risco,0,1,1
9570,2025,31109100,Cabeceira Grande,217,0.0,🟢 Baixo Risco,0,1,1
9571,2025,31109070,Unaí,463,0.0,🟢 Baixo Risco,0,1,1
9572,2025,31109053,Unaí,561,0.0,🟢 Baixo Risco,0,1,1
9573,2025,31109045,Unaí,493,0.0,🟢 Baixo Risco,0,1,1
9574,2025,31035327,Pequi,315,0.0,🟢 Baixo Risco,0,1,1
9575,2025,31035068,Pará de Minas,487,0.0,🟢 Baixo Risco,0,1,1
9576,2025,31035050,Pará de Minas,159,0.0,🟢 Baixo Risco,0,1,1
9577,2025,31035009,Pará de Minas,76,0.0,🟢 Baixo Risco,0,1,1
9578,2025,31034967,Pará de Minas,1027,0.0,🟢 Baixo Risco,0,1,1
9579,2025,31034924,Pará de Minas,499,0.0,🟢 Baixo Risco,0,1,1
9580,2025,31034908,Pará de Minas,483,0.0,🟢 Baixo Risco,0,1,1
9581,2025,31034894,Pará de Minas,535,0.0,🟢 Baixo Risco,0,1,1
9582,2025,31034886,Pará de Minas,514,0.0,🟢 Baixo Risco,0,1,1
9583,2025,31328634,Uberlândia,668,0.0,🟢 Baixo Risco,0,1,1
9584,2025,31330574,Padre Paraíso,110,0.0,🟢 Baixo Risco,0,1,1
9585,2025,31330566,Olaria,54,0.0,🟢 Baixo Risco,0,1,1
9586,2025,31330558,Guarará,220,0.0,🟢 Baixo Risco,0,1,1
9587,2025,31330540,Santana do Paraíso,1043,0.0,🟢 Baixo Risco,0,1,1
9588,2025,31330361,Nova Serrana,665,0.0,🟢 Baixo Risco,0,1,1
9589,2025,31329843,Ubaporanga,25,0.0,🟢 Baixo Risco,0,1,1
9590,2025,31329436,Sabará,569,0.0,🟢 Baixo Risco,0,1,1
9591,2025,31035190,Passa Tempo,495,0.0,🟢 Baixo Risco,0,1,1
9592,2025,31035173,Pará de Minas,403,0.0,🟢 Baixo Risco,0,1,1
9593,2025,31035131,Pará de Minas,1708,0.0,🟢 Baixo Risco,0,1,1
9594,2025,31330825,Aimorés,237,0.0,🟢 Baixo Risco,0,1,1
9595,2025,31330761,Santana do Riacho,104,0.0,🟢 Baixo Risco,0,1,1
9596,2025,31330752,Campanha,32,0.0,🟢 Baixo Risco,0,1,1
9597,2025,31330744,São Sebastião do Rio Verde,71,0.0,🟢 Baixo Risco,0,1,1
9598,2025,31330680,Sabinópolis,135,0.0,🟢 Baixo Risco,0,1,1
9599,2025,31330671,Comendador Gomes,136,0.0,🟢 Baixo Risco,0,1,1
9600,2025,31330655,Berilo,202,0.0,🟢 Baixo Risco,0,1,1
9601,2025,31330647,Esmeraldas,1231,0.0,🟢 Baixo Risco,0,1,1
9602,2025,31330621,Jenipapo de Minas,73,0.0,🟢 Baixo Risco,0,1,1
9603,2025,31330612,Jenipapo de Minas,603,0.0,🟢 Baixo Risco,0,1,1
9604,2025,31170895,Alfenas,750,0.0,🟢 Baixo Risco,0,1,1
9605,2025,31170887,Alfenas,585,0.0,🟢 Baixo Risco,0,1,1
9606,2025,31109011,Unaí,679,0.0,🟢 Baixo Risco,0,1,1
9607,2025,31109002,Unaí,1079,0.0,🟢 Baixo Risco,0,1,1
9608,2025,31108995,Unaí,705,0.0,🟢 Baixo Risco,0,1,1
9609,2025,31108987,Unaí,716,0.0,🟢 Baixo Risco,0,1,1
9610,2025,31108979,Paracatu,204,0.0,🟢 Baixo Risco,0,1,1
9611,2025,31108952,Paracatu,190,0.0,🟢 Baixo Risco,0,1,1
9612,2025,31098272,Leopoldina,742,0.0,🟢 Baixo Risco,0,1,1
9613,2025,31098256,Leopoldina,747,0.0,🟢 Baixo Risco,0,1,1
9614,2025,31098230,Leopoldina,658,0.0,🟢 Baixo Risco,0,1,1
9615,2025,31098221,Leopoldina,112,0.0,🟢 Baixo Risco,0,1,1
9616,2025,31098175,Leopoldina,85,0.0,🟢 Baixo Risco,0,1,1
9617,2025,31098060,Laranjal,171,0.0,🟢 Baixo Risco,0,1,1
9618,2025,31085332,São João da Lagoa,132,0.0,🟢 Baixo Risco,0,1,1
9619,2025,31218405,Luz,192,0.0,🟢 Baixo Risco,0,1,1
9620,2025,31218391,Bom Despacho,482,0.0,🟢 Baixo Risco,0,1,1
9621,2025,31097985,Faria Lemos,53,0.0,🟢 Baixo Risco,0,1,1
9622,2025,31097969,Eugenópolis,63,0.0,🟢 Baixo Risco,0,1,1
9623,2025,31219223,Belo Horizonte,1031,0.0,🟢 Baixo Risco,0,1,1
9624,2025,31219193,Belo Horizonte,662,0.0,🟢 Baixo Risco,0,1,1
9625,2025,31171484,Campanha,441,0.0,🟢 Baixo Risco,0,1,1
9626,2025,31171468,Campanha,358,0.0,🟢 Baixo Risco,0,1,1
9627,2025,31171361,Cambuquira,442,0.0,🟢 Baixo Risco,0,1,1
9628,2025,31171301,Cambuquira,573,0.0,🟢 Baixo Risco,0,1,1
9629,2025,31171255,Boa Esperança,374,0.0,🟢 Baixo Risco,0,1,1
9630,2025,31330582,Teófilo Otoni,99,0.0,🟢 Baixo Risco,0,1,1
9631,2025,31034720,Onça de Pitangui,238,0.0,🟢 Baixo Risco,0,1,1
9632,2025,31034711,Onça de Pitangui,67,0.0,🟢 Baixo Risco,0,1,1
9633,2025,31034681,Onça de Pitangui,49,0.0,🟢 Baixo Risco,0,1,1
9634,2025,31034673,Nova Serrana,495,0.0,🟢 Baixo Risco,0,1,1
9635,2025,31331325,Betim,672,0.0,🟢 Baixo Risco,0,1,1
9636,2025,31331317,Betim,652,0.0,🟢 Baixo Risco,0,1,1
9637,2025,31331228,Coronel Fabriciano,514,0.0,🟢 Baixo Risco,0,1,1
9638,2025,31331121,Vespasiano,509,0.0,🟢 Baixo Risco,0,1,1
9639,2025,31330914,Betim,489,0.0,🟢 Baixo Risco,0,1,1
9640,2025,31330868,Belo Horizonte,489,0.0,🟢 Baixo Risco,0,1,1
9641,2025,31330850,Belo Horizonte,583,0.0,🟢 Baixo Risco,0,1,1
9642,2025,31330841,Itaúna,580,0.0,🟢 Baixo Risco,0,1,1
9643,2025,31331520,Itutinga,206,0.0,🟢 Baixo Risco,0,1,1
9644,2025,31331406,Materlândia,214,0.0,🟢 Baixo Risco,0,1,1
9645,2025,31034878,Pará de Minas,929,0.0,🟢 Baixo Risco,0,1,1
9646,2025,31034860,Papagaios,588,0.0,🟢 Baixo Risco,0,1,1
9647,2025,31034851,Papagaios,295,0.0,🟢 Baixo Risco,0,1,1
9648,2025,31034843,Papagaios,675,0.0,🟢 Baixo Risco,0,1,1
9649,2025,31034835,Papagaios,107,0.0,🟢 Baixo Risco,0,1,1
9650,2025,31034797,Pains,553,0.0,🟢 Baixo Risco,0,1,1
9651,2025,31034746,Paineiras,307,0.0,🟢 Baixo Risco,0,1,1
9652,2025,31034738,Paineiras,206,0.0,🟢 Baixo Risco,0,1,1
9653,2025,31034509,Moema,164,0.0,🟢 Baixo Risco,0,1,1
9654,2025,31034495,Medeiros,82,0.0,🟢 Baixo Risco,0,1,1
9655,2025,31034487,Medeiros,77,0.0,🟢 Baixo Risco,0,1,1
9656,2025,31034444,Mateus Leme,127,0.0,🟢 Baixo Risco,0,1,1
9657,2025,31332976,Itabirito,854,0.0,🟢 Baixo Risco,0,1,1
9658,2025,31331589,Belo Horizonte,959,0.0,🟢 Baixo Risco,0,1,1
9659,2025,31170151,Uberlândia,193,0.0,🟢 Baixo Risco,0,1,1
9660,2025,31170143,Uberlândia,150,0.0,🟢 Baixo Risco,0,1,1
9661,2025,31171174,Boa Esperança,963,0.0,🟢 Baixo Risco,0,1,1
9662,2025,31171166,Boa Esperança,195,0.0,🟢 Baixo Risco,0,1,1
9663,2025,31171131,Boa Esperança,173,0.0,🟢 Baixo Risco,0,1,1
9664,2025,31171123,Boa Esperança,502,0.0,🟢 Baixo Risco,0,1,1
9665,2025,31171042,Baependi,410,0.0,🟢 Baixo Risco,0,1,1
9666,2025,31171034,Baependi,481,0.0,🟢 Baixo Risco,0,1,1
9667,2025,31171026,Baependi,87,0.0,🟢 Baixo Risco,0,1,1
9668,2025,31171000,Baependi,196,0.0,🟢 Baixo Risco,0,1,1
9669,2025,31170909,Alfenas,1023,0.0,🟢 Baixo Risco,0,1,1
9670,2025,31331562,Uberaba,663,0.0,🟢 Baixo Risco,0,1,1
9671,2025,31034240,Luz,73,0.0,🟢 Baixo Risco,0,1,1
9672,2025,31034665,Nova Serrana,1579,0.0,🟢 Baixo Risco,0,1,1
9673,2025,31034657,Nova Serrana,82,0.0,🟢 Baixo Risco,0,1,1
9674,2025,31034649,Nova Serrana,288,0.0,🟢 Baixo Risco,0,1,1
9675,2025,31034622,Nova Serrana,1420,0.0,🟢 Baixo Risco,0,1,1
9676,2025,31034614,Nova Serrana,830,0.0,🟢 Baixo Risco,0,1,1
9677,2025,31034584,Morada Nova de Minas,381,0.0,🟢 Baixo Risco,0,1,1
9678,2025,31235822,Ouro Branco,231,0.0,🟢 Baixo Risco,0,1,1
9679,2025,31236756,Sabará,216,0.0,🟢 Baixo Risco,0,1,1
9680,2025,31086355,Espinosa,58,0.0,🟢 Baixo Risco,0,1,1
9681,2025,31086291,Espinosa,78,0.0,🟢 Baixo Risco,0,1,1
9682,2025,31086274,Espinosa,23,0.0,🟢 Baixo Risco,0,1,1
9683,2025,31218944,Sete Lagoas,2334,0.0,🟢 Baixo Risco,0,1,1
9684,2025,31218766,Caratinga,470,0.0,🟢 Baixo Risco,0,1,1
9685,2025,31219398,Belo Horizonte,477,0.0,🟢 Baixo Risco,0,1,1
9686,2025,31219304,Monte Alegre de Minas,691,0.0,🟢 Baixo Risco,0,1,1
9687,2025,31219266,Machado,125,0.0,🟢 Baixo Risco,0,1,1
9688,2025,31219231,Belo Horizonte,607,0.0,🟢 Baixo Risco,0,1,1
9689,2025,31034541,Moema,116,0.0,🟢 Baixo Risco,0,1,1
9690,2025,31034533,Moema,577,0.0,🟢 Baixo Risco,0,1,1
9691,2025,31034436,Juatuba,1006,0.0,🟢 Baixo Risco,0,1,1
9692,2025,31034410,Juatuba,212,0.0,🟢 Baixo Risco,0,1,1
9693,2025,31034401,Mateus Leme,82,0.0,🟢 Baixo Risco,0,1,1
9694,2025,31034380,Mateus Leme,619,0.0,🟢 Baixo Risco,0,1,1
9695,2025,31034363,Mateus Leme,453,0.0,🟢 Baixo Risco,0,1,1
9696,2025,31034347,Martinho Campos,373,0.0,🟢 Baixo Risco,0,1,1
9697,2025,31034339,Martinho Campos,233,0.0,🟢 Baixo Risco,0,1,1
9698,2025,31034312,Martinho Campos,562,0.0,🟢 Baixo Risco,0,1,1
9699,2025,31034282,Martinho Campos,369,0.0,🟢 Baixo Risco,0,1,1
9700,2025,31170879,Alfenas,993,0.0,🟢 Baixo Risco,0,1,1
9701,2025,31170861,Alfenas,456,0.0,🟢 Baixo Risco,0,1,1
9702,2025,31170852,Alfenas,227,0.0,🟢 Baixo Risco,0,1,1
9703,2025,31170844,Alfenas,299,0.0,🟢 Baixo Risco,0,1,1
9704,2025,31170828,Alfenas,511,0.0,🟢 Baixo Risco,0,1,1
9705,2025,31170810,Alfenas,407,0.0,🟢 Baixo Risco,0,1,1
9706,2025,31170798,Alfenas,537,0.0,🟢 Baixo Risco,0,1,1
9707,2025,31170780,Alfenas,297,0.0,🟢 Baixo Risco,0,1,1
9708,2025,31170755,Alfenas,582,0.0,🟢 Baixo Risco,0,1,1
9709,2025,31170682,Aiuruoca,377,0.0,🟢 Baixo Risco,0,1,1
9710,2025,31170160,Uberlândia,358,0.0,🟢 Baixo Risco,0,1,1
9711,2025,31034274,Maravilhas,492,0.0,🟢 Baixo Risco,0,1,1
9712,2025,31034266,Maravilhas,169,0.0,🟢 Baixo Risco,0,1,1
9713,2025,31034185,Luz,636,0.0,🟢 Baixo Risco,0,1,1
9714,2025,31034134,Leandro Ferreira,397,0.0,🟢 Baixo Risco,0,1,1
9715,2025,31034118,Lagoa da Prata,1035,0.0,🟢 Baixo Risco,0,1,1
9716,2025,31034096,Lagoa da Prata,453,0.0,🟢 Baixo Risco,0,1,1
9717,2025,31034088,Lagoa da Prata,733,0.0,🟢 Baixo Risco,0,1,1
9718,2025,31034070,Lagoa da Prata,233,0.0,🟢 Baixo Risco,0,1,1
9719,2025,31034045,Lagoa da Prata,728,0.0,🟢 Baixo Risco,0,1,1
9720,2025,31034002,Japaraíba,350,0.0,🟢 Baixo Risco,0,1,1
9721,2025,31333883,Francisco Sá,263,0.0,🟢 Baixo Risco,0,1,1
9722,2025,31333620,Montes Claros,640,0.0,🟢 Baixo Risco,0,1,1
9723,2025,31033928,Itaúna,225,0.0,🟢 Baixo Risco,0,1,1
9724,2025,31033910,Itaúna,406,0.0,🟢 Baixo Risco,0,1,1
9725,2025,31033901,Itaúna,272,0.0,🟢 Baixo Risco,0,1,1
9726,2025,31033880,Itaúna,1339,0.0,🟢 Baixo Risco,0,1,1
9727,2025,31033871,Itaúna,376,0.0,🟢 Baixo Risco,0,1,1
9728,2025,31033855,Itaúna,455,0.0,🟢 Baixo Risco,0,1,1
9729,2025,31033847,Itaúna,467,0.0,🟢 Baixo Risco,0,1,1
9730,2025,31033821,Itaúna,562,0.0,🟢 Baixo Risco,0,1,1
9731,2025,31170135,Uberlândia,127,0.0,🟢 Baixo Risco,0,1,1
9732,2025,31170089,Uberlândia,345,0.0,🟢 Baixo Risco,0,1,1
9733,2025,31169889,Uberlândia,1127,0.0,🟢 Baixo Risco,0,1,1
9734,2025,31169838,Uberlândia,477,0.0,🟢 Baixo Risco,0,1,1
9735,2025,31169820,Uberlândia,106,0.0,🟢 Baixo Risco,0,1,1
9736,2025,31169668,Uberlândia,671,0.0,🟢 Baixo Risco,0,1,1
9737,2025,31033758,Itaguara,214,0.0,🟢 Baixo Risco,0,1,1
9738,2025,31033740,Itaguara,417,0.0,🟢 Baixo Risco,0,1,1
9739,2025,31033715,Itaguara,668,0.0,🟢 Baixo Risco,0,1,1
9740,2025,31033685,Iguatama,476,0.0,🟢 Baixo Risco,0,1,1
9741,2025,31033634,Igaratinga,345,0.0,🟢 Baixo Risco,0,1,1
9742,2025,31033626,Igaratinga,580,0.0,🟢 Baixo Risco,0,1,1
9743,2025,31033952,Itaúna,1117,0.0,🟢 Baixo Risco,0,1,1
9744,2025,31167720,Uberlândia,472,0.0,🟢 Baixo Risco,0,1,1
9745,2025,31167711,Uberlândia,357,0.0,🟢 Baixo Risco,0,1,1
9746,2025,31169587,Uberlândia,508,0.0,🟢 Baixo Risco,0,1,1
9747,2025,31169528,Uberlândia,1413,0.0,🟢 Baixo Risco,0,1,1
9748,2025,31169471,Tupaciguara,209,0.0,🟢 Baixo Risco,0,1,1
9749,2025,31169340,Tupaciguara,312,0.0,🟢 Baixo Risco,0,1,1
9750,2025,31168874,Nova Ponte,149,0.0,🟢 Baixo Risco,0,1,1
9751,2025,31168556,Monte Alegre de Minas,64,0.0,🟢 Baixo Risco,0,1,1
9752,2025,31168467,Indianópolis,118,0.0,🟢 Baixo Risco,0,1,1
9753,2025,31033944,Itaúna,256,0.0,🟢 Baixo Risco,0,1,1
9754,2025,31033383,Divinópolis,331,0.0,🟢 Baixo Risco,0,1,1
9755,2025,31033375,Divinópolis,824,0.0,🟢 Baixo Risco,0,1,1
9756,2025,31033359,Divinópolis,388,0.0,🟢 Baixo Risco,0,1,1
9757,2025,31033341,Divinópolis,310,0.0,🟢 Baixo Risco,0,1,1
9758,2025,31033332,Divinópolis,581,0.0,🟢 Baixo Risco,0,1,1
9759,2025,31336289,Barroso,124,0.0,🟢 Baixo Risco,0,1,1
9760,2025,31335592,Salinas,219,0.0,🟢 Baixo Risco,0,1,1
9761,2025,31033782,Itaúna,241,0.0,🟢 Baixo Risco,0,1,1
9762,2025,31033774,Itatiaiuçu,948,0.0,🟢 Baixo Risco,0,1,1
9763,2025,31033766,Itaguara,947,0.0,🟢 Baixo Risco,0,1,1
9764,2025,31033154,Divinópolis,1416,0.0,🟢 Baixo Risco,0,1,1
9765,2025,31033553,Florestal,607,0.0,🟢 Baixo Risco,0,1,1
9766,2025,31033502,Estrela do Indaiá,173,0.0,🟢 Baixo Risco,0,1,1
9767,2025,31033472,Dores do Indaiá,201,0.0,🟢 Baixo Risco,0,1,1
9768,2025,31033464,Dores do Indaiá,276,0.0,🟢 Baixo Risco,0,1,1
9769,2025,31033430,Dores do Indaiá,487,0.0,🟢 Baixo Risco,0,1,1
9770,2025,31033421,Divinópolis,587,0.0,🟢 Baixo Risco,0,1,1
9771,2025,31033405,Divinópolis,1442,0.0,🟢 Baixo Risco,0,1,1
9772,2025,31033324,Divinópolis,70,0.0,🟢 Baixo Risco,0,1,1
9773,2025,31033316,Divinópolis,817,0.0,🟢 Baixo Risco,0,1,1
9774,2025,31033294,Divinópolis,341,0.0,🟢 Baixo Risco,0,1,1
9775,2025,31033286,Divinópolis,999,0.0,🟢 Baixo Risco,0,1,1
9776,2025,31033278,Divinópolis,134,0.0,🟢 Baixo Risco,0,1,1
9777,2025,31033251,Divinópolis,595,0.0,🟢 Baixo Risco,0,1,1
9778,2025,31033235,Divinópolis,556,0.0,🟢 Baixo Risco,0,1,1
9779,2025,31033227,Divinópolis,1222,0.0,🟢 Baixo Risco,0,1,1
9780,2025,31033219,Divinópolis,164,0.0,🟢 Baixo Risco,0,1,1
9781,2025,31033201,Divinópolis,1304,0.0,🟢 Baixo Risco,0,1,1
9782,2025,31033197,Divinópolis,552,0.0,🟢 Baixo Risco,0,1,1
9783,2025,31033189,Divinópolis,593,0.0,🟢 Baixo Risco,0,1,1
9784,2025,31033171,Divinópolis,494,0.0,🟢 Baixo Risco,0,1,1
9785,2025,31337722,Tocantins,378,0.0,🟢 Baixo Risco,0,1,1
9786,2025,31033138,Divinópolis,136,0.0,🟢 Baixo Risco,0,1,1
9787,2025,31033090,Divinópolis,709,0.0,🟢 Baixo Risco,0,1,1
9788,2025,31033057,Divinópolis,178,0.0,🟢 Baixo Risco,0,1,1
9789,2025,31033031,Divinópolis,646,0.0,🟢 Baixo Risco,0,1,1
9790,2025,31033022,Divinópolis,279,0.0,🟢 Baixo Risco,0,1,1
9791,2025,31033014,Divinópolis,436,0.0,🟢 Baixo Risco,0,1,1
9792,2025,31033006,Divinópolis,704,0.0,🟢 Baixo Risco,0,1,1
9793,2025,31032999,Divinópolis,454,0.0,🟢 Baixo Risco,0,1,1
9794,2025,31032972,Córrego Danta,157,0.0,🟢 Baixo Risco,0,1,1
9795,2025,31032921,Conceição do Pará,558,0.0,🟢 Baixo Risco,0,1,1
9796,2025,31032913,Conceição do Pará,92,0.0,🟢 Baixo Risco,0,1,1
9797,2025,31032891,Conceição do Pará,77,0.0,🟢 Baixo Risco,0,1,1
9798,2025,31167568,Uberlândia,375,0.0,🟢 Baixo Risco,0,1,1
9799,2025,31167550,Uberlândia,510,0.0,🟢 Baixo Risco,0,1,1
9800,2025,31167878,Uberlândia,745,0.0,🟢 Baixo Risco,0,1,1
9801,2025,31167851,Uberlândia,133,0.0,🟢 Baixo Risco,0,1,1
9802,2025,31167843,Uberlândia,1492,0.0,🟢 Baixo Risco,0,1,1
9803,2025,31167835,Uberlândia,1195,0.0,🟢 Baixo Risco,0,1,1
9804,2025,31167827,Uberlândia,445,0.0,🟢 Baixo Risco,0,1,1
9805,2025,31167801,Uberlândia,230,0.0,🟢 Baixo Risco,0,1,1
9806,2025,31167797,Uberlândia,1491,0.0,🟢 Baixo Risco,0,1,1
9807,2025,31167771,Uberlândia,1125,0.0,🟢 Baixo Risco,0,1,1
9808,2025,31167754,Uberlândia,576,0.0,🟢 Baixo Risco,0,1,1
9809,2025,31167746,Uberlândia,939,0.0,🟢 Baixo Risco,0,1,1
9810,2025,31167738,Uberlândia,1138,0.0,🟢 Baixo Risco,0,1,1
9811,2025,31032883,Cláudio,156,0.0,🟢 Baixo Risco,0,1,1
9812,2025,31032875,Cláudio,759,0.0,🟢 Baixo Risco,0,1,1
9813,2025,31338761,São João das Missões,150,0.0,🟢 Baixo Risco,0,1,1
9814,2025,31338753,São João das Missões,221,0.0,🟢 Baixo Risco,0,1,1
9815,2025,31338737,Ninheira,112,0.0,🟢 Baixo Risco,0,1,1
9816,2025,31338729,Chapada do Norte,117,0.0,🟢 Baixo Risco,0,1,1
9817,2025,31338699,Janaúba,376,0.0,🟢 Baixo Risco,0,1,1
9818,2025,31338680,Janaúba,321,0.0,🟢 Baixo Risco,0,1,1
9819,2025,31338672,Santa Vitória,264,0.0,🟢 Baixo Risco,0,1,1
9820,2025,31338664,Oliveira Fortes,47,0.0,🟢 Baixo Risco,0,1,1
9821,2025,31220671,João Pinheiro,391,0.0,🟢 Baixo Risco,0,1,1
9822,2025,31220663,Paracatu,281,0.0,🟢 Baixo Risco,0,1,1
9823,2025,31219568,Belo Horizonte,771,0.0,🟢 Baixo Risco,0,1,1
9824,2025,31219550,Belo Horizonte,541,0.0,🟢 Baixo Risco,0,1,1
9825,2025,31087653,Grão Mogol,302,0.0,🟢 Baixo Risco,0,1,1
9826,2025,31236403,Guarda-Mor,28,0.0,🟢 Baixo Risco,0,1,1
9827,2025,31236390,Vazante,91,0.0,🟢 Baixo Risco,0,1,1
9828,2025,31236284,Conceição do Rio Verde,147,0.0,🟢 Baixo Risco,0,1,1
9829,2025,31236250,São João do Manhuaçu,1341,0.0,🟢 Baixo Risco,0,1,1
9830,2025,31087521,Grão Mogol,169,0.0,🟢 Baixo Risco,0,1,1
9831,2025,31087335,Grão Mogol,178,0.0,🟢 Baixo Risco,0,1,1
9832,2025,31235938,Piracema,131,0.0,🟢 Baixo Risco,0,1,1
9833,2025,31235920,Nova Serrana,672,0.0,🟢 Baixo Risco,0,1,1
9834,2025,31338478,Itaipé,532,0.0,🟢 Baixo Risco,0,1,1
9835,2025,31032557,Carmo do Cajuru,54,0.0,🟢 Baixo Risco,0,1,1
9836,2025,31032549,Carmo do Cajuru,785,0.0,🟢 Baixo Risco,0,1,1
9837,2025,31032531,Carmo do Cajuru,64,0.0,🟢 Baixo Risco,0,1,1
9838,2025,31338915,Ouro Preto,528,0.0,🟢 Baixo Risco,0,1,1
9839,2025,31338893,Uberlândia,63,0.0,🟢 Baixo Risco,0,1,1
9840,2025,31338885,São João del Rei,224,0.0,🟢 Baixo Risco,0,1,1
9841,2025,31338877,Ponte Nova,122,0.0,🟢 Baixo Risco,0,1,1
9842,2025,31338869,Poços de Caldas,786,0.0,🟢 Baixo Risco,0,1,1
9843,2025,31338834,Teófilo Otoni,57,0.0,🟢 Baixo Risco,0,1,1
9844,2025,31338818,Ataléia,163,0.0,🟢 Baixo Risco,0,1,1
9845,2025,31338800,Simão Pereira,64,0.0,🟢 Baixo Risco,0,1,1
9846,2025,31338796,Santana do Deserto,85,0.0,🟢 Baixo Risco,0,1,1
9847,2025,31338788,Pedro Teixeira,51,0.0,🟢 Baixo Risco,0,1,1
9848,2025,31339105,Ribeirão das Neves,503,0.0,🟢 Baixo Risco,0,1,1
9849,2025,31339075,Viçosa,63,0.0,🟢 Baixo Risco,0,1,1
9850,2025,31339040,Ribeirão das Neves,266,0.0,🟢 Baixo Risco,0,1,1
9851,2025,31032841,Cláudio,488,0.0,🟢 Baixo Risco,0,1,1
9852,2025,31032824,Cláudio,567,0.0,🟢 Baixo Risco,0,1,1
9853,2025,31032751,Cláudio,1275,0.0,🟢 Baixo Risco,0,1,1
9854,2025,31032735,Cláudio,503,0.0,🟢 Baixo Risco,0,1,1
9855,2025,31032701,Carmópolis de Minas,518,0.0,🟢 Baixo Risco,0,1,1
9856,2025,31032689,Carmópolis de Minas,374,0.0,🟢 Baixo Risco,0,1,1
9857,2025,31032654,Carmópolis de Minas,165,0.0,🟢 Baixo Risco,0,1,1
9858,2025,31032638,Carmópolis de Minas,86,0.0,🟢 Baixo Risco,0,1,1
9859,2025,31032611,Carmo do Cajuru,163,0.0,🟢 Baixo Risco,0,1,1
9860,2025,31167380,Uberlândia,1220,0.0,🟢 Baixo Risco,0,1,1
9861,2025,31167371,Uberlândia,919,0.0,🟢 Baixo Risco,0,1,1
9862,2025,31167703,Uberlândia,574,0.0,🟢 Baixo Risco,0,1,1
9863,2025,31167690,Uberlândia,934,0.0,🟢 Baixo Risco,0,1,1
9864,2025,31167681,Uberlândia,521,0.0,🟢 Baixo Risco,0,1,1
9865,2025,31167673,Uberlândia,694,0.0,🟢 Baixo Risco,0,1,1
9866,2025,31167665,Uberlândia,1811,0.0,🟢 Baixo Risco,0,1,1
9867,2025,31167649,Uberlândia,405,0.0,🟢 Baixo Risco,0,1,1
9868,2025,31167631,Uberlândia,615,0.0,🟢 Baixo Risco,0,1,1
9869,2025,31167622,Uberlândia,1530,0.0,🟢 Baixo Risco,0,1,1
9870,2025,31167614,Uberlândia,1279,0.0,🟢 Baixo Risco,0,1,1
9871,2025,31167606,Uberlândia,927,0.0,🟢 Baixo Risco,0,1,1
9872,2025,31167592,Uberlândia,835,0.0,🟢 Baixo Risco,0,1,1
9873,2025,31167584,Uberlândia,1934,0.0,🟢 Baixo Risco,0,1,1
9874,2025,31167576,Uberlândia,300,0.0,🟢 Baixo Risco,0,1,1
9875,2025,31032603,Carmo do Cajuru,612,0.0,🟢 Baixo Risco,0,1,1
9876,2025,31032298,Biquinhas,257,0.0,🟢 Baixo Risco,0,1,1
9877,2025,31339857,Manhumirim,152,0.0,🟢 Baixo Risco,0,1,1
9878,2025,31339555,Uberlândia,972,0.0,🟢 Baixo Risco,0,1,1
9879,2025,31339474,Nova Serrana,1465,0.0,🟢 Baixo Risco,0,1,1
9880,2025,31339431,Ouro Branco,349,0.0,🟢 Baixo Risco,0,1,1
9881,2025,31339423,Ouro Branco,258,0.0,🟢 Baixo Risco,0,1,1
9882,2025,31339156,Ribeirão das Neves,1074,0.0,🟢 Baixo Risco,0,1,1
9883,2025,31032484,Carmo da Mata,298,0.0,🟢 Baixo Risco,0,1,1
9884,2025,31032468,Carmo da Mata,173,0.0,🟢 Baixo Risco,0,1,1
9885,2025,31032441,Carmo da Mata,751,0.0,🟢 Baixo Risco,0,1,1
9886,2025,31032433,Bom Despacho,208,0.0,🟢 Baixo Risco,0,1,1
9887,2025,31032425,Bom Despacho,479,0.0,🟢 Baixo Risco,0,1,1
9888,2025,31032409,Bom Despacho,762,0.0,🟢 Baixo Risco,0,1,1
9889,2025,31032395,Bom Despacho,281,0.0,🟢 Baixo Risco,0,1,1
9890,2025,31032387,Bom Despacho,220,0.0,🟢 Baixo Risco,0,1,1
9891,2025,31032379,Bom Despacho,456,0.0,🟢 Baixo Risco,0,1,1
9892,2025,31032361,Bom Despacho,632,0.0,🟢 Baixo Risco,0,1,1
9893,2025,31032352,Bom Despacho,252,0.0,🟢 Baixo Risco,0,1,1
9894,2025,31032344,Bom Despacho,916,0.0,🟢 Baixo Risco,0,1,1
9895,2025,31032336,Bom Despacho,516,0.0,🟢 Baixo Risco,0,1,1
9896,2025,31032328,Bom Despacho,495,0.0,🟢 Baixo Risco,0,1,1
9897,2025,31032310,Bom Despacho,665,0.0,🟢 Baixo Risco,0,1,1
9898,2025,31031984,Araújos,758,0.0,🟢 Baixo Risco,0,1,1
9899,2025,31031917,Araújos,323,0.0,🟢 Baixo Risco,0,1,1
9900,2025,31340928,Santo Antônio do Rio Abaixo,59,0.0,🟢 Baixo Risco,0,1,1
9901,2025,31340340,Divisa Alegre,668,0.0,🟢 Baixo Risco,0,1,1
9902,2025,31340251,Carmo do Paranaíba,251,0.0,🟢 Baixo Risco,0,1,1
9903,2025,31167223,Uberlândia,541,0.0,🟢 Baixo Risco,0,1,1
9904,2025,31167215,Uberlândia,359,0.0,🟢 Baixo Risco,0,1,1
9905,2025,31167541,Uberlândia,898,0.0,🟢 Baixo Risco,0,1,1
9906,2025,31167517,Uberlândia,303,0.0,🟢 Baixo Risco,0,1,1
9907,2025,31167509,Uberlândia,919,0.0,🟢 Baixo Risco,0,1,1
9908,2025,31167495,Uberlândia,396,0.0,🟢 Baixo Risco,0,1,1
9909,2025,31167487,Uberlândia,543,0.0,🟢 Baixo Risco,0,1,1
9910,2025,31167479,Uberlândia,29,0.0,🟢 Baixo Risco,0,1,1
9911,2025,31167461,Uberlândia,322,0.0,🟢 Baixo Risco,0,1,1
9912,2025,31167452,Uberlândia,120,0.0,🟢 Baixo Risco,0,1,1
9913,2025,31167436,Uberlândia,1515,0.0,🟢 Baixo Risco,0,1,1
9914,2025,31167428,Uberlândia,564,0.0,🟢 Baixo Risco,0,1,1
9915,2025,31167410,Uberlândia,521,0.0,🟢 Baixo Risco,0,1,1
9916,2025,31167401,Uberlândia,308,0.0,🟢 Baixo Risco,0,1,1
9917,2025,31167398,Uberlândia,1432,0.0,🟢 Baixo Risco,0,1,1
9918,2025,31340120,Conceição dos Ouros,123,0.0,🟢 Baixo Risco,0,1,1
9919,2025,31031836,Abaeté,804,0.0,🟢 Baixo Risco,0,1,1
9920,2025,31032271,Bambuí,162,0.0,🟢 Baixo Risco,0,1,1
9921,2025,31032221,Bambuí,258,0.0,🟢 Baixo Risco,0,1,1
9922,2025,31032212,Bambuí,903,0.0,🟢 Baixo Risco,0,1,1
9923,2025,31032140,Bambuí,134,0.0,🟢 Baixo Risco,0,1,1
9924,2025,31032093,Arcos,361,0.0,🟢 Baixo Risco,0,1,1
9925,2025,31032077,Arcos,643,0.0,🟢 Baixo Risco,0,1,1
9926,2025,31032069,Arcos,615,0.0,🟢 Baixo Risco,0,1,1
9927,2025,31032051,Arcos,748,0.0,🟢 Baixo Risco,0,1,1
9928,2025,31032026,Arcos,1084,0.0,🟢 Baixo Risco,0,1,1
9929,2025,31032018,Arcos,91,0.0,🟢 Baixo Risco,0,1,1
9930,2025,31029793,Presidente Juscelino,152,0.0,🟢 Baixo Risco,0,1,1
9931,2025,31341320,Uberlândia,421,0.0,🟢 Baixo Risco,0,1,1
9932,2025,31166979,Nova Ponte,843,0.0,🟢 Baixo Risco,0,1,1
9933,2025,31166961,Monte Alegre de Minas,283,0.0,🟢 Baixo Risco,0,1,1
9934,2025,31167363,Uberlândia,205,0.0,🟢 Baixo Risco,0,1,1
9935,2025,31167355,Uberlândia,283,0.0,🟢 Baixo Risco,0,1,1
9936,2025,31167347,Uberlândia,219,0.0,🟢 Baixo Risco,0,1,1
9937,2025,31167339,Uberlândia,1227,0.0,🟢 Baixo Risco,0,1,1
9938,2025,31167321,Uberlândia,1457,0.0,🟢 Baixo Risco,0,1,1
9939,2025,31167312,Uberlândia,735,0.0,🟢 Baixo Risco,0,1,1
9940,2025,31167304,Uberlândia,4717,0.0,🟢 Baixo Risco,0,1,1
9941,2025,31167291,Uberlândia,455,0.0,🟢 Baixo Risco,0,1,1
9942,2025,31167282,Uberlândia,1159,0.0,🟢 Baixo Risco,0,1,1
9943,2025,31167274,Uberlândia,529,0.0,🟢 Baixo Risco,0,1,1
9944,2025,31167266,Uberlândia,795,0.0,🟢 Baixo Risco,0,1,1
9945,2025,31167258,Uberlândia,424,0.0,🟢 Baixo Risco,0,1,1
9946,2025,31167240,Uberlândia,390,0.0,🟢 Baixo Risco,0,1,1
9947,2025,31167231,Uberlândia,1472,0.0,🟢 Baixo Risco,0,1,1
9948,2025,31031852,Abaeté,632,0.0,🟢 Baixo Risco,0,1,1
9949,2025,31027936,São Gonçalo do Rio Preto,143,0.0,🟢 Baixo Risco,0,1,1
9950,2025,31027782,Felício dos Santos,344,0.0,🟢 Baixo Risco,0,1,1
9951,2025,31341967,Uberlândia,170,0.0,🟢 Baixo Risco,0,1,1
9952,2025,31341932,Uberlândia,312,0.0,🟢 Baixo Risco,0,1,1
9953,2025,31166731,Araguari,714,0.0,🟢 Baixo Risco,0,1,1
9954,2025,31166715,Araguari,440,0.0,🟢 Baixo Risco,0,1,1
9955,2025,31167207,Araporã,245,0.0,🟢 Baixo Risco,0,1,1
9956,2025,31167193,Tupaciguara,997,0.0,🟢 Baixo Risco,0,1,1
9957,2025,31167169,Tupaciguara,263,0.0,🟢 Baixo Risco,0,1,1
9958,2025,31167142,Tupaciguara,595,0.0,🟢 Baixo Risco,0,1,1
9959,2025,31167118,Tupaciguara,149,0.0,🟢 Baixo Risco,0,1,1
9960,2025,31167053,Prata,501,0.0,🟢 Baixo Risco,0,1,1
9961,2025,31167045,Prata,848,0.0,🟢 Baixo Risco,0,1,1
9962,2025,31167029,Prata,499,0.0,🟢 Baixo Risco,0,1,1
9963,2025,31166995,Nova Ponte,292,0.0,🟢 Baixo Risco,0,1,1
9964,2025,31166987,Nova Ponte,530,0.0,🟢 Baixo Risco,0,1,1
9965,2025,31342530,Nova Serrana,1922,0.0,🟢 Baixo Risco,0,1,1
9966,2025,31342491,Ribeirão das Neves,2981,0.0,🟢 Baixo Risco,0,1,1
9967,2025,31342483,Patos de Minas,66,0.0,🟢 Baixo Risco,0,1,1
9968,2025,31342475,Unaí,136,0.0,🟢 Baixo Risco,0,1,1
9969,2025,31342459,Belo Horizonte,384,0.0,🟢 Baixo Risco,0,1,1
9970,2025,31342440,Belo Horizonte,529,0.0,🟢 Baixo Risco,0,1,1
9971,2025,31342432,Belo Horizonte,472,0.0,🟢 Baixo Risco,0,1,1
9972,2025,31342424,Belo Horizonte,737,0.0,🟢 Baixo Risco,0,1,1
9973,2025,31342335,Inhapim,290,0.0,🟢 Baixo Risco,0,1,1
9974,2025,31342297,Pedra Azul,232,0.0,🟢 Baixo Risco,0,1,1
9975,2025,31024929,Serro,364,0.0,🟢 Baixo Risco,0,1,1
9976,2025,31342912,Contagem,446,0.0,🟢 Baixo Risco,0,1,1
9977,2025,31342734,Matias Cardoso,77,0.0,🟢 Baixo Risco,0,1,1
9978,2025,31342726,Juvenília,62,0.0,🟢 Baixo Risco,0,1,1
9979,2025,31342718,Capelinha,260,0.0,🟢 Baixo Risco,0,1,1
9980,2025,31342661,Senador Cortes,79,0.0,🟢 Baixo Risco,0,1,1
9981,2025,31342637,Juiz de Fora,712,0.0,🟢 Baixo Risco,0,1,1
9982,2025,31342572,Sete Lagoas,22,0.0,🟢 Baixo Risco,0,1,1
9983,2025,31342556,Uberaba,75,0.0,🟢 Baixo Risco,0,1,1
9984,2025,31342548,Senhora do Porto,294,0.0,🟢 Baixo Risco,0,1,1
9985,2025,31342920,Fronteira,378,0.0,🟢 Baixo Risco,0,1,1
9986,2025,31025062,Veredinha,143,0.0,🟢 Baixo Risco,0,1,1
9987,2025,31025038,Turmalina,610,0.0,🟢 Baixo Risco,0,1,1
9988,2025,31025020,Turmalina,121,0.0,🟢 Baixo Risco,0,1,1
9989,2025,31025011,Turmalina,260,0.0,🟢 Baixo Risco,0,1,1
9990,2025,31025003,Serro,147,0.0,🟢 Baixo Risco,0,1,1
9991,2025,31024996,Serro,154,0.0,🟢 Baixo Risco,0,1,1
9992,2025,31024988,Serro,290,0.0,🟢 Baixo Risco,0,1,1
9993,2025,31024961,Serro,245,0.0,🟢 Baixo Risco,0,1,1
9994,2025,31165808,Uberaba,402,0.0,🟢 Baixo Risco,0,1,1
9995,2025,31166952,Monte Alegre de Minas,138,0.0,🟢 Baixo Risco,0,1,1
9996,2025,31166936,Monte Alegre de Minas,895,0.0,🟢 Baixo Risco,0,1,1
9997,2025,31166928,Monte Alegre de Minas,107,0.0,🟢 Baixo Risco,0,1,1
9998,2025,31166901,Monte Alegre de Minas,658,0.0,🟢 Baixo Risco,0,1,1
9999,2025,31166871,Indianópolis,170,0.0,🟢 Baixo Risco,0,1,1
10000,2025,31166855,Araguari,83,0.0,🟢 Baixo Risco,0,1,1
10001,2025,31166839,Araguari,169,0.0,🟢 Baixo Risco,0,1,1
10002,2025,31166821,Araguari,584,0.0,🟢 Baixo Risco,0,1,1
10003,2025,31166812,Araguari,580,0.0,🟢 Baixo Risco,0,1,1
10004,2025,31166804,Araguari,301,0.0,🟢 Baixo Risco,0,1,1
10005,2025,31166782,Araguari,381,0.0,🟢 Baixo Risco,0,1,1
10006,2025,31166766,Araguari,452,0.0,🟢 Baixo Risco,0,1,1
10007,2025,31166740,Araguari,1022,0.0,🟢 Baixo Risco,0,1,1
10008,2025,31024937,Serro,397,0.0,🟢 Baixo Risco,0,1,1
10009,2025,31343765,Nova Serrana,1030,0.0,🟢 Baixo Risco,0,1,1
10010,2025,31343757,Santos Dumont,415,0.0,🟢 Baixo Risco,0,1,1
10011,2025,31343706,Uberlândia,743,0.0,🟢 Baixo Risco,0,1,1
10012,2025,31343633,Sete Lagoas,358,0.0,🟢 Baixo Risco,0,1,1
10013,2025,31343242,Papagaios,175,0.0,🟢 Baixo Risco,0,1,1
10014,2025,31343021,Mariana,929,0.0,🟢 Baixo Risco,0,1,1
10015,2025,31343013,Guapé,224,0.0,🟢 Baixo Risco,0,1,1
10016,2025,31344060,Montes Claros,517,0.0,🟢 Baixo Risco,0,1,1
10017,2025,31343943,Coronel Fabriciano,306,0.0,🟢 Baixo Risco,0,1,1
10018,2025,31024911,Serro,420,0.0,🟢 Baixo Risco,0,1,1
10019,2025,31024902,Serro,318,0.0,🟢 Baixo Risco,0,1,1
10020,2025,31024872,Serro,241,0.0,🟢 Baixo Risco,0,1,1
10021,2025,31024821,Serra Azul de Minas,590,0.0,🟢 Baixo Risco,0,1,1
10022,2025,31024783,Senador Modestino Gonçalves,331,0.0,🟢 Baixo Risco,0,1,1
10023,2025,31024767,Santo Hipólito,73,0.0,🟢 Baixo Risco,0,1,1
10024,2025,31024741,Santo Hipólito,149,0.0,🟢 Baixo Risco,0,1,1
10025,2025,31024732,Santo Antônio do Itambé,402,0.0,🟢 Baixo Risco,0,1,1
10026,2025,31024724,Rio Vermelho,238,0.0,🟢 Baixo Risco,0,1,1
10027,2025,31165328,Uberaba,135,0.0,🟢 Baixo Risco,0,1,1
10028,2025,31166693,Araguari,398,0.0,🟢 Baixo Risco,0,1,1
10029,2025,31166685,Araguari,1447,0.0,🟢 Baixo Risco,0,1,1
10030,2025,31166651,Araguari,553,0.0,🟢 Baixo Risco,0,1,1
10031,2025,31166634,Araguari,700,0.0,🟢 Baixo Risco,0,1,1
10032,2025,31166626,Araguari,240,0.0,🟢 Baixo Risco,0,1,1
10033,2025,31165930,Uberaba,258,0.0,🟢 Baixo Risco,0,1,1
10034,2025,31165875,Uberaba,1041,0.0,🟢 Baixo Risco,0,1,1
10035,2025,31165859,Uberaba,985,0.0,🟢 Baixo Risco,0,1,1
10036,2025,31165841,Uberaba,531,0.0,🟢 Baixo Risco,0,1,1
10037,2025,31024538,Leme do Prado,216,0.0,🟢 Baixo Risco,0,1,1
10038,2025,31024511,Leme do Prado,77,0.0,🟢 Baixo Risco,0,1,1
10039,2025,31024490,Minas Novas,177,0.0,🟢 Baixo Risco,0,1,1
10040,2025,31024481,Minas Novas,551,0.0,🟢 Baixo Risco,0,1,1
10041,2025,31344656,Caxambu,209,0.0,🟢 Baixo Risco,0,1,1
10042,2025,31344460,Biquinhas,107,0.0,🟢 Baixo Risco,0,1,1
10043,2025,31344303,Sabará,918,0.0,🟢 Baixo Risco,0,1,1
10044,2025,31024180,Itamarandiba,650,0.0,🟢 Baixo Risco,0,1,1
10045,2025,31345270,Montes Claros,627,0.0,🟢 Baixo Risco,0,1,1
10046,2025,31345032,São Gonçalo do Rio Abaixo,353,0.0,🟢 Baixo Risco,0,1,1
10047,2025,31024651,Rio Vermelho,320,0.0,🟢 Baixo Risco,0,1,1
10048,2025,31024635,Presidente Kubitschek,397,0.0,🟢 Baixo Risco,0,1,1
10049,2025,31024627,Presidente Juscelino,44,0.0,🟢 Baixo Risco,0,1,1
10050,2025,31024619,Presidente Juscelino,307,0.0,🟢 Baixo Risco,0,1,1
10051,2025,31024597,Monjolos,57,0.0,🟢 Baixo Risco,0,1,1
10052,2025,31024571,Monjolos,184,0.0,🟢 Baixo Risco,0,1,1
10053,2025,31162680,Itapagipe,20,0.0,🟢 Baixo Risco,0,1,1
10054,2025,31165778,Uberaba,119,0.0,🟢 Baixo Risco,0,1,1
10055,2025,31165760,Uberaba,553,0.0,🟢 Baixo Risco,0,1,1
10056,2025,31165727,Uberaba,1615,0.0,🟢 Baixo Risco,0,1,1
10057,2025,31165701,Uberaba,80,0.0,🟢 Baixo Risco,0,1,1
10058,2025,31165662,Delta,687,0.0,🟢 Baixo Risco,0,1,1
10059,2025,31165620,Uberaba,196,0.0,🟢 Baixo Risco,0,1,1
10060,2025,31165549,Uberaba,231,0.0,🟢 Baixo Risco,0,1,1
10061,2025,31165514,Uberaba,481,0.0,🟢 Baixo Risco,0,1,1
10062,2025,31165484,Uberaba,696,0.0,🟢 Baixo Risco,0,1,1
10063,2025,31165450,Uberaba,222,0.0,🟢 Baixo Risco,0,1,1
10064,2025,31165395,Uberaba,935,0.0,🟢 Baixo Risco,0,1,1
10065,2025,31165344,Uberaba,884,0.0,🟢 Baixo Risco,0,1,1
10066,2025,31165336,Uberaba,773,0.0,🟢 Baixo Risco,0,1,1
10067,2025,31024562,Leme do Prado,114,0.0,🟢 Baixo Risco,0,1,1
10068,2025,31024554,Leme do Prado,75,0.0,🟢 Baixo Risco,0,1,1
10069,2025,31024473,Minas Novas,59,0.0,🟢 Baixo Risco,0,1,1
10070,2025,31024449,Minas Novas,79,0.0,🟢 Baixo Risco,0,1,1
10071,2025,31024422,Minas Novas,226,0.0,🟢 Baixo Risco,0,1,1
10072,2025,31024414,Minas Novas,221,0.0,🟢 Baixo Risco,0,1,1
10073,2025,31024392,Itamarandiba,166,0.0,🟢 Baixo Risco,0,1,1
10074,2025,31024317,Itamarandiba,174,0.0,🟢 Baixo Risco,0,1,1
10075,2025,31024309,Itamarandiba,363,0.0,🟢 Baixo Risco,0,1,1
10076,2025,31097764,Espera Feliz,194,0.0,🟢 Baixo Risco,0,1,1
10077,2025,31097721,Espera Feliz,245,0.0,🟢 Baixo Risco,0,1,1
10078,2025,31097705,Espera Feliz,960,0.0,🟢 Baixo Risco,0,1,1
10079,2025,31097683,Espera Feliz,680,0.0,🟢 Baixo Risco,0,1,1
10080,2025,31097675,Espera Feliz,395,0.0,🟢 Baixo Risco,0,1,1
10081,2025,31234737,Nova Serrana,995,0.0,🟢 Baixo Risco,0,1,1
10082,2025,31234702,Guaranésia,520,0.0,🟢 Baixo Risco,0,1,1
10083,2025,31235628,Sabará,383,0.0,🟢 Baixo Risco,0,1,1
10084,2025,31088153,Verdelândia,77,0.0,🟢 Baixo Risco,0,1,1
10085,2025,31087874,Janaúba,284,0.0,🟢 Baixo Risco,0,1,1
10086,2025,31098035,Faria Lemos,278,0.0,🟢 Baixo Risco,0,1,1
10087,2025,31098001,Faria Lemos,142,0.0,🟢 Baixo Risco,0,1,1
10088,2025,31097551,Divino,845,0.0,🟢 Baixo Risco,0,1,1
10089,2025,31097519,Divino,104,0.0,🟢 Baixo Risco,0,1,1
10090,2025,31024295,Aricanduva,622,0.0,🟢 Baixo Risco,0,1,1
10091,2025,31024244,Itamarandiba,268,0.0,🟢 Baixo Risco,0,1,1
10092,2025,31024210,Itamarandiba,1071,0.0,🟢 Baixo Risco,0,1,1
10093,2025,31346195,Nova Serrana,1021,0.0,🟢 Baixo Risco,0,1,1
10094,2025,31346160,São João da Ponte,181,0.0,🟢 Baixo Risco,0,1,1
10095,2025,31346152,Pará de Minas,147,0.0,🟢 Baixo Risco,0,1,1
10096,2025,31346144,Novo Oriente de Minas,271,0.0,🟢 Baixo Risco,0,1,1
10097,2025,31346136,São Roque de Minas,91,0.0,🟢 Baixo Risco,0,1,1
10098,2025,31346110,Montes Claros,185,0.0,🟢 Baixo Risco,0,1,1
10099,2025,31346098,Grão Mogol,141,0.0,🟢 Baixo Risco,0,1,1
10100,2025,31346080,Curvelo,443,0.0,🟢 Baixo Risco,0,1,1
10101,2025,31024023,São Gonçalo do Rio Preto,280,0.0,🟢 Baixo Risco,0,1,1
10102,2025,31023981,Felício dos Santos,553,0.0,🟢 Baixo Risco,0,1,1
10103,2025,31023957,Diamantina,303,0.0,🟢 Baixo Risco,0,1,1
10104,2025,31023949,Diamantina,156,0.0,🟢 Baixo Risco,0,1,1
10105,2025,31023931,Diamantina,94,0.0,🟢 Baixo Risco,0,1,1
10106,2025,31023922,Diamantina,50,0.0,🟢 Baixo Risco,0,1,1
10107,2025,31346381,Santa Margarida,357,0.0,🟢 Baixo Risco,0,1,1
10108,2025,31346365,Ribeirão das Neves,449,0.0,🟢 Baixo Risco,0,1,1
10109,2025,31346322,Buritizeiro,266,0.0,🟢 Baixo Risco,0,1,1
10110,2025,31346284,Santa Bárbara,222,0.0,🟢 Baixo Risco,0,1,1
10111,2025,31160431,Araxá,93,0.0,🟢 Baixo Risco,0,1,1
10112,2025,31160326,Veríssimo,224,0.0,🟢 Baixo Risco,0,1,1
10113,2025,31165301,Uberaba,1366,0.0,🟢 Baixo Risco,0,1,1
10114,2025,31165263,Uberaba,473,0.0,🟢 Baixo Risco,0,1,1
10115,2025,31165221,Uberaba,224,0.0,🟢 Baixo Risco,0,1,1
10116,2025,31165212,Uberaba,562,0.0,🟢 Baixo Risco,0,1,1
10117,2025,31165174,Tapira,42,0.0,🟢 Baixo Risco,0,1,1
10118,2025,31165051,São Francisco de Sales,705,0.0,🟢 Baixo Risco,0,1,1
10119,2025,31164593,Sacramento,212,0.0,🟢 Baixo Risco,0,1,1
10120,2025,31164399,Sacramento,216,0.0,🟢 Baixo Risco,0,1,1
10121,2025,31164151,Planura,749,0.0,🟢 Baixo Risco,0,1,1
10122,2025,31164071,Pirajuba,464,0.0,🟢 Baixo Risco,0,1,1
10123,2025,31163198,Limeira do Oeste,72,0.0,🟢 Baixo Risco,0,1,1
10124,2025,31346268,Arinos,252,0.0,🟢 Baixo Risco,0,1,1
10125,2025,31346233,Buritizeiro,47,0.0,🟢 Baixo Risco,0,1,1
10126,2025,31346950,Três Corações,215,0.0,🟢 Baixo Risco,0,1,1
10127,2025,31346900,Belo Horizonte,734,0.0,🟢 Baixo Risco,0,1,1
10128,2025,31346888,Três Corações,662,0.0,🟢 Baixo Risco,0,1,1
10129,2025,31346853,Belo Horizonte,706,0.0,🟢 Baixo Risco,0,1,1
10130,2025,31024163,Gouveia,116,0.0,🟢 Baixo Risco,0,1,1
10131,2025,31024121,Gouveia,271,0.0,🟢 Baixo Risco,0,1,1
10132,2025,31024104,Gouveia,204,0.0,🟢 Baixo Risco,0,1,1
10133,2025,31024091,Jenipapo de Minas,232,0.0,🟢 Baixo Risco,0,1,1
10134,2025,31024082,Francisco Badaró,104,0.0,🟢 Baixo Risco,0,1,1
10135,2025,31024040,Francisco Badaró,64,0.0,🟢 Baixo Risco,0,1,1
10136,2025,31024031,Francisco Badaró,492,0.0,🟢 Baixo Risco,0,1,1
10137,2025,31023884,Diamantina,133,0.0,🟢 Baixo Risco,0,1,1
10138,2025,31023876,Diamantina,56,0.0,🟢 Baixo Risco,0,1,1
10139,2025,31023868,Diamantina,49,0.0,🟢 Baixo Risco,0,1,1
10140,2025,31023850,Diamantina,222,0.0,🟢 Baixo Risco,0,1,1
10141,2025,31023841,Diamantina,667,0.0,🟢 Baixo Risco,0,1,1
10142,2025,31023825,Diamantina,484,0.0,🟢 Baixo Risco,0,1,1
10143,2025,31023817,Diamantina,459,0.0,🟢 Baixo Risco,0,1,1
10144,2025,31023809,Diamantina,377,0.0,🟢 Baixo Risco,0,1,1
10145,2025,31023795,Diamantina,295,0.0,🟢 Baixo Risco,0,1,1
10146,2025,31023787,Diamantina,500,0.0,🟢 Baixo Risco,0,1,1
10147,2025,31023779,Diamantina,451,0.0,🟢 Baixo Risco,0,1,1
10148,2025,31023761,Diamantina,63,0.0,🟢 Baixo Risco,0,1,1
10149,2025,31160075,Uberaba,405,0.0,🟢 Baixo Risco,0,1,1
10150,2025,31160067,Uberaba,621,0.0,🟢 Baixo Risco,0,1,1
10151,2025,31160598,Araxá,239,0.0,🟢 Baixo Risco,0,1,1
10152,2025,31160547,Araxá,496,0.0,🟢 Baixo Risco,0,1,1
10153,2025,31160521,Araxá,492,0.0,🟢 Baixo Risco,0,1,1
10154,2025,31160512,Araxá,115,0.0,🟢 Baixo Risco,0,1,1
10155,2025,31160466,Araxá,79,0.0,🟢 Baixo Risco,0,1,1
10156,2025,31023736,Diamantina,579,0.0,🟢 Baixo Risco,0,1,1
10157,2025,31347418,Janaúba,585,0.0,🟢 Baixo Risco,0,1,1
10158,2025,31347400,Passos,611,0.0,🟢 Baixo Risco,0,1,1
10159,2025,31347221,São Gonçalo do Rio Abaixo,670,0.0,🟢 Baixo Risco,0,1,1
10160,2025,31347175,Nanuque,208,0.0,🟢 Baixo Risco,0,1,1
10161,2025,31023728,Diamantina,76,0.0,🟢 Baixo Risco,0,1,1
10162,2025,31023698,Datas,450,0.0,🟢 Baixo Risco,0,1,1
10163,2025,31023655,Couto de Magalhães de Minas,205,0.0,🟢 Baixo Risco,0,1,1
10164,2025,31023647,Couto de Magalhães de Minas,255,0.0,🟢 Baixo Risco,0,1,1
10165,2025,31023621,Congonhas do Norte,427,0.0,🟢 Baixo Risco,0,1,1
10166,2025,31023612,Conceição do Mato Dentro,20,0.0,🟢 Baixo Risco,0,1,1
10167,2025,31023604,Conceição do Mato Dentro,152,0.0,🟢 Baixo Risco,0,1,1
10168,2025,31023531,Conceição do Mato Dentro,20,0.0,🟢 Baixo Risco,0,1,1
10169,2025,31159786,Uberaba,379,0.0,🟢 Baixo Risco,0,1,1
10170,2025,31159778,Delta,825,0.0,🟢 Baixo Risco,0,1,1
10171,2025,31160261,Uberaba,521,0.0,🟢 Baixo Risco,0,1,1
10172,2025,31160245,Uberaba,275,0.0,🟢 Baixo Risco,0,1,1
10173,2025,31160237,Uberaba,344,0.0,🟢 Baixo Risco,0,1,1
10174,2025,31160199,Uberaba,1168,0.0,🟢 Baixo Risco,0,1,1
10175,2025,31160172,Uberaba,224,0.0,🟢 Baixo Risco,0,1,1
10176,2025,31160164,Uberaba,1006,0.0,🟢 Baixo Risco,0,1,1
10177,2025,31160156,Uberaba,318,0.0,🟢 Baixo Risco,0,1,1
10178,2025,31160148,Uberaba,1153,0.0,🟢 Baixo Risco,0,1,1
10179,2025,31160130,Uberaba,662,0.0,🟢 Baixo Risco,0,1,1
10180,2025,31160121,Uberaba,408,0.0,🟢 Baixo Risco,0,1,1
10181,2025,31160105,Uberaba,345,0.0,🟢 Baixo Risco,0,1,1
10182,2025,31160091,Uberaba,490,0.0,🟢 Baixo Risco,0,1,1
10183,2025,31160083,Uberaba,785,0.0,🟢 Baixo Risco,0,1,1
10184,2025,31023299,Capelinha,615,0.0,🟢 Baixo Risco,0,1,1
10185,2025,31023281,Capelinha,719,0.0,🟢 Baixo Risco,0,1,1
10186,2025,31348643,Brasilândia de Minas,15,0.0,🟢 Baixo Risco,0,1,1
10187,2025,31348570,Campina Verde,57,0.0,🟢 Baixo Risco,0,1,1
10188,2025,31348422,Baependi,133,0.0,🟢 Baixo Risco,0,1,1
10189,2025,31159506,Sacramento,769,0.0,🟢 Baixo Risco,0,1,1
10190,2025,31159484,Sacramento,411,0.0,🟢 Baixo Risco,0,1,1
10191,2025,31160024,Uberaba,302,0.0,🟢 Baixo Risco,0,1,1
10192,2025,31235121,São Gonçalo do Rio Abaixo,345,0.0,🟢 Baixo Risco,0,1,1
10193,2025,31235075,Governador Valadares,397,0.0,🟢 Baixo Risco,0,1,1
10194,2025,31234958,Três Corações,157,0.0,🟢 Baixo Risco,0,1,1
10195,2025,31219436,Prudente de Morais,390,0.0,🟢 Baixo Risco,0,1,1
10196,2025,31220965,Contagem,720,0.0,🟢 Baixo Risco,0,1,1
10197,2025,31220957,Contagem,718,0.0,🟢 Baixo Risco,0,1,1
10198,2025,31097918,Eugenópolis,63,0.0,🟢 Baixo Risco,0,1,1
10199,2025,31097900,Eugenópolis,182,0.0,🟢 Baixo Risco,0,1,1
10200,2025,31097811,Eugenópolis,617,0.0,🟢 Baixo Risco,0,1,1
10201,2025,31097799,Estrela Dalva,228,0.0,🟢 Baixo Risco,0,1,1
10202,2025,31160016,Uberaba,797,0.0,🟢 Baixo Risco,0,1,1
10203,2025,31160008,Uberaba,466,0.0,🟢 Baixo Risco,0,1,1
10204,2025,31159999,Uberaba,449,0.0,🟢 Baixo Risco,0,1,1
10205,2025,31159981,Uberaba,540,0.0,🟢 Baixo Risco,0,1,1
10206,2025,31159972,Uberaba,2675,0.0,🟢 Baixo Risco,0,1,1
10207,2025,31159956,Uberaba,535,0.0,🟢 Baixo Risco,0,1,1
10208,2025,31159921,Uberaba,5,0.0,🟢 Baixo Risco,0,1,1
10209,2025,31159891,Uberaba,329,0.0,🟢 Baixo Risco,0,1,1
10210,2025,31159867,Uberaba,669,0.0,🟢 Baixo Risco,0,1,1
10211,2025,31159841,Uberaba,265,0.0,🟢 Baixo Risco,0,1,1
10212,2025,31159832,Uberaba,905,0.0,🟢 Baixo Risco,0,1,1
10213,2025,31159794,Uberaba,413,0.0,🟢 Baixo Risco,0,1,1
10214,2025,31348988,Uberlândia,474,0.0,🟢 Baixo Risco,0,1,1
10215,2025,31023434,Chapada do Norte,277,0.0,🟢 Baixo Risco,0,1,1
10216,2025,31023426,Chapada do Norte,74,0.0,🟢 Baixo Risco,0,1,1
10217,2025,31023396,Chapada do Norte,92,0.0,🟢 Baixo Risco,0,1,1
10218,2025,31023388,Chapada do Norte,133,0.0,🟢 Baixo Risco,0,1,1
10219,2025,31023353,Carbonita,400,0.0,🟢 Baixo Risco,0,1,1
10220,2025,31023345,Angelândia,282,0.0,🟢 Baixo Risco,0,1,1
10221,2025,31023311,Capelinha,156,0.0,🟢 Baixo Risco,0,1,1
10222,2025,31023302,Capelinha,735,0.0,🟢 Baixo Risco,0,1,1
10223,2025,31349267,Rio Pardo de Minas,119,0.0,🟢 Baixo Risco,0,1,1
10224,2025,31023248,José Gonçalves de Minas,308,0.0,🟢 Baixo Risco,0,1,1
10225,2025,31023230,Berilo,68,0.0,🟢 Baixo Risco,0,1,1
10226,2025,31023183,Berilo,25,0.0,🟢 Baixo Risco,0,1,1
10227,2025,31023167,Berilo,409,0.0,🟢 Baixo Risco,0,1,1
10228,2025,31023132,Berilo,366,0.0,🟢 Baixo Risco,0,1,1
10229,2025,31023124,Berilo,47,0.0,🟢 Baixo Risco,0,1,1
10230,2025,31023094,José Gonçalves de Minas,68,0.0,🟢 Baixo Risco,0,1,1
10231,2025,31023035,Alvorada de Minas,99,0.0,🟢 Baixo Risco,0,1,1
10232,2025,31023001,Tarumirim,254,0.0,🟢 Baixo Risco,0,1,1
10233,2025,31022314,Ipanema,19,0.0,🟢 Baixo Risco,0,1,1
10234,2025,31022233,Ipanema,20,0.0,🟢 Baixo Risco,0,1,1
10235,2025,31022217,Ipanema,36,0.0,🟢 Baixo Risco,0,1,1
10236,2025,31022063,São Domingos das Dores,89,0.0,🟢 Baixo Risco,0,1,1
10237,2025,31022004,São Domingos das Dores,282,0.0,🟢 Baixo Risco,0,1,1
10238,2025,31349585,Betim,723,0.0,🟢 Baixo Risco,0,1,1
10239,2025,31349330,Teófilo Otoni,292,0.0,🟢 Baixo Risco,0,1,1
10240,2025,31349321,Uberaba,1435,0.0,🟢 Baixo Risco,0,1,1
10241,2025,31159255,Carneirinho,434,0.0,🟢 Baixo Risco,0,1,1
10242,2025,31159247,Iturama,167,0.0,🟢 Baixo Risco,0,1,1
10243,2025,31159751,Uberaba,863,0.0,🟢 Baixo Risco,0,1,1
10244,2025,31159735,Uberaba,1008,0.0,🟢 Baixo Risco,0,1,1
10245,2025,31159719,Uberaba,180,0.0,🟢 Baixo Risco,0,1,1
10246,2025,31159671,Uberaba,250,0.0,🟢 Baixo Risco,0,1,1
10247,2025,31159662,Uberaba,1109,0.0,🟢 Baixo Risco,0,1,1
10248,2025,31159646,São Francisco de Sales,195,0.0,🟢 Baixo Risco,0,1,1
10249,2025,31159611,Santa Juliana,1490,0.0,🟢 Baixo Risco,0,1,1
10250,2025,31159590,Sacramento,155,0.0,🟢 Baixo Risco,0,1,1
10251,2025,31159565,Sacramento,516,0.0,🟢 Baixo Risco,0,1,1
10252,2025,31349291,Arinos,48,0.0,🟢 Baixo Risco,0,1,1
10253,2025,31349275,Contagem,231,0.0,🟢 Baixo Risco,0,1,1
10254,2025,31350281,Divinésia,226,0.0,🟢 Baixo Risco,0,1,1
10255,2025,31350206,Itamogi,215,0.0,🟢 Baixo Risco,0,1,1
10256,2025,31350109,Contagem,804,0.0,🟢 Baixo Risco,0,1,1
10257,2025,31349976,Novo Cruzeiro,773,0.0,🟢 Baixo Risco,0,1,1
10258,2025,31222208,Ouro Branco,87,0.0,🟢 Baixo Risco,0,1,1
10259,2025,31222151,Malacacheta,105,0.0,🟢 Baixo Risco,0,1,1
10260,2025,31221686,Pirapora,256,0.0,🟢 Baixo Risco,0,1,1
10261,2025,31221546,Ouro Branco,377,0.0,🟢 Baixo Risco,0,1,1
10262,2025,31221449,Coronel Fabriciano,933,0.0,🟢 Baixo Risco,0,1,1
10263,2025,31234699,Uberaba,1151,0.0,🟢 Baixo Risco,0,1,1
10264,2025,31234630,Paraguaçu,332,0.0,🟢 Baixo Risco,0,1,1
10265,2025,31234591,Betim,592,0.0,🟢 Baixo Risco,0,1,1
10266,2025,31234559,Itanhandu,215,0.0,🟢 Baixo Risco,0,1,1
10267,2025,31234508,São Francisco,663,0.0,🟢 Baixo Risco,0,1,1
10268,2025,31234168,Juramento,159,0.0,🟢 Baixo Risco,0,1,1
10269,2025,31349704,Crisólita,220,0.0,🟢 Baixo Risco,0,1,1
10270,2025,31349674,São Geraldo da Piedade,144,0.0,🟢 Baixo Risco,0,1,1
10271,2025,31023019,Alvorada de Minas,428,0.0,🟢 Baixo Risco,0,1,1
10272,2025,31350478,Itambacuri,297,0.0,🟢 Baixo Risco,0,1,1
10273,2025,31021105,Tarumirim,94,0.0,🟢 Baixo Risco,0,1,1
10274,2025,31021091,Tarumirim,68,0.0,🟢 Baixo Risco,0,1,1
10275,2025,31021083,Tarumirim,61,0.0,🟢 Baixo Risco,0,1,1
10276,2025,31021016,Tarumirim,70,0.0,🟢 Baixo Risco,0,1,1
10277,2025,31158976,Frutal,100,0.0,🟢 Baixo Risco,0,1,1
10278,2025,31159425,Planura,349,0.0,🟢 Baixo Risco,0,1,1
10279,2025,31159417,Planura,1019,0.0,🟢 Baixo Risco,0,1,1
10280,2025,31159352,Perdizes,69,0.0,🟢 Baixo Risco,0,1,1
10281,2025,31159344,Perdizes,52,0.0,🟢 Baixo Risco,0,1,1
10282,2025,31159328,Pedrinópolis,302,0.0,🟢 Baixo Risco,0,1,1
10283,2025,31159310,União de Minas,340,0.0,🟢 Baixo Risco,0,1,1
10284,2025,31159301,Carneirinho,183,0.0,🟢 Baixo Risco,0,1,1
10285,2025,31159298,Limeira do Oeste,419,0.0,🟢 Baixo Risco,0,1,1
10286,2025,31159280,Limeira do Oeste,794,0.0,🟢 Baixo Risco,0,1,1
10287,2025,31159271,Carneirinho,87,0.0,🟢 Baixo Risco,0,1,1
10288,2025,31159263,Carneirinho,367,0.0,🟢 Baixo Risco,0,1,1
10289,2025,31021008,Tarumirim,184,0.0,🟢 Baixo Risco,0,1,1
10290,2025,31020991,Tarumirim,128,0.0,🟢 Baixo Risco,0,1,1
10291,2025,31020664,São Sebastião do Anta,318,0.0,🟢 Baixo Risco,0,1,1
10292,2025,31351083,Verdelândia,287,0.0,🟢 Baixo Risco,0,1,1
10293,2025,31351075,Brumadinho,515,0.0,🟢 Baixo Risco,0,1,1
10294,2025,31351067,Cristália,85,0.0,🟢 Baixo Risco,0,1,1
10295,2025,31351059,Ouro Preto,108,0.0,🟢 Baixo Risco,0,1,1
10296,2025,31351040,Santa Luzia,387,0.0,🟢 Baixo Risco,0,1,1
10297,2025,31351024,São Francisco de Sales,206,0.0,🟢 Baixo Risco,0,1,1
10298,2025,31350575,Lagoa Santa,320,0.0,🟢 Baixo Risco,0,1,1
10299,2025,31020982,Tarumirim,252,0.0,🟢 Baixo Risco,0,1,1
10300,2025,31020974,Tarumirim,201,0.0,🟢 Baixo Risco,0,1,1
10301,2025,31020907,Tarumirim,405,0.0,🟢 Baixo Risco,0,1,1
10302,2025,31020869,São João do Oriente,477,0.0,🟢 Baixo Risco,0,1,1
10303,2025,31020796,Pocrane,72,0.0,🟢 Baixo Risco,0,1,1
10304,2025,31020770,Pocrane,832,0.0,🟢 Baixo Risco,0,1,1
10305,2025,31020753,Taparuba,305,0.0,🟢 Baixo Risco,0,1,1
10306,2025,31158674,Conceição das Alagoas,1074,0.0,🟢 Baixo Risco,0,1,1
10307,2025,31159212,Iturama,1141,0.0,🟢 Baixo Risco,0,1,1
10308,2025,31159191,Iturama,361,0.0,🟢 Baixo Risco,0,1,1
10309,2025,31159182,Iturama,653,0.0,🟢 Baixo Risco,0,1,1
10310,2025,31159166,Iturama,825,0.0,🟢 Baixo Risco,0,1,1
10311,2025,31159158,Itapagipe,701,0.0,🟢 Baixo Risco,0,1,1
10312,2025,31159140,Itapagipe,58,0.0,🟢 Baixo Risco,0,1,1
10313,2025,31159131,Itapagipe,419,0.0,🟢 Baixo Risco,0,1,1
10314,2025,31159069,Ibiá,549,0.0,🟢 Baixo Risco,0,1,1
10315,2025,31159026,Ibiá,802,0.0,🟢 Baixo Risco,0,1,1
10316,2025,31020729,Ipanema,682,0.0,🟢 Baixo Risco,0,1,1
10317,2025,31020699,Inhapim,82,0.0,🟢 Baixo Risco,0,1,1
10318,2025,31351687,Novo Cruzeiro,19,0.0,🟢 Baixo Risco,0,1,1
10319,2025,31351431,Chapada do Norte,207,0.0,🟢 Baixo Risco,0,1,1
10320,2025,31158321,Araxá,468,0.0,🟢 Baixo Risco,0,1,1
10321,2025,31158313,Araxá,905,0.0,🟢 Baixo Risco,0,1,1
10322,2025,31158941,Frutal,876,0.0,🟢 Baixo Risco,0,1,1
10323,2025,31158909,Frutal,1669,0.0,🟢 Baixo Risco,0,1,1
10324,2025,31158879,Frutal,991,0.0,🟢 Baixo Risco,0,1,1
10325,2025,31158861,Frutal,543,0.0,🟢 Baixo Risco,0,1,1
10326,2025,31158852,Frutal,374,0.0,🟢 Baixo Risco,0,1,1
10327,2025,31158844,Frutal,577,0.0,🟢 Baixo Risco,0,1,1
10328,2025,31158836,Frutal,721,0.0,🟢 Baixo Risco,0,1,1
10329,2025,31158801,Fronteira,839,0.0,🟢 Baixo Risco,0,1,1
10330,2025,31158771,Conquista,35,0.0,🟢 Baixo Risco,0,1,1
10331,2025,31020656,São Domingos das Dores,555,0.0,🟢 Baixo Risco,0,1,1
10332,2025,31020613,Inhapim,75,0.0,🟢 Baixo Risco,0,1,1
10333,2025,31020591,Inhapim,54,0.0,🟢 Baixo Risco,0,1,1
10334,2025,31020567,Inhapim,466,0.0,🟢 Baixo Risco,0,1,1
10335,2025,31020494,Inhapim,87,0.0,🟢 Baixo Risco,0,1,1
10336,2025,31020486,Inhapim,64,0.0,🟢 Baixo Risco,0,1,1
10337,2025,31020460,Inhapim,97,0.0,🟢 Baixo Risco,0,1,1
10338,2025,31020419,Inhapim,567,0.0,🟢 Baixo Risco,0,1,1
10339,2025,31020401,Iapu,73,0.0,🟢 Baixo Risco,0,1,1
10340,2025,31020397,Bugre,219,0.0,🟢 Baixo Risco,0,1,1
10341,2025,31158623,Conceição das Alagoas,802,0.0,🟢 Baixo Risco,0,1,1
10342,2025,31158569,Campos Altos,469,0.0,🟢 Baixo Risco,0,1,1
10343,2025,31158551,Campos Altos,348,0.0,🟢 Baixo Risco,0,1,1
10344,2025,31158534,Campos Altos,354,0.0,🟢 Baixo Risco,0,1,1
10345,2025,31158437,Campina Verde,147,0.0,🟢 Baixo Risco,0,1,1
10346,2025,31158429,Campina Verde,359,0.0,🟢 Baixo Risco,0,1,1
10347,2025,31158411,Campina Verde,244,0.0,🟢 Baixo Risco,0,1,1
10348,2025,31158399,Campina Verde,302,0.0,🟢 Baixo Risco,0,1,1
10349,2025,31158356,Campina Verde,253,0.0,🟢 Baixo Risco,0,1,1
10350,2025,31158330,Araxá,289,0.0,🟢 Baixo Risco,0,1,1
10351,2025,31020079,Ubaporanga,903,0.0,🟢 Baixo Risco,0,1,1
10352,2025,31020052,Ubaporanga,196,0.0,🟢 Baixo Risco,0,1,1
10353,2025,31020028,Caratinga,121,0.0,🟢 Baixo Risco,0,1,1
10354,2025,31352411,Dom Joaquim,203,0.0,🟢 Baixo Risco,0,1,1
10355,2025,31158275,Araxá,563,0.0,🟢 Baixo Risco,0,1,1
10356,2025,31158267,Araxá,472,0.0,🟢 Baixo Risco,0,1,1
10357,2025,31158241,Araxá,114,0.0,🟢 Baixo Risco,0,1,1
10358,2025,31158224,Araxá,912,0.0,🟢 Baixo Risco,0,1,1
10359,2025,31158216,Araxá,737,0.0,🟢 Baixo Risco,0,1,1
10360,2025,31158194,Araxá,2402,0.0,🟢 Baixo Risco,0,1,1
10361,2025,31158186,Araxá,433,0.0,🟢 Baixo Risco,0,1,1
10362,2025,31158178,Araxá,990,0.0,🟢 Baixo Risco,0,1,1
10363,2025,31157589,Virgem da Lapa,25,0.0,🟢 Baixo Risco,0,1,1
10364,2025,31352608,Serrania,143,0.0,🟢 Baixo Risco,0,1,1
10365,2025,31020362,Bugre,55,0.0,🟢 Baixo Risco,0,1,1
10366,2025,31020354,Iapu,696,0.0,🟢 Baixo Risco,0,1,1
10367,2025,31020303,Dom Cavati,426,0.0,🟢 Baixo Risco,0,1,1
10368,2025,31020265,Córrego Novo,267,0.0,🟢 Baixo Risco,0,1,1
10369,2025,31020214,Vargem Alegre,510,0.0,🟢 Baixo Risco,0,1,1
10370,2025,31020176,Caratinga,114,0.0,🟢 Baixo Risco,0,1,1
10371,2025,31020117,Ubaporanga,134,0.0,🟢 Baixo Risco,0,1,1
10372,2025,31020109,Ubaporanga,272,0.0,🟢 Baixo Risco,0,1,1
10373,2025,31019674,Ipaba,670,0.0,🟢 Baixo Risco,0,1,1
10374,2025,31353264,Entre Rios de Minas,287,0.0,🟢 Baixo Risco,0,1,1
10375,2025,31353221,Vazante,191,0.0,🟢 Baixo Risco,0,1,1
10376,2025,31353205,Paracatu,264,0.0,🟢 Baixo Risco,0,1,1
10377,2025,31353027,Uberlândia,530,0.0,🟢 Baixo Risco,0,1,1
10378,2025,31352942,Lagoa Santa,221,0.0,🟢 Baixo Risco,0,1,1
10379,2025,31112909,Unaí,383,0.0,🟢 Baixo Risco,0,1,1
10380,2025,31109801,Arinos,52,0.0,🟢 Baixo Risco,0,1,1
10381,2025,31233226,Alfredo Vasconcelos,30,0.0,🟢 Baixo Risco,0,1,1
10382,2025,31233200,Canaã,301,0.0,🟢 Baixo Risco,0,1,1
10383,2025,31233765,Uberlândia,1025,0.0,🟢 Baixo Risco,0,1,1
10384,2025,31233757,Uberlândia,505,0.0,🟢 Baixo Risco,0,1,1
10385,2025,31233749,Uberlândia,610,0.0,🟢 Baixo Risco,0,1,1
10386,2025,31233706,Araporã,612,0.0,🟢 Baixo Risco,0,1,1
10387,2025,31089621,Monte Azul,83,0.0,🟢 Baixo Risco,0,1,1
10388,2025,31089419,Mirabela,71,0.0,🟢 Baixo Risco,0,1,1
10389,2025,31088994,Mato Verde,80,0.0,🟢 Baixo Risco,0,1,1
10390,2025,31088935,Lassance,69,0.0,🟢 Baixo Risco,0,1,1
10391,2025,31088889,Lassance,167,0.0,🟢 Baixo Risco,0,1,1
10392,2025,31097632,Divino,312,0.0,🟢 Baixo Risco,0,1,1
10393,2025,31097578,Divino,617,0.0,🟢 Baixo Risco,0,1,1
10394,2025,31109762,Arinos,46,0.0,🟢 Baixo Risco,0,1,1
10395,2025,31109690,Arinos,72,0.0,🟢 Baixo Risco,0,1,1
10396,2025,31109207,Vazante,99,0.0,🟢 Baixo Risco,0,1,1
10397,2025,31109177,Vazante,344,0.0,🟢 Baixo Risco,0,1,1
10398,2025,31109169,Vazante,573,0.0,🟢 Baixo Risco,0,1,1
10399,2025,31109151,Vazante,389,0.0,🟢 Baixo Risco,0,1,1
10400,2025,31353469,Sete Lagoas,919,0.0,🟢 Baixo Risco,0,1,1
10401,2025,31353450,Caratinga,239,0.0,🟢 Baixo Risco,0,1,1
10402,2025,31020010,Caratinga,190,0.0,🟢 Baixo Risco,0,1,1
10403,2025,31020001,Caratinga,148,0.0,🟢 Baixo Risco,0,1,1
10404,2025,31019941,Caratinga,168,0.0,🟢 Baixo Risco,0,1,1
10405,2025,31019909,Ipaba,273,0.0,🟢 Baixo Risco,0,1,1
10406,2025,31019798,Santa Rita de Minas,510,0.0,🟢 Baixo Risco,0,1,1
10407,2025,31019763,Caratinga,152,0.0,🟢 Baixo Risco,0,1,1
10408,2025,31019747,Santa Bárbara do Leste,607,0.0,🟢 Baixo Risco,0,1,1
10409,2025,31019321,Caratinga,598,0.0,🟢 Baixo Risco,0,1,1
10410,2025,31019291,Caratinga,66,0.0,🟢 Baixo Risco,0,1,1
10411,2025,31353868,Esmeraldas,728,0.0,🟢 Baixo Risco,0,1,1
10412,2025,31353841,Montes Claros,59,0.0,🟢 Baixo Risco,0,1,1
10413,2025,31353833,Montes Claros,57,0.0,🟢 Baixo Risco,0,1,1
10414,2025,31353825,Pedra Bonita,117,0.0,🟢 Baixo Risco,0,1,1
10415,2025,31353787,Betim,370,0.0,🟢 Baixo Risco,0,1,1
10416,2025,31353752,Belo Horizonte,815,0.0,🟢 Baixo Risco,0,1,1
10417,2025,31353558,Rio do Prado,64,0.0,🟢 Baixo Risco,0,1,1
10418,2025,31353507,Ibirité,220,0.0,🟢 Baixo Risco,0,1,1
10419,2025,31114855,Alpinópolis,551,0.0,🟢 Baixo Risco,0,1,1
10420,2025,31111660,João Pinheiro,486,0.0,🟢 Baixo Risco,0,1,1
10421,2025,31111406,Guarda-Mor,153,0.0,🟢 Baixo Risco,0,1,1
10422,2025,31114111,Uruana de Minas,77,0.0,🟢 Baixo Risco,0,1,1
10423,2025,31113964,Unaí,150,0.0,🟢 Baixo Risco,0,1,1
10424,2025,31113689,Unaí,272,0.0,🟢 Baixo Risco,0,1,1
10425,2025,31113557,Unaí,90,0.0,🟢 Baixo Risco,0,1,1
10426,2025,31113441,Unaí,534,0.0,🟢 Baixo Risco,0,1,1
10427,2025,31353485,Patos de Minas,711,0.0,🟢 Baixo Risco,0,1,1
10428,2025,31354252,Betim,456,0.0,🟢 Baixo Risco,0,1,1
10429,2025,31354244,Betim,528,0.0,🟢 Baixo Risco,0,1,1
10430,2025,31353949,Brasilândia de Minas,645,0.0,🟢 Baixo Risco,0,1,1
10431,2025,31019658,Ipaba,595,0.0,🟢 Baixo Risco,0,1,1
10432,2025,31019615,Imbé de Minas,542,0.0,🟢 Baixo Risco,0,1,1
10433,2025,31019534,Entre Folhas,514,0.0,🟢 Baixo Risco,0,1,1
10434,2025,31019526,Caratinga,33,0.0,🟢 Baixo Risco,0,1,1
10435,2025,31019453,Caratinga,51,0.0,🟢 Baixo Risco,0,1,1
10436,2025,31019381,Caratinga,453,0.0,🟢 Baixo Risco,0,1,1
10437,2025,31115177,Doresópolis,52,0.0,🟢 Baixo Risco,0,1,1
10438,2025,31114961,Capitólio,489,0.0,🟢 Baixo Risco,0,1,1
10439,2025,31114910,São José da Barra,439,0.0,🟢 Baixo Risco,0,1,1
10440,2025,31114901,São José da Barra,257,0.0,🟢 Baixo Risco,0,1,1
10441,2025,31114898,Alpinópolis,173,0.0,🟢 Baixo Risco,0,1,1
10442,2025,31114863,Alpinópolis,722,0.0,🟢 Baixo Risco,0,1,1
10443,2025,31019372,Caratinga,576,0.0,🟢 Baixo Risco,0,1,1
10444,2025,31019364,Caratinga,296,0.0,🟢 Baixo Risco,0,1,1
10445,2025,31019101,Bom Jesus do Galho,397,0.0,🟢 Baixo Risco,0,1,1
10446,2025,31019089,Bom Jesus do Galho,367,0.0,🟢 Baixo Risco,0,1,1
10447,2025,31019046,Alvarenga,484,0.0,🟢 Baixo Risco,0,1,1
10448,2025,31354902,Nova Serrana,113,0.0,🟢 Baixo Risco,0,1,1
10449,2025,31354740,Lagoa Santa,729,0.0,🟢 Baixo Risco,0,1,1
10450,2025,31354724,Governador Valadares,278,0.0,🟢 Baixo Risco,0,1,1
10451,2025,31354716,Governador Valadares,186,0.0,🟢 Baixo Risco,0,1,1
10452,2025,31354481,Itabira,361,0.0,🟢 Baixo Risco,0,1,1
10453,2025,31354465,Betim,754,0.0,🟢 Baixo Risco,0,1,1
10454,2025,31354406,Betim,647,0.0,🟢 Baixo Risco,0,1,1
10455,2025,31019283,Caratinga,129,0.0,🟢 Baixo Risco,0,1,1
10456,2025,31019275,Caratinga,359,0.0,🟢 Baixo Risco,0,1,1
10457,2025,31019267,Piedade de Caratinga,882,0.0,🟢 Baixo Risco,0,1,1
10458,2025,31019216,Caratinga,368,0.0,🟢 Baixo Risco,0,1,1
10459,2025,31019178,Caratinga,1907,0.0,🟢 Baixo Risco,0,1,1
10460,2025,31019151,Caratinga,93,0.0,🟢 Baixo Risco,0,1,1
10461,2025,31115461,Passos,741,0.0,🟢 Baixo Risco,0,1,1
10462,2025,31115436,Passos,1013,0.0,🟢 Baixo Risco,0,1,1
10463,2025,31114588,Vazante,69,0.0,🟢 Baixo Risco,0,1,1
10464,2025,31114197,Uruana de Minas,369,0.0,🟢 Baixo Risco,0,1,1
10465,2025,31155667,Padre Paraíso,149,0.0,🟢 Baixo Risco,0,1,1
10466,2025,31115282,Formiga,885,0.0,🟢 Baixo Risco,0,1,1
10467,2025,31115266,Formiga,562,0.0,🟢 Baixo Risco,0,1,1
10468,2025,31115258,Formiga,444,0.0,🟢 Baixo Risco,0,1,1
10469,2025,31115240,Formiga,889,0.0,🟢 Baixo Risco,0,1,1
10470,2025,31115223,Formiga,117,0.0,🟢 Baixo Risco,0,1,1
10471,2025,31115207,Formiga,802,0.0,🟢 Baixo Risco,0,1,1
10472,2025,31019143,Bom Jesus do Galho,121,0.0,🟢 Baixo Risco,0,1,1
10473,2025,31019135,Bom Jesus do Galho,22,0.0,🟢 Baixo Risco,0,1,1
10474,2025,31017213,Barroso,383,0.0,🟢 Baixo Risco,0,1,1
10475,2025,31017191,Barroso,193,0.0,🟢 Baixo Risco,0,1,1
10476,2025,31017108,Barbacena,90,0.0,🟢 Baixo Risco,0,1,1
10477,2025,31016250,Senhora dos Remédios,207,0.0,🟢 Baixo Risco,0,1,1
10478,2025,31115754,São João Batista do Glória,465,0.0,🟢 Baixo Risco,0,1,1
10479,2025,31115738,São João Batista do Glória,175,0.0,🟢 Baixo Risco,0,1,1
10480,2025,31115126,Delfinópolis,638,0.0,🟢 Baixo Risco,0,1,1
10481,2025,31115088,Carmo do Rio Claro,892,0.0,🟢 Baixo Risco,0,1,1
10482,2025,31115061,Carmo do Rio Claro,359,0.0,🟢 Baixo Risco,0,1,1
10483,2025,31115533,Passos,231,0.0,🟢 Baixo Risco,0,1,1
10484,2025,31115517,Passos,2064,0.0,🟢 Baixo Risco,0,1,1
10485,2025,31115509,Passos,380,0.0,🟢 Baixo Risco,0,1,1
10486,2025,31115495,Passos,747,0.0,🟢 Baixo Risco,0,1,1
10487,2025,31115487,Passos,91,0.0,🟢 Baixo Risco,0,1,1
10488,2025,31115479,Passos,713,0.0,🟢 Baixo Risco,0,1,1
10489,2025,31016098,Santa Rita de Ibitipoca,265,0.0,🟢 Baixo Risco,0,1,1
10490,2025,31016063,Santana do Garambéu,69,0.0,🟢 Baixo Risco,0,1,1
10491,2025,31016039,Santa Bárbara do Tugúrio,129,0.0,🟢 Baixo Risco,0,1,1
10492,2025,31016012,Alfredo Vasconcelos,601,0.0,🟢 Baixo Risco,0,1,1
10493,2025,31016004,Alfredo Vasconcelos,51,0.0,🟢 Baixo Risco,0,1,1
10494,2025,31015989,Ressaquinha,149,0.0,🟢 Baixo Risco,0,1,1
10495,2025,31015971,Ressaquinha,96,0.0,🟢 Baixo Risco,0,1,1
10496,2025,31015938,Ressaquinha,399,0.0,🟢 Baixo Risco,0,1,1
10497,2025,31115428,Passos,583,0.0,🟢 Baixo Risco,0,1,1
10498,2025,31115401,Passos,325,0.0,🟢 Baixo Risco,0,1,1
10499,2025,31115398,Passos,578,0.0,🟢 Baixo Risco,0,1,1
10500,2025,31115363,Fortaleza de Minas,291,0.0,🟢 Baixo Risco,0,1,1
10501,2025,31115347,Córrego Fundo,303,0.0,🟢 Baixo Risco,0,1,1
10502,2025,31015652,Desterro do Melo,71,0.0,🟢 Baixo Risco,0,1,1
10503,2025,31015644,Cipotânea,636,0.0,🟢 Baixo Risco,0,1,1
10504,2025,31015571,Carandaí,313,0.0,🟢 Baixo Risco,0,1,1
10505,2025,31356565,Machado,208,0.0,🟢 Baixo Risco,0,1,1
10506,2025,31097446,Cataguases,68,0.0,🟢 Baixo Risco,0,1,1
10507,2025,31097411,Cataguases,336,0.0,🟢 Baixo Risco,0,1,1
10508,2025,31097403,Cataguases,908,0.0,🟢 Baixo Risco,0,1,1
10509,2025,31097381,Cataguases,653,0.0,🟢 Baixo Risco,0,1,1
10510,2025,31097373,Cataguases,641,0.0,🟢 Baixo Risco,0,1,1
10511,2025,31097331,Cataguases,770,0.0,🟢 Baixo Risco,0,1,1
10512,2025,31222844,Esmeraldas,341,0.0,🟢 Baixo Risco,0,1,1
10513,2025,31090701,Montes Claros,104,0.0,🟢 Baixo Risco,0,1,1
10514,2025,31233447,Barroso,75,0.0,🟢 Baixo Risco,0,1,1
10515,2025,31233412,Pouso Alegre,817,0.0,🟢 Baixo Risco,0,1,1
10516,2025,31233404,Pouso Alegre,579,0.0,🟢 Baixo Risco,0,1,1
10517,2025,31233391,Pará de Minas,200,0.0,🟢 Baixo Risco,0,1,1
10518,2025,31233374,Janaúba,1463,0.0,🟢 Baixo Risco,0,1,1
10519,2025,31233315,Sete Lagoas,388,0.0,🟢 Baixo Risco,0,1,1
10520,2025,31233307,Sete Lagoas,700,0.0,🟢 Baixo Risco,0,1,1
10521,2025,31355780,São Pedro da União,203,0.0,🟢 Baixo Risco,0,1,1
10522,2025,31016209,São Vicente de Minas,536,0.0,🟢 Baixo Risco,0,1,1
10523,2025,31356735,São João da Ponte,54,0.0,🟢 Baixo Risco,0,1,1
10524,2025,31356727,Santa Luzia,1420,0.0,🟢 Baixo Risco,0,1,1
10525,2025,31356719,Varginha,730,0.0,🟢 Baixo Risco,0,1,1
10526,2025,31356689,Conceição do Mato Dentro,92,0.0,🟢 Baixo Risco,0,1,1
10527,2025,31015873,Paiva,33,0.0,🟢 Baixo Risco,0,1,1
10528,2025,31015857,Minduri,324,0.0,🟢 Baixo Risco,0,1,1
10529,2025,31015849,Minduri,223,0.0,🟢 Baixo Risco,0,1,1
10530,2025,31015822,Mercês,699,0.0,🟢 Baixo Risco,0,1,1
10531,2025,31015776,Mercês,193,0.0,🟢 Baixo Risco,0,1,1
10532,2025,31015725,Madre de Deus de Minas,453,0.0,🟢 Baixo Risco,0,1,1
10533,2025,31015717,Madre de Deus de Minas,290,0.0,🟢 Baixo Risco,0,1,1
10534,2025,31115843,Vargem Bonita,219,0.0,🟢 Baixo Risco,0,1,1
10535,2025,31115720,Piumhi,288,0.0,🟢 Baixo Risco,0,1,1
10536,2025,31115711,Piumhi,461,0.0,🟢 Baixo Risco,0,1,1
10537,2025,31115703,Piumhi,885,0.0,🟢 Baixo Risco,0,1,1
10538,2025,31115690,Piumhi,846,0.0,🟢 Baixo Risco,0,1,1
10539,2025,31115606,Pimenta,617,0.0,🟢 Baixo Risco,0,1,1
10540,2025,31115576,Passos,1092,0.0,🟢 Baixo Risco,0,1,1
10541,2025,31115568,Passos,1099,0.0,🟢 Baixo Risco,0,1,1
10542,2025,31115550,Passos,360,0.0,🟢 Baixo Risco,0,1,1
10543,2025,31115541,Passos,148,0.0,🟢 Baixo Risco,0,1,1
10544,2025,31015679,Ibertioga,488,0.0,🟢 Baixo Risco,0,1,1
10545,2025,31015521,Carandaí,565,0.0,🟢 Baixo Risco,0,1,1
10546,2025,31015491,Carandaí,456,0.0,🟢 Baixo Risco,0,1,1
10547,2025,31015474,Carandaí,760,0.0,🟢 Baixo Risco,0,1,1
10548,2025,31015415,Caranaíba,239,0.0,🟢 Baixo Risco,0,1,1
10549,2025,31015377,Capela Nova,332,0.0,🟢 Baixo Risco,0,1,1
10550,2025,31357049,São Gonçalo do Rio Abaixo,283,0.0,🟢 Baixo Risco,0,1,1
10551,2025,31356808,Mariana,502,0.0,🟢 Baixo Risco,0,1,1
10552,2025,31117447,Passos,129,0.0,🟢 Baixo Risco,0,1,1
10553,2025,31152943,Itinga,488,0.0,🟢 Baixo Risco,0,1,1
10554,2025,31118737,Matutina,243,0.0,🟢 Baixo Risco,0,1,1
10555,2025,31115789,São Roque de Minas,400,0.0,🟢 Baixo Risco,0,1,1
10556,2025,31115762,São João Batista do Glória,662,0.0,🟢 Baixo Risco,0,1,1
10557,2025,31152463,Itambacuri,199,0.0,🟢 Baixo Risco,0,1,1
10558,2025,31118494,Carmo do Paranaíba,769,0.0,🟢 Baixo Risco,0,1,1
10559,2025,31118443,Carmo do Paranaíba,768,0.0,🟢 Baixo Risco,0,1,1
10560,2025,31118419,Arapuá,228,0.0,🟢 Baixo Risco,0,1,1
10561,2025,31117595,Pimenta,301,0.0,🟢 Baixo Risco,0,1,1
10562,2025,31117561,Passos,112,0.0,🟢 Baixo Risco,0,1,1
10563,2025,31151599,Frei Gaspar,329,0.0,🟢 Baixo Risco,0,1,1
10564,2025,31356794,Patrocínio,325,0.0,🟢 Baixo Risco,0,1,1
10565,2025,31357146,Guaxupé,249,0.0,🟢 Baixo Risco,0,1,1
10566,2025,31015342,Bias Fortes,267,0.0,🟢 Baixo Risco,0,1,1
10567,2025,31015334,Barroso,429,0.0,🟢 Baixo Risco,0,1,1
10568,2025,31015318,Barroso,808,0.0,🟢 Baixo Risco,0,1,1
10569,2025,31015300,Barroso,206,0.0,🟢 Baixo Risco,0,1,1
10570,2025,31015296,Barroso,340,0.0,🟢 Baixo Risco,0,1,1
10571,2025,31015245,Barbacena,860,0.0,🟢 Baixo Risco,0,1,1
10572,2025,31015237,Barbacena,305,0.0,🟢 Baixo Risco,0,1,1
10573,2025,31015229,Barbacena,873,0.0,🟢 Baixo Risco,0,1,1
10574,2025,31118842,Patos de Minas,909,0.0,🟢 Baixo Risco,0,1,1
10575,2025,31118834,Patos de Minas,125,0.0,🟢 Baixo Risco,0,1,1
10576,2025,31118672,Lagoa Formosa,75,0.0,🟢 Baixo Risco,0,1,1
10577,2025,31118656,Lagoa Formosa,790,0.0,🟢 Baixo Risco,0,1,1
10578,2025,31118648,Lagamar,183,0.0,🟢 Baixo Risco,0,1,1
10579,2025,31118605,Lagamar,50,0.0,🟢 Baixo Risco,0,1,1
10580,2025,31118583,Lagamar,335,0.0,🟢 Baixo Risco,0,1,1
10581,2025,31118575,Lagamar,124,0.0,🟢 Baixo Risco,0,1,1
10582,2025,31118559,Carmo do Paranaíba,213,0.0,🟢 Baixo Risco,0,1,1
10583,2025,31118541,Carmo do Paranaíba,80,0.0,🟢 Baixo Risco,0,1,1
10584,2025,31118532,Carmo do Paranaíba,210,0.0,🟢 Baixo Risco,0,1,1
10585,2025,31015211,Barbacena,391,0.0,🟢 Baixo Risco,0,1,1
10586,2025,31015199,Barbacena,205,0.0,🟢 Baixo Risco,0,1,1
10587,2025,31014974,Antônio Carlos,263,0.0,🟢 Baixo Risco,0,1,1
10588,2025,31014923,Antônio Carlos,178,0.0,🟢 Baixo Risco,0,1,1
10589,2025,31148431,Teófilo Otoni,434,0.0,🟢 Baixo Risco,0,1,1
10590,2025,31148415,Teófilo Otoni,88,0.0,🟢 Baixo Risco,0,1,1
10591,2025,31149501,Araçuaí,148,0.0,🟢 Baixo Risco,0,1,1
10592,2025,31149403,Araçuaí,72,0.0,🟢 Baixo Risco,0,1,1
10593,2025,31118982,Patos de Minas,1217,0.0,🟢 Baixo Risco,0,1,1
10594,2025,31118966,Patos de Minas,615,0.0,🟢 Baixo Risco,0,1,1
10595,2025,31118958,Patos de Minas,2677,0.0,🟢 Baixo Risco,0,1,1
10596,2025,31118923,Patos de Minas,1024,0.0,🟢 Baixo Risco,0,1,1
10597,2025,31118851,Patos de Minas,645,0.0,🟢 Baixo Risco,0,1,1
10598,2025,31015121,Barbacena,851,0.0,🟢 Baixo Risco,0,1,1
10599,2025,31015113,Barbacena,343,0.0,🟢 Baixo Risco,0,1,1
10600,2025,31015105,Barbacena,398,0.0,🟢 Baixo Risco,0,1,1
10601,2025,31015091,Barbacena,223,0.0,🟢 Baixo Risco,0,1,1
10602,2025,31015067,Barbacena,398,0.0,🟢 Baixo Risco,0,1,1
10603,2025,31015059,Barbacena,417,0.0,🟢 Baixo Risco,0,1,1
10604,2025,31015041,Barbacena,438,0.0,🟢 Baixo Risco,0,1,1
10605,2025,31015032,Barbacena,2149,0.0,🟢 Baixo Risco,0,1,1
10606,2025,31148130,Teófilo Otoni,327,0.0,🟢 Baixo Risco,0,1,1
10607,2025,31148121,Teófilo Otoni,133,0.0,🟢 Baixo Risco,0,1,1
10608,2025,31118818,Patos de Minas,714,0.0,🟢 Baixo Risco,0,1,1
10609,2025,31118800,Patos de Minas,1058,0.0,🟢 Baixo Risco,0,1,1
10610,2025,31118796,Patos de Minas,586,0.0,🟢 Baixo Risco,0,1,1
10611,2025,31118788,Patos de Minas,469,0.0,🟢 Baixo Risco,0,1,1
10612,2025,31118770,Patos de Minas,678,0.0,🟢 Baixo Risco,0,1,1
10613,2025,31118761,Patos de Minas,1290,0.0,🟢 Baixo Risco,0,1,1
10614,2025,31148521,Virgem da Lapa,310,0.0,🟢 Baixo Risco,0,1,1
10615,2025,31148504,Virgem da Lapa,85,0.0,🟢 Baixo Risco,0,1,1
10616,2025,31148491,Virgem da Lapa,168,0.0,🟢 Baixo Risco,0,1,1
10617,2025,31148458,Umburatiba,216,0.0,🟢 Baixo Risco,0,1,1
10618,2025,31148440,Teófilo Otoni,131,0.0,🟢 Baixo Risco,0,1,1
10619,2025,31015024,Barbacena,1154,0.0,🟢 Baixo Risco,0,1,1
10620,2025,31014991,Aracitaba,128,0.0,🟢 Baixo Risco,0,1,1
10621,2025,31014273,Contagem,545,0.0,🟢 Baixo Risco,0,1,1
10622,2025,31014176,Contagem,162,0.0,🟢 Baixo Risco,0,1,1
10623,2025,31358290,Betim,233,0.0,🟢 Baixo Risco,0,1,1
10624,2025,31358096,Nova Serrana,285,0.0,🟢 Baixo Risco,0,1,1
10625,2025,31358088,Mato Verde,399,0.0,🟢 Baixo Risco,0,1,1
10626,2025,31358614,Belo Horizonte,849,0.0,🟢 Baixo Risco,0,1,1
10627,2025,31358550,Barroso,207,0.0,🟢 Baixo Risco,0,1,1
10628,2025,31358479,Uberlândia,330,0.0,🟢 Baixo Risco,0,1,1
10629,2025,31014877,Antônio Carlos,173,0.0,🟢 Baixo Risco,0,1,1
10630,2025,31014842,Andrelândia,341,0.0,🟢 Baixo Risco,0,1,1
10631,2025,31014699,Alto Rio Doce,91,0.0,🟢 Baixo Risco,0,1,1
10632,2025,31014681,Alto Rio Doce,651,0.0,🟢 Baixo Risco,0,1,1
10633,2025,31014672,Alto Rio Doce,346,0.0,🟢 Baixo Risco,0,1,1
10634,2025,31148407,Teófilo Otoni,282,0.0,🟢 Baixo Risco,0,1,1
10635,2025,31148393,Novo Oriente de Minas,107,0.0,🟢 Baixo Risco,0,1,1
10636,2025,31148385,Novo Oriente de Minas,731,0.0,🟢 Baixo Risco,0,1,1
10637,2025,31148369,Teófilo Otoni,530,0.0,🟢 Baixo Risco,0,1,1
10638,2025,31148351,Teófilo Otoni,142,0.0,🟢 Baixo Risco,0,1,1
10639,2025,31148342,Teófilo Otoni,411,0.0,🟢 Baixo Risco,0,1,1
10640,2025,31148318,Teófilo Otoni,406,0.0,🟢 Baixo Risco,0,1,1
10641,2025,31148300,Teófilo Otoni,285,0.0,🟢 Baixo Risco,0,1,1
10642,2025,31148288,Teófilo Otoni,724,0.0,🟢 Baixo Risco,0,1,1
10643,2025,31148261,Teófilo Otoni,147,0.0,🟢 Baixo Risco,0,1,1
10644,2025,31148229,Teófilo Otoni,342,0.0,🟢 Baixo Risco,0,1,1
10645,2025,31148199,Teófilo Otoni,341,0.0,🟢 Baixo Risco,0,1,1
10646,2025,31148164,Teófilo Otoni,183,0.0,🟢 Baixo Risco,0,1,1
10647,2025,31148156,Teófilo Otoni,129,0.0,🟢 Baixo Risco,0,1,1
10648,2025,31014362,Ibirité,2952,0.0,🟢 Baixo Risco,0,1,1
10649,2025,31358975,Coronel Fabriciano,378,0.0,🟢 Baixo Risco,0,1,1
10650,2025,31014001,Contagem,315,0.0,🟢 Baixo Risco,0,1,1
10651,2025,31013838,Vespasiano,418,0.0,🟢 Baixo Risco,0,1,1
10652,2025,31013803,Vespasiano,698,0.0,🟢 Baixo Risco,0,1,1
10653,2025,31147672,Ouro Verde de Minas,502,0.0,🟢 Baixo Risco,0,1,1
10654,2025,31147664,Novo Cruzeiro,271,0.0,🟢 Baixo Risco,0,1,1
10655,2025,31148113,Teófilo Otoni,726,0.0,🟢 Baixo Risco,0,1,1
10656,2025,31148091,Teófilo Otoni,232,0.0,🟢 Baixo Risco,0,1,1
10657,2025,31148075,Teófilo Otoni,736,0.0,🟢 Baixo Risco,0,1,1
10658,2025,31148059,Teófilo Otoni,538,0.0,🟢 Baixo Risco,0,1,1
10659,2025,31148041,Teófilo Otoni,400,0.0,🟢 Baixo Risco,0,1,1
10660,2025,31148032,Teófilo Otoni,161,0.0,🟢 Baixo Risco,0,1,1
10661,2025,31148024,Teófilo Otoni,568,0.0,🟢 Baixo Risco,0,1,1
10662,2025,31148016,Teófilo Otoni,440,0.0,🟢 Baixo Risco,0,1,1
10663,2025,31147982,Teófilo Otoni,149,0.0,🟢 Baixo Risco,0,1,1
10664,2025,31147966,Teófilo Otoni,3410,0.0,🟢 Baixo Risco,0,1,1
10665,2025,31147958,Teófilo Otoni,1025,0.0,🟢 Baixo Risco,0,1,1
10666,2025,31147940,Teófilo Otoni,690,0.0,🟢 Baixo Risco,0,1,1
10667,2025,31147931,Serra dos Aimorés,727,0.0,🟢 Baixo Risco,0,1,1
10668,2025,31147923,Serra dos Aimorés,184,0.0,🟢 Baixo Risco,0,1,1
10669,2025,31012858,Pedro Leopoldo,683,0.0,🟢 Baixo Risco,0,1,1
10670,2025,31359246,Contagem,240,0.0,🟢 Baixo Risco,0,1,1
10671,2025,31359211,São Lourenço,369,0.0,🟢 Baixo Risco,0,1,1
10672,2025,31359408,Congonhas,132,0.0,🟢 Baixo Risco,0,1,1
10673,2025,31013226,Sabará,120,0.0,🟢 Baixo Risco,0,1,1
10674,2025,31013200,Sabará,244,0.0,🟢 Baixo Risco,0,1,1
10675,2025,31147460,Nanuque,597,0.0,🟢 Baixo Risco,0,1,1
10676,2025,31147451,Nanuque,833,0.0,🟢 Baixo Risco,0,1,1
10677,2025,31147885,São José do Divino,423,0.0,🟢 Baixo Risco,0,1,1
10678,2025,31147834,Poté,162,0.0,🟢 Baixo Risco,0,1,1
10679,2025,31147826,Poté,107,0.0,🟢 Baixo Risco,0,1,1
10680,2025,31147818,Poté,562,0.0,🟢 Baixo Risco,0,1,1
10681,2025,31147796,Poté,280,0.0,🟢 Baixo Risco,0,1,1
10682,2025,31147788,Pescador,328,0.0,🟢 Baixo Risco,0,1,1
10683,2025,31091014,Porteirinha,479,0.0,🟢 Baixo Risco,0,1,1
10684,2025,31090981,Porteirinha,130,0.0,🟢 Baixo Risco,0,1,1
10685,2025,31090051,Montes Claros,623,0.0,🟢 Baixo Risco,0,1,1
10686,2025,31090000,Montes Claros,411,0.0,🟢 Baixo Risco,0,1,1
10687,2025,31089982,Montes Claros,956,0.0,🟢 Baixo Risco,0,1,1
10688,2025,31089851,Montes Claros,379,0.0,🟢 Baixo Risco,0,1,1
10689,2025,31089834,Montes Claros,475,0.0,🟢 Baixo Risco,0,1,1
10690,2025,31089826,Montes Claros,39,0.0,🟢 Baixo Risco,0,1,1
10691,2025,31232653,Passos,638,0.0,🟢 Baixo Risco,0,1,1
10692,2025,31232483,Ibirité,297,0.0,🟢 Baixo Risco,0,1,1
10693,2025,31222461,Ribeirão das Neves,461,0.0,🟢 Baixo Risco,0,1,1
10694,2025,31223051,Sabará,552,0.0,🟢 Baixo Risco,0,1,1
10695,2025,31223026,Betim,889,0.0,🟢 Baixo Risco,0,1,1
10696,2025,31223018,Contagem,530,0.0,🟢 Baixo Risco,0,1,1
10697,2025,31097497,Divino,126,0.0,🟢 Baixo Risco,0,1,1
10698,2025,31147737,Pavão,438,0.0,🟢 Baixo Risco,0,1,1
10699,2025,31147729,Pavão,103,0.0,🟢 Baixo Risco,0,1,1
10700,2025,31147711,Padre Paraíso,538,0.0,🟢 Baixo Risco,0,1,1
10701,2025,31147702,Padre Paraíso,915,0.0,🟢 Baixo Risco,0,1,1
10702,2025,31147699,Padre Paraíso,369,0.0,🟢 Baixo Risco,0,1,1
10703,2025,31013048,Raposos,245,0.0,🟢 Baixo Risco,0,1,1
10704,2025,31012831,Nova Lima,533,0.0,🟢 Baixo Risco,0,1,1
10705,2025,31012521,Jaboticatubas,49,0.0,🟢 Baixo Risco,0,1,1
10706,2025,31119121,Presidente Olegário,626,0.0,🟢 Baixo Risco,0,1,1
10707,2025,31147656,Novo Cruzeiro,211,0.0,🟢 Baixo Risco,0,1,1
10708,2025,31147648,Novo Cruzeiro,201,0.0,🟢 Baixo Risco,0,1,1
10709,2025,31147621,Novo Cruzeiro,592,0.0,🟢 Baixo Risco,0,1,1
10710,2025,31147613,Novo Cruzeiro,337,0.0,🟢 Baixo Risco,0,1,1
10711,2025,31147583,Novo Cruzeiro,367,0.0,🟢 Baixo Risco,0,1,1
10712,2025,31147575,Novo Cruzeiro,216,0.0,🟢 Baixo Risco,0,1,1
10713,2025,31147567,Novo Cruzeiro,498,0.0,🟢 Baixo Risco,0,1,1
10714,2025,31147559,Novo Cruzeiro,193,0.0,🟢 Baixo Risco,0,1,1
10715,2025,31147541,Novo Cruzeiro,717,0.0,🟢 Baixo Risco,0,1,1
10716,2025,31147532,Nova Módica,383,0.0,🟢 Baixo Risco,0,1,1
10717,2025,31147508,Nanuque,247,0.0,🟢 Baixo Risco,0,1,1
10718,2025,31147494,Nanuque,436,0.0,🟢 Baixo Risco,0,1,1
10719,2025,31147478,Nanuque,156,0.0,🟢 Baixo Risco,0,1,1
10720,2025,31360180,Uberlândia,282,0.0,🟢 Baixo Risco,0,1,1
10721,2025,31360171,Contagem,159,0.0,🟢 Baixo Risco,0,1,1
10722,2025,31147192,Malacacheta,721,0.0,🟢 Baixo Risco,0,1,1
10723,2025,31147168,Malacacheta,305,0.0,🟢 Baixo Risco,0,1,1
10724,2025,31147419,Nanuque,135,0.0,🟢 Baixo Risco,0,1,1
10725,2025,31147401,Nanuque,382,0.0,🟢 Baixo Risco,0,1,1
10726,2025,31147397,Nanuque,102,0.0,🟢 Baixo Risco,0,1,1
10727,2025,31147389,Nanuque,326,0.0,🟢 Baixo Risco,0,1,1
10728,2025,31147362,Setubinha,952,0.0,🟢 Baixo Risco,0,1,1
10729,2025,31147354,Setubinha,36,0.0,🟢 Baixo Risco,0,1,1
10730,2025,31119385,Rio Paranaíba,45,0.0,🟢 Baixo Risco,0,1,1
10731,2025,31119296,Rio Paranaíba,465,0.0,🟢 Baixo Risco,0,1,1
10732,2025,31119199,Presidente Olegário,98,0.0,🟢 Baixo Risco,0,1,1
10733,2025,31119172,Lagoa Grande,783,0.0,🟢 Baixo Risco,0,1,1
10734,2025,31119164,Presidente Olegário,40,0.0,🟢 Baixo Risco,0,1,1
10735,2025,31360856,Martinho Campos,210,0.0,🟢 Baixo Risco,0,1,1
10736,2025,31360830,Juramento,33,0.0,🟢 Baixo Risco,0,1,1
10737,2025,31360813,Patos de Minas,271,0.0,🟢 Baixo Risco,0,1,1
10738,2025,31012009,Contagem,384,0.0,🟢 Baixo Risco,0,1,1
10739,2025,31146901,Itaobim,395,0.0,🟢 Baixo Risco,0,1,1
10740,2025,31119083,Patos de Minas,207,0.0,🟢 Baixo Risco,0,1,1
10741,2025,31119075,Patos de Minas,76,0.0,🟢 Baixo Risco,0,1,1
10742,2025,31119067,Patos de Minas,68,0.0,🟢 Baixo Risco,0,1,1
10743,2025,31119041,Patos de Minas,94,0.0,🟢 Baixo Risco,0,1,1
10744,2025,31119032,Patos de Minas,57,0.0,🟢 Baixo Risco,0,1,1
10745,2025,31119024,Patos de Minas,363,0.0,🟢 Baixo Risco,0,1,1
10746,2025,31119016,Patos de Minas,232,0.0,🟢 Baixo Risco,0,1,1
10747,2025,31147311,Malacacheta,175,0.0,🟢 Baixo Risco,0,1,1
10748,2025,31147290,Malacacheta,96,0.0,🟢 Baixo Risco,0,1,1
10749,2025,31147281,Malacacheta,179,0.0,🟢 Baixo Risco,0,1,1
10750,2025,31147249,Franciscópolis,344,0.0,🟢 Baixo Risco,0,1,1
10751,2025,31147206,Malacacheta,453,0.0,🟢 Baixo Risco,0,1,1
10752,2025,31011843,Contagem,560,0.0,🟢 Baixo Risco,0,1,1
10753,2025,31011835,Contagem,771,0.0,🟢 Baixo Risco,0,1,1
10754,2025,31011819,Contagem,406,0.0,🟢 Baixo Risco,0,1,1
10755,2025,31011801,Contagem,483,0.0,🟢 Baixo Risco,0,1,1
10756,2025,31361224,Sacramento,701,0.0,🟢 Baixo Risco,0,1,1
10757,2025,31361208,Viçosa,795,0.0,🟢 Baixo Risco,0,1,1
10758,2025,31360970,Curvelo,32,0.0,🟢 Baixo Risco,0,1,1
10759,2025,31360961,Curvelo,15,0.0,🟢 Baixo Risco,0,1,1
10760,2025,31361356,Fronteira,465,0.0,🟢 Baixo Risco,0,1,1
10761,2025,31361305,Tupaciguara,641,0.0,🟢 Baixo Risco,0,1,1
10762,2025,31011975,Contagem,998,0.0,🟢 Baixo Risco,0,1,1
10763,2025,31011959,Contagem,640,0.0,🟢 Baixo Risco,0,1,1
10764,2025,31011924,Contagem,441,0.0,🟢 Baixo Risco,0,1,1
10765,2025,31011908,Contagem,614,0.0,🟢 Baixo Risco,0,1,1
10766,2025,31146650,Coronel Murta,305,0.0,🟢 Baixo Risco,0,1,1
10767,2025,31147141,Malacacheta,226,0.0,🟢 Baixo Risco,0,1,1
10768,2025,31147133,Machacalis,969,0.0,🟢 Baixo Risco,0,1,1
10769,2025,31147109,Ladainha,494,0.0,🟢 Baixo Risco,0,1,1
10770,2025,31147095,Ladainha,289,0.0,🟢 Baixo Risco,0,1,1
10771,2025,31147052,Ladainha,374,0.0,🟢 Baixo Risco,0,1,1
10772,2025,31147028,Ponto dos Volantes,108,0.0,🟢 Baixo Risco,0,1,1
10773,2025,31147010,Ponto dos Volantes,421,0.0,🟢 Baixo Risco,0,1,1
10774,2025,31146986,Itinga,348,0.0,🟢 Baixo Risco,0,1,1
10775,2025,31146978,Itinga,354,0.0,🟢 Baixo Risco,0,1,1
10776,2025,31146951,Itinga,216,0.0,🟢 Baixo Risco,0,1,1
10777,2025,31146943,Itaobim,170,0.0,🟢 Baixo Risco,0,1,1
10778,2025,31011878,Contagem,375,0.0,🟢 Baixo Risco,0,1,1
10779,2025,31361674,Santa Cruz de Salinas,113,0.0,🟢 Baixo Risco,0,1,1
10780,2025,31361666,Jaboticatubas,224,0.0,🟢 Baixo Risco,0,1,1
10781,2025,31361607,Serra do Salitre,453,0.0,🟢 Baixo Risco,0,1,1
10782,2025,31361453,Jaguaraçu,62,0.0,🟢 Baixo Risco,0,1,1
10783,2025,31146455,Santa Helena de Minas,107,0.0,🟢 Baixo Risco,0,1,1
10784,2025,31146447,Santa Helena de Minas,557,0.0,🟢 Baixo Risco,0,1,1
10785,2025,31146897,Itaobim,611,0.0,🟢 Baixo Risco,0,1,1
10786,2025,31146889,Itaobim,526,0.0,🟢 Baixo Risco,0,1,1
10787,2025,31146871,Itambacuri,44,0.0,🟢 Baixo Risco,0,1,1
10788,2025,31146862,Itambacuri,130,0.0,🟢 Baixo Risco,0,1,1
10789,2025,31146820,Itambacuri,1087,0.0,🟢 Baixo Risco,0,1,1
10790,2025,31146781,Itambacuri,105,0.0,🟢 Baixo Risco,0,1,1
10791,2025,31146757,Itambacuri,494,0.0,🟢 Baixo Risco,0,1,1
10792,2025,31146749,Catuji,678,0.0,🟢 Baixo Risco,0,1,1
10793,2025,31146731,Itaipé,706,0.0,🟢 Baixo Risco,0,1,1
10794,2025,31146714,Fronteira dos Vales,467,0.0,🟢 Baixo Risco,0,1,1
10795,2025,31146706,Frei Gaspar,290,0.0,🟢 Baixo Risco,0,1,1
10796,2025,31146676,Coronel Murta,112,0.0,🟢 Baixo Risco,0,1,1
10797,2025,31361445,Betim,354,0.0,🟢 Baixo Risco,0,1,1
10798,2025,31146013,Araçuaí,223,0.0,🟢 Baixo Risco,0,1,1
10799,2025,31146633,Carlos Chagas,61,0.0,🟢 Baixo Risco,0,1,1
10800,2025,31146625,Carlos Chagas,78,0.0,🟢 Baixo Risco,0,1,1
10801,2025,31146579,Carlos Chagas,277,0.0,🟢 Baixo Risco,0,1,1
10802,2025,31146561,Carlos Chagas,421,0.0,🟢 Baixo Risco,0,1,1
10803,2025,31146544,Caraí,425,0.0,🟢 Baixo Risco,0,1,1
10804,2025,31146536,Caraí,279,0.0,🟢 Baixo Risco,0,1,1
10805,2025,31146528,Caraí,446,0.0,🟢 Baixo Risco,0,1,1
10806,2025,31146510,Caraí,1018,0.0,🟢 Baixo Risco,0,1,1
10807,2025,31146501,Jampruca,72,0.0,🟢 Baixo Risco,0,1,1
10808,2025,31146480,Jampruca,333,0.0,🟢 Baixo Risco,0,1,1
10809,2025,31146471,Campanário,325,0.0,🟢 Baixo Risco,0,1,1
10810,2025,31146439,Bertópolis,189,0.0,🟢 Baixo Risco,0,1,1
10811,2025,31146421,Bertópolis,273,0.0,🟢 Baixo Risco,0,1,1
10812,2025,31146412,Ataléia,124,0.0,🟢 Baixo Risco,0,1,1
10813,2025,31146391,Ataléia,115,0.0,🟢 Baixo Risco,0,1,1
10814,2025,31146331,Ataléia,180,0.0,🟢 Baixo Risco,0,1,1
10815,2025,31146323,Ataléia,298,0.0,🟢 Baixo Risco,0,1,1
10816,2025,31146315,Ataléia,113,0.0,🟢 Baixo Risco,0,1,1
10817,2025,31146285,Ataléia,191,0.0,🟢 Baixo Risco,0,1,1
10818,2025,31146161,Araçuaí,105,0.0,🟢 Baixo Risco,0,1,1
10819,2025,31146129,Araçuaí,571,0.0,🟢 Baixo Risco,0,1,1
10820,2025,31146102,Araçuaí,370,0.0,🟢 Baixo Risco,0,1,1
10821,2025,31146099,Araçuaí,399,0.0,🟢 Baixo Risco,0,1,1
10822,2025,31146081,Araçuaí,581,0.0,🟢 Baixo Risco,0,1,1
10823,2025,31011371,Betim,753,0.0,🟢 Baixo Risco,0,1,1
10824,2025,31011363,Betim,142,0.0,🟢 Baixo Risco,0,1,1
10825,2025,31011355,Betim,157,0.0,🟢 Baixo Risco,0,1,1
10826,2025,31011339,Betim,727,0.0,🟢 Baixo Risco,0,1,1
10827,2025,31362298,Uberlândia,1050,0.0,🟢 Baixo Risco,0,1,1
10828,2025,31223697,Belo Horizonte,608,0.0,🟢 Baixo Risco,0,1,1
10829,2025,31223689,Belo Horizonte,683,0.0,🟢 Baixo Risco,0,1,1
10830,2025,31223671,Várzea da Palma,46,0.0,🟢 Baixo Risco,0,1,1
10831,2025,31223611,Riachinho,392,0.0,🟢 Baixo Risco,0,1,1
10832,2025,31223590,Ibirité,1183,0.0,🟢 Baixo Risco,0,1,1
10833,2025,31223557,Montes Claros,465,0.0,🟢 Baixo Risco,0,1,1
10834,2025,31223549,Montes Claros,1127,0.0,🟢 Baixo Risco,0,1,1
10835,2025,31232017,Belo Horizonte,203,0.0,🟢 Baixo Risco,0,1,1
10836,2025,31232009,Belo Horizonte,873,0.0,🟢 Baixo Risco,0,1,1
10837,2025,31090247,Montes Claros,223,0.0,🟢 Baixo Risco,0,1,1
10838,2025,31090204,Montes Claros,210,0.0,🟢 Baixo Risco,0,1,1
10839,2025,31091596,Porteirinha,399,0.0,🟢 Baixo Risco,0,1,1
10840,2025,31091243,Porteirinha,175,0.0,🟢 Baixo Risco,0,1,1
10841,2025,31362280,Pouso Alegre,455,0.0,🟢 Baixo Risco,0,1,1
10842,2025,31362247,Belo Horizonte,755,0.0,🟢 Baixo Risco,0,1,1
10843,2025,31362700,Ibirité,166,0.0,🟢 Baixo Risco,0,1,1
10844,2025,31362646,Buritizeiro,170,0.0,🟢 Baixo Risco,0,1,1
10845,2025,31362581,Belo Horizonte,765,0.0,🟢 Baixo Risco,0,1,1
10846,2025,31011401,Betim,778,0.0,🟢 Baixo Risco,0,1,1
10847,2025,31143189,Curvelo,75,0.0,🟢 Baixo Risco,0,1,1
10848,2025,31143171,Curvelo,317,0.0,🟢 Baixo Risco,0,1,1
10849,2025,31146005,Araçuaí,336,0.0,🟢 Baixo Risco,0,1,1
10850,2025,31145998,Araçuaí,373,0.0,🟢 Baixo Risco,0,1,1
10851,2025,31145980,Crisólita,372,0.0,🟢 Baixo Risco,0,1,1
10852,2025,31145971,Crisólita,254,0.0,🟢 Baixo Risco,0,1,1
10853,2025,31145963,Águas Formosas,279,0.0,🟢 Baixo Risco,0,1,1
10854,2025,31145955,Águas Formosas,946,0.0,🟢 Baixo Risco,0,1,1
10855,2025,31145947,Águas Formosas,326,0.0,🟢 Baixo Risco,0,1,1
10856,2025,31145921,Águas Formosas,403,0.0,🟢 Baixo Risco,0,1,1
10857,2025,31145912,Águas Formosas,577,0.0,🟢 Baixo Risco,0,1,1
10858,2025,31145904,Águas Formosas,241,0.0,🟢 Baixo Risco,0,1,1
10859,2025,31145670,Sete Lagoas,626,0.0,🟢 Baixo Risco,0,1,1
10860,2025,31145556,Corinto,1133,0.0,🟢 Baixo Risco,0,1,1
10861,2025,31011398,Betim,479,0.0,🟢 Baixo Risco,0,1,1
10862,2025,31011380,Betim,1346,0.0,🟢 Baixo Risco,0,1,1
10863,2025,31011304,Betim,743,0.0,🟢 Baixo Risco,0,1,1
10864,2025,31011282,Betim,733,0.0,🟢 Baixo Risco,0,1,1
10865,2025,31011274,Betim,541,0.0,🟢 Baixo Risco,0,1,1
10866,2025,31011258,Betim,174,0.0,🟢 Baixo Risco,0,1,1
10867,2025,31011240,Betim,553,0.0,🟢 Baixo Risco,0,1,1
10868,2025,31011231,Betim,23,0.0,🟢 Baixo Risco,0,1,1
10869,2025,31011223,Betim,1073,0.0,🟢 Baixo Risco,0,1,1
10870,2025,31011215,Betim,802,0.0,🟢 Baixo Risco,0,1,1
10871,2025,31363138,Jeceaba,218,0.0,🟢 Baixo Risco,0,1,1
10872,2025,31119431,Rio Paranaíba,32,0.0,🟢 Baixo Risco,0,1,1
10873,2025,31144754,Pompéu,529,0.0,🟢 Baixo Risco,0,1,1
10874,2025,31144533,Paraopeba,191,0.0,🟢 Baixo Risco,0,1,1
10875,2025,31143391,Curvelo,45,0.0,🟢 Baixo Risco,0,1,1
10876,2025,31010910,Santa Luzia,768,0.0,🟢 Baixo Risco,0,1,1
10877,2025,31141852,Sete Lagoas,1095,0.0,🟢 Baixo Risco,0,1,1
10878,2025,31141844,Sete Lagoas,1079,0.0,🟢 Baixo Risco,0,1,1
10879,2025,31143146,Curvelo,398,0.0,🟢 Baixo Risco,0,1,1
10880,2025,31119628,São Gotardo,1098,0.0,🟢 Baixo Risco,0,1,1
10881,2025,31119601,São Gotardo,439,0.0,🟢 Baixo Risco,0,1,1
10882,2025,31119598,São Gotardo,443,0.0,🟢 Baixo Risco,0,1,1
10883,2025,31119571,São Gotardo,159,0.0,🟢 Baixo Risco,0,1,1
10884,2025,31119563,São Gotardo,1142,0.0,🟢 Baixo Risco,0,1,1
10885,2025,31119539,São Gotardo,549,0.0,🟢 Baixo Risco,0,1,1
10886,2025,31119521,Varjão de Minas,772,0.0,🟢 Baixo Risco,0,1,1
10887,2025,31119504,São Gonçalo do Abaeté,309,0.0,🟢 Baixo Risco,0,1,1
10888,2025,31119482,São Gonçalo do Abaeté,196,0.0,🟢 Baixo Risco,0,1,1
10889,2025,31119458,Santa Rosa da Serra,245,0.0,🟢 Baixo Risco,0,1,1
10890,2025,31363847,Sete Lagoas,418,0.0,🟢 Baixo Risco,0,1,1
10891,2025,31011118,São José da Lapa,368,0.0,🟢 Baixo Risco,0,1,1
10892,2025,31011096,São José da Lapa,1216,0.0,🟢 Baixo Risco,0,1,1
10893,2025,31011061,Vespasiano,357,0.0,🟢 Baixo Risco,0,1,1
10894,2025,31011053,Vespasiano,797,0.0,🟢 Baixo Risco,0,1,1
10895,2025,31011037,Vespasiano,1092,0.0,🟢 Baixo Risco,0,1,1
10896,2025,31011029,Vespasiano,1769,0.0,🟢 Baixo Risco,0,1,1
10897,2025,31011011,Vespasiano,402,0.0,🟢 Baixo Risco,0,1,1
10898,2025,31010987,Vespasiano,354,0.0,🟢 Baixo Risco,0,1,1
10899,2025,31141631,Sete Lagoas,1516,0.0,🟢 Baixo Risco,0,1,1
10900,2025,31141615,Sete Lagoas,504,0.0,🟢 Baixo Risco,0,1,1
10901,2025,31142026,Três Marias,155,0.0,🟢 Baixo Risco,0,1,1
10902,2025,31142018,Três Marias,586,0.0,🟢 Baixo Risco,0,1,1
10903,2025,31141976,Três Marias,572,0.0,🟢 Baixo Risco,0,1,1
10904,2025,31141933,Sete Lagoas,568,0.0,🟢 Baixo Risco,0,1,1
10905,2025,31141925,Sete Lagoas,541,0.0,🟢 Baixo Risco,0,1,1
10906,2025,31141909,Sete Lagoas,152,0.0,🟢 Baixo Risco,0,1,1
10907,2025,31141895,Sete Lagoas,219,0.0,🟢 Baixo Risco,0,1,1
10908,2025,31141887,Sete Lagoas,496,0.0,🟢 Baixo Risco,0,1,1
10909,2025,31141861,Sete Lagoas,1028,0.0,🟢 Baixo Risco,0,1,1
10910,2025,31010952,Taquaraçu de Minas,182,0.0,🟢 Baixo Risco,0,1,1
10911,2025,31010936,Santana do Riacho,248,0.0,🟢 Baixo Risco,0,1,1
10912,2025,31010715,Santa Luzia,611,0.0,🟢 Baixo Risco,0,1,1
10913,2025,31364240,Oliveira,132,0.0,🟢 Baixo Risco,0,1,1
10914,2025,31364592,Divinópolis,604,0.0,🟢 Baixo Risco,0,1,1
10915,2025,31010863,Santa Luzia,793,0.0,🟢 Baixo Risco,0,1,1
10916,2025,31010855,Santa Luzia,1013,0.0,🟢 Baixo Risco,0,1,1
10917,2025,31010839,Santa Luzia,711,0.0,🟢 Baixo Risco,0,1,1
10918,2025,31010821,Santa Luzia,804,0.0,🟢 Baixo Risco,0,1,1
10919,2025,31010812,Santa Luzia,804,0.0,🟢 Baixo Risco,0,1,1
10920,2025,31010804,Santa Luzia,347,0.0,🟢 Baixo Risco,0,1,1
10921,2025,31010791,Santa Luzia,1331,0.0,🟢 Baixo Risco,0,1,1
10922,2025,31010774,Santa Luzia,1413,0.0,🟢 Baixo Risco,0,1,1
10923,2025,31010740,Santa Luzia,920,0.0,🟢 Baixo Risco,0,1,1
10924,2025,31141488,Prudente de Morais,327,0.0,🟢 Baixo Risco,0,1,1
10925,2025,31141470,Pompéu,158,0.0,🟢 Baixo Risco,0,1,1
10926,2025,31141810,Sete Lagoas,231,0.0,🟢 Baixo Risco,0,1,1
10927,2025,31141801,Sete Lagoas,833,0.0,🟢 Baixo Risco,0,1,1
10928,2025,31141798,Sete Lagoas,1042,0.0,🟢 Baixo Risco,0,1,1
10929,2025,31141763,Sete Lagoas,132,0.0,🟢 Baixo Risco,0,1,1
10930,2025,31141755,Sete Lagoas,258,0.0,🟢 Baixo Risco,0,1,1
10931,2025,31141721,Sete Lagoas,704,0.0,🟢 Baixo Risco,0,1,1
10932,2025,31141712,Sete Lagoas,376,0.0,🟢 Baixo Risco,0,1,1
10933,2025,31141704,Sete Lagoas,406,0.0,🟢 Baixo Risco,0,1,1
10934,2025,31141682,Sete Lagoas,511,0.0,🟢 Baixo Risco,0,1,1
10935,2025,31141674,Sete Lagoas,455,0.0,🟢 Baixo Risco,0,1,1
10936,2025,31141658,Sete Lagoas,942,0.0,🟢 Baixo Risco,0,1,1
10937,2025,31141640,Sete Lagoas,607,0.0,🟢 Baixo Risco,0,1,1
10938,2025,31010731,Santa Luzia,1082,0.0,🟢 Baixo Risco,0,1,1
10939,2025,31010472,Santa Bárbara,547,0.0,🟢 Baixo Risco,0,1,1
10940,2025,31010456,Sabará,322,0.0,🟢 Baixo Risco,0,1,1
10941,2025,31365416,Itaobim,94,0.0,🟢 Baixo Risco,0,1,1
10942,2025,31365270,Pirapora,293,0.0,🟢 Baixo Risco,0,1,1
10943,2025,31365262,Betim,321,0.0,🟢 Baixo Risco,0,1,1
10944,2025,31364932,Belo Horizonte,323,0.0,🟢 Baixo Risco,0,1,1
10945,2025,31141593,Sete Lagoas,123,0.0,🟢 Baixo Risco,0,1,1
10946,2025,31141585,Santana de Pirapama,37,0.0,🟢 Baixo Risco,0,1,1
10947,2025,31141542,Santana de Pirapama,28,0.0,🟢 Baixo Risco,0,1,1
10948,2025,31141526,Santana de Pirapama,318,0.0,🟢 Baixo Risco,0,1,1
10949,2025,31122629,Rio Paranaíba,511,0.0,🟢 Baixo Risco,0,1,1
10950,2025,31122581,Presidente Olegário,46,0.0,🟢 Baixo Risco,0,1,1
10951,2025,31119679,Tiros,562,0.0,🟢 Baixo Risco,0,1,1
10952,2025,31010693,Santa Luzia,409,0.0,🟢 Baixo Risco,0,1,1
10953,2025,31010677,Santa Luzia,1006,0.0,🟢 Baixo Risco,0,1,1
10954,2025,31010669,Santa Luzia,1532,0.0,🟢 Baixo Risco,0,1,1
10955,2025,31010642,Santa Luzia,207,0.0,🟢 Baixo Risco,0,1,1
10956,2025,31010618,Santa Luzia,662,0.0,🟢 Baixo Risco,0,1,1
10957,2025,31010596,Santa Luzia,2781,0.0,🟢 Baixo Risco,0,1,1
10958,2025,31010545,Catas Altas,382,0.0,🟢 Baixo Risco,0,1,1
10959,2025,31010529,Santa Bárbara,122,0.0,🟢 Baixo Risco,0,1,1
10960,2025,31010511,Santa Bárbara,705,0.0,🟢 Baixo Risco,0,1,1
10961,2025,31010421,Sabará,1251,0.0,🟢 Baixo Risco,0,1,1
10962,2025,31010413,Sabará,375,0.0,🟢 Baixo Risco,0,1,1
10963,2025,31010405,Sabará,476,0.0,🟢 Baixo Risco,0,1,1
10964,2025,31010391,Sabará,572,0.0,🟢 Baixo Risco,0,1,1
10965,2025,31010375,Sabará,538,0.0,🟢 Baixo Risco,0,1,1
10966,2025,31010367,Sabará,621,0.0,🟢 Baixo Risco,0,1,1
10967,2025,31010359,Sabará,462,0.0,🟢 Baixo Risco,0,1,1
10968,2025,31010341,Sabará,219,0.0,🟢 Baixo Risco,0,1,1
10969,2025,31010324,Sabará,475,0.0,🟢 Baixo Risco,0,1,1
10970,2025,31010316,Sabará,755,0.0,🟢 Baixo Risco,0,1,1
10971,2025,31010308,Sabará,205,0.0,🟢 Baixo Risco,0,1,1
10972,2025,31010251,Rio Acima,431,0.0,🟢 Baixo Risco,0,1,1
10973,2025,31140953,Felixlândia,637,0.0,🟢 Baixo Risco,0,1,1
10974,2025,31141445,Pompéu,707,0.0,🟢 Baixo Risco,0,1,1
10975,2025,31141437,Pompéu,560,0.0,🟢 Baixo Risco,0,1,1
10976,2025,31141399,Pompéu,1252,0.0,🟢 Baixo Risco,0,1,1
10977,2025,31141356,Paraopeba,652,0.0,🟢 Baixo Risco,0,1,1
10978,2025,31141321,Paraopeba,763,0.0,🟢 Baixo Risco,0,1,1
10979,2025,31141305,Morro do Pilar,68,0.0,🟢 Baixo Risco,0,1,1
10980,2025,31141283,Morro da Garça,107,0.0,🟢 Baixo Risco,0,1,1
10981,2025,31141275,Matozinhos,352,0.0,🟢 Baixo Risco,0,1,1
10982,2025,31010065,Ribeirão das Neves,1089,0.0,🟢 Baixo Risco,0,1,1
10983,2025,31010049,Ribeirão das Neves,464,0.0,🟢 Baixo Risco,0,1,1
10984,2025,31010031,Ribeirão das Neves,885,0.0,🟢 Baixo Risco,0,1,1
10985,2025,31010022,Ribeirão das Neves,691,0.0,🟢 Baixo Risco,0,1,1
10986,2025,31231711,Ribeirão das Neves,136,0.0,🟢 Baixo Risco,0,1,1
10987,2025,31232327,Itabira,438,0.0,🟢 Baixo Risco,0,1,1
10988,2025,31232319,Itabira,346,0.0,🟢 Baixo Risco,0,1,1
10989,2025,31232301,Itabira,274,0.0,🟢 Baixo Risco,0,1,1
10990,2025,31232271,Itabira,627,0.0,🟢 Baixo Risco,0,1,1
10991,2025,31232262,Itabira,629,0.0,🟢 Baixo Risco,0,1,1
10992,2025,31232211,Itabira,173,0.0,🟢 Baixo Risco,0,1,1
10993,2025,31232203,Itabira,289,0.0,🟢 Baixo Risco,0,1,1
10994,2025,31232190,Itabira,498,0.0,🟢 Baixo Risco,0,1,1
10995,2025,31232173,Itabira,287,0.0,🟢 Baixo Risco,0,1,1
10996,2025,31232157,Buritizeiro,90,0.0,🟢 Baixo Risco,0,1,1
10997,2025,31232131,Barbacena,125,0.0,🟢 Baixo Risco,0,1,1
10998,2025,31232084,Jequitinhonha,170,0.0,🟢 Baixo Risco,0,1,1
10999,2025,31097365,Cataguases,220,0.0,🟢 Baixo Risco,0,1,1
11000,2025,31097357,Cataguases,412,0.0,🟢 Baixo Risco,0,1,1
11001,2025,31010430,Sabará,188,0.0,🟢 Baixo Risco,0,1,1
11002,2025,31010219,Ribeirão das Neves,556,0.0,🟢 Baixo Risco,0,1,1
11003,2025,31010201,Ribeirão das Neves,359,0.0,🟢 Baixo Risco,0,1,1
11004,2025,31010171,Ribeirão das Neves,604,0.0,🟢 Baixo Risco,0,1,1
11005,2025,31010162,Ribeirão das Neves,943,0.0,🟢 Baixo Risco,0,1,1
11006,2025,31010146,Ribeirão das Neves,876,0.0,🟢 Baixo Risco,0,1,1
11007,2025,31010120,Ribeirão das Neves,345,0.0,🟢 Baixo Risco,0,1,1
11008,2025,31010111,Ribeirão das Neves,641,0.0,🟢 Baixo Risco,0,1,1
11009,2025,31010081,Ribeirão das Neves,492,0.0,🟢 Baixo Risco,0,1,1
11010,2025,31009962,Ribeirão das Neves,998,0.0,🟢 Baixo Risco,0,1,1
11011,2025,31009954,Ribeirão das Neves,626,0.0,🟢 Baixo Risco,0,1,1
11012,2025,31009946,Ribeirão das Neves,1206,0.0,🟢 Baixo Risco,0,1,1
11013,2025,31009911,Ribeirão das Neves,299,0.0,🟢 Baixo Risco,0,1,1
11014,2025,31009890,Ribeirão das Neves,921,0.0,🟢 Baixo Risco,0,1,1
11015,2025,31009873,Raposos,599,0.0,🟢 Baixo Risco,0,1,1
11016,2025,31009865,Raposos,372,0.0,🟢 Baixo Risco,0,1,1
11017,2025,31009857,Raposos,366,0.0,🟢 Baixo Risco,0,1,1
11018,2025,31009849,Raposos,154,0.0,🟢 Baixo Risco,0,1,1
11019,2025,31009822,Pedro Leopoldo,211,0.0,🟢 Baixo Risco,0,1,1
11020,2025,31009806,Pedro Leopoldo,284,0.0,🟢 Baixo Risco,0,1,1
11021,2025,31009792,Pedro Leopoldo,91,0.0,🟢 Baixo Risco,0,1,1
11022,2025,31140686,Corinto,355,0.0,🟢 Baixo Risco,0,1,1
11023,2025,31141216,Matozinhos,606,0.0,🟢 Baixo Risco,0,1,1
11024,2025,31141194,Matozinhos,733,0.0,🟢 Baixo Risco,0,1,1
11025,2025,31141186,Matozinhos,455,0.0,🟢 Baixo Risco,0,1,1
11026,2025,31141178,Joaquim Felício,144,0.0,🟢 Baixo Risco,0,1,1
11027,2025,31141151,Jequitibá,42,0.0,🟢 Baixo Risco,0,1,1
11028,2025,31141143,Jequitibá,296,0.0,🟢 Baixo Risco,0,1,1
11029,2025,31141135,Jequitibá,355,0.0,🟢 Baixo Risco,0,1,1
11030,2025,31141119,Inimutaba,598,0.0,🟢 Baixo Risco,0,1,1
11031,2025,31141101,Inhaúma,558,0.0,🟢 Baixo Risco,0,1,1
11032,2025,31141054,Funilândia,180,0.0,🟢 Baixo Risco,0,1,1
11033,2025,31141038,Funilândia,366,0.0,🟢 Baixo Risco,0,1,1
11034,2025,31141003,Fortuna de Minas,126,0.0,🟢 Baixo Risco,0,1,1
11035,2025,31140988,Felixlândia,183,0.0,🟢 Baixo Risco,0,1,1
11036,2025,31009725,Pedro Leopoldo,764,0.0,🟢 Baixo Risco,0,1,1
11037,2025,31009709,Pedro Leopoldo,719,0.0,🟢 Baixo Risco,0,1,1
11038,2025,31009679,Pedro Leopoldo,1426,0.0,🟢 Baixo Risco,0,1,1
11039,2025,31009661,Pedro Leopoldo,252,0.0,🟢 Baixo Risco,0,1,1
11040,2025,31009610,Nova Lima,762,0.0,🟢 Baixo Risco,0,1,1
11041,2025,31009601,Nova Lima,1528,0.0,🟢 Baixo Risco,0,1,1
11042,2025,31009571,Nova Lima,1347,0.0,🟢 Baixo Risco,0,1,1
11043,2025,31140392,Buenópolis,332,0.0,🟢 Baixo Risco,0,1,1
11044,2025,31140384,Buenópolis,505,0.0,🟢 Baixo Risco,0,1,1
11045,2025,31140872,Curvelo,464,0.0,🟢 Baixo Risco,0,1,1
11046,2025,31140864,Curvelo,97,0.0,🟢 Baixo Risco,0,1,1
11047,2025,31140856,Curvelo,345,0.0,🟢 Baixo Risco,0,1,1
11048,2025,31140848,Curvelo,237,0.0,🟢 Baixo Risco,0,1,1
11049,2025,31140830,Curvelo,153,0.0,🟢 Baixo Risco,0,1,1
11050,2025,31140821,Curvelo,171,0.0,🟢 Baixo Risco,0,1,1
11051,2025,31140791,Curvelo,785,0.0,🟢 Baixo Risco,0,1,1
11052,2025,31140775,Curvelo,2112,0.0,🟢 Baixo Risco,0,1,1
11053,2025,31140767,Curvelo,357,0.0,🟢 Baixo Risco,0,1,1
11054,2025,31140716,Curvelo,1097,0.0,🟢 Baixo Risco,0,1,1
11055,2025,31140708,Curvelo,663,0.0,🟢 Baixo Risco,0,1,1
11056,2025,31009989,Ribeirão das Neves,547,0.0,🟢 Baixo Risco,0,1,1
11057,2025,31009407,Lagoa Santa,1162,0.0,🟢 Baixo Risco,0,1,1
11058,2025,31009393,Lagoa Santa,664,0.0,🟢 Baixo Risco,0,1,1
11059,2025,31368148,São João del Rei,328,0.0,🟢 Baixo Risco,0,1,1
11060,2025,31367826,Sarzedo,1812,0.0,🟢 Baixo Risco,0,1,1
11061,2025,31367478,Divisa Nova,261,0.0,🟢 Baixo Risco,0,1,1
11062,2025,31009768,Pedro Leopoldo,561,0.0,🟢 Baixo Risco,0,1,1
11063,2025,31368555,Araxá,437,0.0,🟢 Baixo Risco,0,1,1
11064,2025,31368288,Curvelo,460,0.0,🟢 Baixo Risco,0,1,1
11065,2025,31368237,Sete Lagoas,781,0.0,🟢 Baixo Risco,0,1,1
11066,2025,31009539,Nova Lima,914,0.0,🟢 Baixo Risco,0,1,1
11067,2025,31009504,Confins,412,0.0,🟢 Baixo Risco,0,1,1
11068,2025,31009491,Lagoa Santa,638,0.0,🟢 Baixo Risco,0,1,1
11069,2025,31009482,Lagoa Santa,389,0.0,🟢 Baixo Risco,0,1,1
11070,2025,31140651,Corinto,162,0.0,🟢 Baixo Risco,0,1,1
11071,2025,31140627,Corinto,218,0.0,🟢 Baixo Risco,0,1,1
11072,2025,31140619,Corinto,649,0.0,🟢 Baixo Risco,0,1,1
11073,2025,31140601,Corinto,100,0.0,🟢 Baixo Risco,0,1,1
11074,2025,31140597,Corinto,86,0.0,🟢 Baixo Risco,0,1,1
11075,2025,31140554,Cordisburgo,199,0.0,🟢 Baixo Risco,0,1,1
11076,2025,31140538,Cordisburgo,331,0.0,🟢 Baixo Risco,0,1,1
11077,2025,31140481,Capim Branco,393,0.0,🟢 Baixo Risco,0,1,1
11078,2025,31140465,Caetanópolis,583,0.0,🟢 Baixo Risco,0,1,1
11079,2025,31140449,Caetanópolis,240,0.0,🟢 Baixo Risco,0,1,1
11080,2025,31140431,Cachoeira da Prata,368,0.0,🟢 Baixo Risco,0,1,1
11081,2025,31009431,Lagoa Santa,742,0.0,🟢 Baixo Risco,0,1,1
11082,2025,31009423,Confins,300,0.0,🟢 Baixo Risco,0,1,1
11083,2025,31009245,Igarapé,295,0.0,🟢 Baixo Risco,0,1,1
11084,2025,31009237,Igarapé,1184,0.0,🟢 Baixo Risco,0,1,1
11085,2025,31009229,Igarapé,482,0.0,🟢 Baixo Risco,0,1,1
11086,2025,31009211,Igarapé,1006,0.0,🟢 Baixo Risco,0,1,1
11087,2025,31009202,Sarzedo,1323,0.0,🟢 Baixo Risco,0,1,1
11088,2025,31368903,Contagem,864,0.0,🟢 Baixo Risco,0,1,1
11089,2025,31368628,Montes Claros,647,0.0,🟢 Baixo Risco,0,1,1
11090,2025,31009385,Nova União,180,0.0,🟢 Baixo Risco,0,1,1
11091,2025,31009351,Nova União,410,0.0,🟢 Baixo Risco,0,1,1
11092,2025,31009334,Jaboticatubas,719,0.0,🟢 Baixo Risco,0,1,1
11093,2025,31009326,Jaboticatubas,92,0.0,🟢 Baixo Risco,0,1,1
11094,2025,31009300,Jaboticatubas,473,0.0,🟢 Baixo Risco,0,1,1
11095,2025,31009296,Jaboticatubas,458,0.0,🟢 Baixo Risco,0,1,1
11096,2025,31009288,São Joaquim de Bicas,1055,0.0,🟢 Baixo Risco,0,1,1
11097,2025,31009253,Igarapé,962,0.0,🟢 Baixo Risco,0,1,1
11098,2025,31369446,Belo Horizonte,249,0.0,🟢 Baixo Risco,0,1,1
11099,2025,31009199,Mário Campos,538,0.0,🟢 Baixo Risco,0,1,1
11100,2025,31009181,Ibirité,732,0.0,🟢 Baixo Risco,0,1,1
11101,2025,31009172,Ibirité,243,0.0,🟢 Baixo Risco,0,1,1
11102,2025,31009164,Contagem,580,0.0,🟢 Baixo Risco,0,1,1
11103,2025,31009156,Mário Campos,960,0.0,🟢 Baixo Risco,0,1,1
11104,2025,31009148,Ibirité,906,0.0,🟢 Baixo Risco,0,1,1
11105,2025,31009130,Ibirité,495,0.0,🟢 Baixo Risco,0,1,1
11106,2025,31009121,Ibirité,894,0.0,🟢 Baixo Risco,0,1,1
11107,2025,31009113,Ibirité,514,0.0,🟢 Baixo Risco,0,1,1
11108,2025,31009091,Ibirité,373,0.0,🟢 Baixo Risco,0,1,1
11109,2025,31009075,Ibirité,667,0.0,🟢 Baixo Risco,0,1,1
11110,2025,31140376,Baldim,309,0.0,🟢 Baixo Risco,0,1,1
11111,2025,31140333,Baldim,41,0.0,🟢 Baixo Risco,0,1,1
11112,2025,31140325,Baldim,362,0.0,🟢 Baixo Risco,0,1,1
11113,2025,31231444,Monte Carmelo,243,0.0,🟢 Baixo Risco,0,1,1
11114,2025,31231401,Ipatinga,520,0.0,🟢 Baixo Risco,0,1,1
11115,2025,31230995,Paraopeba,314,0.0,🟢 Baixo Risco,0,1,1
11116,2025,31230359,Montes Claros,542,0.0,🟢 Baixo Risco,0,1,1
11117,2025,31231991,Belo Horizonte,644,0.0,🟢 Baixo Risco,0,1,1
11118,2025,31231983,Belo Horizonte,437,0.0,🟢 Baixo Risco,0,1,1
11119,2025,31231975,Belo Horizonte,955,0.0,🟢 Baixo Risco,0,1,1
11120,2025,31231860,Arinos,659,0.0,🟢 Baixo Risco,0,1,1
11121,2025,31231843,Jaíba,354,0.0,🟢 Baixo Risco,0,1,1
11122,2025,31231835,Jaíba,378,0.0,🟢 Baixo Risco,0,1,1
11123,2025,31231801,Raul Soares,7,0.0,🟢 Baixo Risco,0,1,1
11124,2025,31231762,Pompéu,452,0.0,🟢 Baixo Risco,0,1,1
11125,2025,31231754,Funilândia,231,0.0,🟢 Baixo Risco,0,1,1
11126,2025,31231746,Lagoa da Prata,890,0.0,🟢 Baixo Risco,0,1,1
11127,2025,31231738,Ribeirão das Neves,931,0.0,🟢 Baixo Risco,0,1,1
11128,2025,31231720,Ribeirão das Neves,652,0.0,🟢 Baixo Risco,0,1,1
11129,2025,31140309,Augusto de Lima,194,0.0,🟢 Baixo Risco,0,1,1
11130,2025,31140287,Araçaí,250,0.0,🟢 Baixo Risco,0,1,1
11131,2025,31140058,São Tomás de Aquino,401,0.0,🟢 Baixo Risco,0,1,1
11132,2025,31139858,São Sebastião do Paraíso,159,0.0,🟢 Baixo Risco,0,1,1
11133,2025,31139718,São Sebastião do Paraíso,131,0.0,🟢 Baixo Risco,0,1,1
11134,2025,31139696,São Sebastião do Paraíso,44,0.0,🟢 Baixo Risco,0,1,1
11135,2025,31009041,Esmeraldas,1277,0.0,🟢 Baixo Risco,0,1,1
11136,2025,31369993,Araguari,507,0.0,🟢 Baixo Risco,0,1,1
11137,2025,31369985,Ubá,564,0.0,🟢 Baixo Risco,0,1,1
11138,2025,31369810,Bonito de Minas,31,0.0,🟢 Baixo Risco,0,1,1
11139,2025,31369756,Joaíma,183,0.0,🟢 Baixo Risco,0,1,1
11140,2025,31369519,Divino,525,0.0,🟢 Baixo Risco,0,1,1
11141,2025,31009024,Esmeraldas,108,0.0,🟢 Baixo Risco,0,1,1
11142,2025,31009008,Esmeraldas,440,0.0,🟢 Baixo Risco,0,1,1
11143,2025,31008974,Esmeraldas,448,0.0,🟢 Baixo Risco,0,1,1
11144,2025,31008966,Esmeraldas,732,0.0,🟢 Baixo Risco,0,1,1
11145,2025,31008958,Esmeraldas,529,0.0,🟢 Baixo Risco,0,1,1
11146,2025,31008931,Esmeraldas,951,0.0,🟢 Baixo Risco,0,1,1
11147,2025,31008915,Crucilândia,440,0.0,🟢 Baixo Risco,0,1,1
11148,2025,31008885,Contagem,879,0.0,🟢 Baixo Risco,0,1,1
11149,2025,31008877,Contagem,186,0.0,🟢 Baixo Risco,0,1,1
11150,2025,31008869,Contagem,255,0.0,🟢 Baixo Risco,0,1,1
11151,2025,31008851,Contagem,67,0.0,🟢 Baixo Risco,0,1,1
11152,2025,31008834,Contagem,662,0.0,🟢 Baixo Risco,0,1,1
11153,2025,31008826,Contagem,583,0.0,🟢 Baixo Risco,0,1,1
11154,2025,31008770,Contagem,468,0.0,🟢 Baixo Risco,0,1,1
11155,2025,31008753,Contagem,6729,0.0,🟢 Baixo Risco,0,1,1
11156,2025,31008737,Contagem,929,0.0,🟢 Baixo Risco,0,1,1
11157,2025,31008729,Contagem,138,0.0,🟢 Baixo Risco,0,1,1
11158,2025,31008711,Contagem,380,0.0,🟢 Baixo Risco,0,1,1
11159,2025,31008702,Contagem,610,0.0,🟢 Baixo Risco,0,1,1
11160,2025,31008699,Contagem,616,0.0,🟢 Baixo Risco,0,1,1
11161,2025,31008681,Contagem,1454,0.0,🟢 Baixo Risco,0,1,1
11162,2025,31008672,Contagem,807,0.0,🟢 Baixo Risco,0,1,1
11163,2025,31008664,Contagem,1063,0.0,🟢 Baixo Risco,0,1,1
11164,2025,31008656,Contagem,573,0.0,🟢 Baixo Risco,0,1,1
11165,2025,31008630,Contagem,755,0.0,🟢 Baixo Risco,0,1,1
11166,2025,31137707,Pratápolis,635,0.0,🟢 Baixo Risco,0,1,1
11167,2025,31138061,Arceburgo,487,0.0,🟢 Baixo Risco,0,1,1
11168,2025,31138053,São Tomás de Aquino,599,0.0,🟢 Baixo Risco,0,1,1
11169,2025,31138037,São Sebastião do Paraíso,214,0.0,🟢 Baixo Risco,0,1,1
11170,2025,31137987,São Sebastião do Paraíso,1015,0.0,🟢 Baixo Risco,0,1,1
11171,2025,31123731,Andradas,670,0.0,🟢 Baixo Risco,0,1,1
11172,2025,31123714,Andradas,853,0.0,🟢 Baixo Risco,0,1,1
11173,2025,31123706,Andradas,525,0.0,🟢 Baixo Risco,0,1,1
11174,2025,31123692,Alterosa,235,0.0,🟢 Baixo Risco,0,1,1
11175,2025,31123676,Alterosa,358,0.0,🟢 Baixo Risco,0,1,1
11176,2025,31123668,Alterosa,398,0.0,🟢 Baixo Risco,0,1,1
11177,2025,31370347,Divinópolis,273,0.0,🟢 Baixo Risco,0,1,1
11178,2025,31008508,Contagem,736,0.0,🟢 Baixo Risco,0,1,1
11179,2025,31008494,Contagem,820,0.0,🟢 Baixo Risco,0,1,1
11180,2025,31008486,Caeté,178,0.0,🟢 Baixo Risco,0,1,1
11181,2025,31371033,Nova Serrana,141,0.0,🟢 Baixo Risco,0,1,1
11182,2025,31370940,Uberlândia,805,0.0,🟢 Baixo Risco,0,1,1
11183,2025,31370770,Nova Serrana,658,0.0,🟢 Baixo Risco,0,1,1
11184,2025,31008800,Contagem,608,0.0,🟢 Baixo Risco,0,1,1
11185,2025,31008788,Contagem,1433,0.0,🟢 Baixo Risco,0,1,1
11186,2025,31371122,Montes Claros,237,0.0,🟢 Baixo Risco,0,1,1
11187,2025,31008621,Betim,398,0.0,🟢 Baixo Risco,0,1,1
11188,2025,31008605,Contagem,1582,0.0,🟢 Baixo Risco,0,1,1
11189,2025,31008591,Contagem,593,0.0,🟢 Baixo Risco,0,1,1
11190,2025,31008583,Betim,1211,0.0,🟢 Baixo Risco,0,1,1
11191,2025,31008575,Contagem,1395,0.0,🟢 Baixo Risco,0,1,1
11192,2025,31008567,Contagem,331,0.0,🟢 Baixo Risco,0,1,1
11193,2025,31008559,Contagem,788,0.0,🟢 Baixo Risco,0,1,1
11194,2025,31008541,Contagem,367,0.0,🟢 Baixo Risco,0,1,1
11195,2025,31008532,Contagem,1127,0.0,🟢 Baixo Risco,0,1,1
11196,2025,31137278,Guaxupé,319,0.0,🟢 Baixo Risco,0,1,1
11197,2025,31137944,São Sebastião do Paraíso,961,0.0,🟢 Baixo Risco,0,1,1
11198,2025,31137936,São Sebastião do Paraíso,80,0.0,🟢 Baixo Risco,0,1,1
11199,2025,31137928,São Sebastião do Paraíso,690,0.0,🟢 Baixo Risco,0,1,1
11200,2025,31137910,São Sebastião do Paraíso,1179,0.0,🟢 Baixo Risco,0,1,1
11201,2025,31137901,São Sebastião do Paraíso,371,0.0,🟢 Baixo Risco,0,1,1
11202,2025,31137898,São Sebastião do Paraíso,205,0.0,🟢 Baixo Risco,0,1,1
11203,2025,31137880,São Sebastião do Paraíso,580,0.0,🟢 Baixo Risco,0,1,1
11204,2025,31137871,São Sebastião do Paraíso,388,0.0,🟢 Baixo Risco,0,1,1
11205,2025,31137847,São Pedro da União,386,0.0,🟢 Baixo Risco,0,1,1
11206,2025,31137804,Itaú de Minas,241,0.0,🟢 Baixo Risco,0,1,1
11207,2025,31137791,Itaú de Minas,258,0.0,🟢 Baixo Risco,0,1,1
11208,2025,31137782,Itaú de Minas,294,0.0,🟢 Baixo Risco,0,1,1
11209,2025,31008524,Contagem,1512,0.0,🟢 Baixo Risco,0,1,1
11210,2025,31008516,Contagem,907,0.0,🟢 Baixo Risco,0,1,1
11211,2025,31372099,Pouso Alegre,172,0.0,🟢 Baixo Risco,0,1,1
11212,2025,31371939,Santa Efigênia de Minas,262,0.0,🟢 Baixo Risco,0,1,1
11213,2025,31371610,Vespasiano,346,0.0,🟢 Baixo Risco,0,1,1
11214,2025,31008427,Caeté,65,0.0,🟢 Baixo Risco,0,1,1
11215,2025,31008419,Caeté,734,0.0,🟢 Baixo Risco,0,1,1
11216,2025,31008401,Caeté,405,0.0,🟢 Baixo Risco,0,1,1
11217,2025,31008371,Caeté,353,0.0,🟢 Baixo Risco,0,1,1
11218,2025,31008354,Caeté,863,0.0,🟢 Baixo Risco,0,1,1
11219,2025,31008338,Caeté,713,0.0,🟢 Baixo Risco,0,1,1
11220,2025,31008273,Caeté,382,0.0,🟢 Baixo Risco,0,1,1
11221,2025,31372137,Contagem,699,0.0,🟢 Baixo Risco,0,1,1
11222,2025,31137677,Pratápolis,61,0.0,🟢 Baixo Risco,0,1,1
11223,2025,31137669,Monte Santo de Minas,116,0.0,🟢 Baixo Risco,0,1,1
11224,2025,31137618,Monte Santo de Minas,630,0.0,🟢 Baixo Risco,0,1,1
11225,2025,31137545,Monte Santo de Minas,689,0.0,🟢 Baixo Risco,0,1,1
11226,2025,31137529,Juruaia,849,0.0,🟢 Baixo Risco,0,1,1
11227,2025,31137502,Jacuí,621,0.0,🟢 Baixo Risco,0,1,1
11228,2025,31137472,Jacuí,309,0.0,🟢 Baixo Risco,0,1,1
11229,2025,31137456,Itamogi,344,0.0,🟢 Baixo Risco,0,1,1
11230,2025,31137430,Itamogi,106,0.0,🟢 Baixo Risco,0,1,1
11231,2025,31137413,Itamogi,526,0.0,🟢 Baixo Risco,0,1,1
11232,2025,31137359,Ibiraci,248,0.0,🟢 Baixo Risco,0,1,1
11233,2025,31137341,Ibiraci,1008,0.0,🟢 Baixo Risco,0,1,1
11234,2025,31137324,Guaxupé,1319,0.0,🟢 Baixo Risco,0,1,1
11235,2025,31373168,Sete Lagoas,291,0.0,🟢 Baixo Risco,0,1,1
11236,2025,31372471,Araxá,250,0.0,🟢 Baixo Risco,0,1,1
11237,2025,31372420,Serranópolis de Minas,152,0.0,🟢 Baixo Risco,0,1,1
11238,2025,31123846,Areado,1709,0.0,🟢 Baixo Risco,0,1,1
11239,2025,31137243,Guaxupé,305,0.0,🟢 Baixo Risco,0,1,1
11240,2025,31137235,Guaxupé,1378,0.0,🟢 Baixo Risco,0,1,1
11241,2025,31137227,Guaxupé,117,0.0,🟢 Baixo Risco,0,1,1
11242,2025,31137219,Guaxupé,432,0.0,🟢 Baixo Risco,0,1,1
11243,2025,31137201,Guaxupé,438,0.0,🟢 Baixo Risco,0,1,1
11244,2025,31137189,Guaxupé,161,0.0,🟢 Baixo Risco,0,1,1
11245,2025,31137154,Guaxupé,463,0.0,🟢 Baixo Risco,0,1,1
11246,2025,31137146,Guaranésia,144,0.0,🟢 Baixo Risco,0,1,1
11247,2025,31137103,Guaranésia,660,0.0,🟢 Baixo Risco,0,1,1
11248,2025,31137073,Guaranésia,912,0.0,🟢 Baixo Risco,0,1,1
11249,2025,31137065,Claraval,447,0.0,🟢 Baixo Risco,0,1,1
11250,2025,31137006,Cássia,424,0.0,🟢 Baixo Risco,0,1,1
11251,2025,31136948,Cássia,1019,0.0,🟢 Baixo Risco,0,1,1
11252,2025,31008001,Betim,526,0.0,🟢 Baixo Risco,0,1,1
11253,2025,31007994,Betim,626,0.0,🟢 Baixo Risco,0,1,1
11254,2025,31007986,Betim,347,0.0,🟢 Baixo Risco,0,1,1
11255,2025,31007978,Betim,446,0.0,🟢 Baixo Risco,0,1,1
11256,2025,31007960,Betim,193,0.0,🟢 Baixo Risco,0,1,1
11257,2025,31007951,Betim,201,0.0,🟢 Baixo Risco,0,1,1
11258,2025,31007943,Betim,721,0.0,🟢 Baixo Risco,0,1,1
11259,2025,31373753,Monte Sião,292,0.0,🟢 Baixo Risco,0,1,1
11260,2025,31373672,Mato Verde,277,0.0,🟢 Baixo Risco,0,1,1
11261,2025,31374288,Vespasiano,316,0.0,🟢 Baixo Risco,0,1,1
11262,2025,31374270,Vespasiano,719,0.0,🟢 Baixo Risco,0,1,1
11263,2025,31373923,João Monlevade,149,0.0,🟢 Baixo Risco,0,1,1
11264,2025,31373850,Capelinha,793,0.0,🟢 Baixo Risco,0,1,1
11265,2025,31008206,Brumadinho,383,0.0,🟢 Baixo Risco,0,1,1
11266,2025,31008192,Brumadinho,315,0.0,🟢 Baixo Risco,0,1,1
11267,2025,31008141,Brumadinho,581,0.0,🟢 Baixo Risco,0,1,1
11268,2025,31008117,Bonfim,435,0.0,🟢 Baixo Risco,0,1,1
11269,2025,31134881,Tiradentes,374,0.0,🟢 Baixo Risco,0,1,1
11270,2025,31134872,São Tiago,215,0.0,🟢 Baixo Risco,0,1,1
11271,2025,31136905,Capetinga,360,0.0,🟢 Baixo Risco,0,1,1
11272,2025,31136891,Capetinga,570,0.0,🟢 Baixo Risco,0,1,1
11273,2025,31136875,Arceburgo,333,0.0,🟢 Baixo Risco,0,1,1
11274,2025,31136859,Arceburgo,148,0.0,🟢 Baixo Risco,0,1,1
11275,2025,31136808,São João del Rei,454,0.0,🟢 Baixo Risco,0,1,1
11276,2025,31124061,Cabo Verde,235,0.0,🟢 Baixo Risco,0,1,1
11277,2025,31124010,Botelhos,352,0.0,🟢 Baixo Risco,0,1,1
11278,2025,31123994,Botelhos,714,0.0,🟢 Baixo Risco,0,1,1
11279,2025,31123978,Botelhos,236,0.0,🟢 Baixo Risco,0,1,1
11280,2025,31123951,Botelhos,618,0.0,🟢 Baixo Risco,0,1,1
11281,2025,31123901,Bom Jesus da Penha,381,0.0,🟢 Baixo Risco,0,1,1
11282,2025,31123897,Bandeira do Sul,507,0.0,🟢 Baixo Risco,0,1,1
11283,2025,31008044,Betim,747,0.0,🟢 Baixo Risco,0,1,1
11284,2025,31008028,Betim,933,0.0,🟢 Baixo Risco,0,1,1
11285,2025,31007820,Betim,908,0.0,🟢 Baixo Risco,0,1,1
11286,2025,31007811,Betim,1082,0.0,🟢 Baixo Risco,0,1,1
11287,2025,31007790,Betim,775,0.0,🟢 Baixo Risco,0,1,1
11288,2025,31007773,Betim,550,0.0,🟢 Baixo Risco,0,1,1
11289,2025,31007765,Betim,856,0.0,🟢 Baixo Risco,0,1,1
11290,2025,31374881,Contagem,1108,0.0,🟢 Baixo Risco,0,1,1
11291,2025,31374610,Guanhães,74,0.0,🟢 Baixo Risco,0,1,1
11292,2025,31374504,Ipanema,494,0.0,🟢 Baixo Risco,0,1,1
11293,2025,31375322,Aimorés,125,0.0,🟢 Baixo Risco,0,1,1
11294,2025,31375039,São Sebastião do Paraíso,357,0.0,🟢 Baixo Risco,0,1,1
11295,2025,31374954,Virgem da Lapa,418,0.0,🟢 Baixo Risco,0,1,1
11296,2025,31007927,Betim,1271,0.0,🟢 Baixo Risco,0,1,1
11297,2025,31007919,Betim,836,0.0,🟢 Baixo Risco,0,1,1
11298,2025,31007901,Betim,1077,0.0,🟢 Baixo Risco,0,1,1
11299,2025,31007889,Betim,469,0.0,🟢 Baixo Risco,0,1,1
11300,2025,31007871,Betim,964,0.0,🟢 Baixo Risco,0,1,1
11301,2025,31007862,Betim,325,0.0,🟢 Baixo Risco,0,1,1
11302,2025,31007854,Betim,1103,0.0,🟢 Baixo Risco,0,1,1
11303,2025,31007846,Ibirité,843,0.0,🟢 Baixo Risco,0,1,1
11304,2025,31007838,Betim,266,0.0,🟢 Baixo Risco,0,1,1
11305,2025,31375489,Montes Claros,303,0.0,🟢 Baixo Risco,0,1,1
11306,2025,31007749,Betim,1040,0.0,🟢 Baixo Risco,0,1,1
11307,2025,31007714,Barão de Cocais,436,0.0,🟢 Baixo Risco,0,1,1
11308,2025,31007706,Barão de Cocais,1202,0.0,🟢 Baixo Risco,0,1,1
11309,2025,31007692,Barão de Cocais,546,0.0,🟢 Baixo Risco,0,1,1
11310,2025,31005291,Belo Horizonte,520,0.0,🟢 Baixo Risco,0,1,1
11311,2025,31003824,Belo Horizonte,1088,0.0,🟢 Baixo Risco,0,1,1
11312,2025,31003816,Belo Horizonte,518,0.0,🟢 Baixo Risco,0,1,1
11313,2025,31003808,Belo Horizonte,677,0.0,🟢 Baixo Risco,0,1,1
11314,2025,31003794,Belo Horizonte,602,0.0,🟢 Baixo Risco,0,1,1
11315,2025,31003786,Belo Horizonte,664,0.0,🟢 Baixo Risco,0,1,1
11316,2025,31003778,Belo Horizonte,666,0.0,🟢 Baixo Risco,0,1,1
11317,2025,31134619,São João del Rei,1201,0.0,🟢 Baixo Risco,0,1,1
11318,2025,31134597,São João del Rei,239,0.0,🟢 Baixo Risco,0,1,1
11319,2025,31123790,Andradas,94,0.0,🟢 Baixo Risco,0,1,1
11320,2025,31123773,Andradas,123,0.0,🟢 Baixo Risco,0,1,1
11321,2025,31224111,Belo Horizonte,560,0.0,🟢 Baixo Risco,0,1,1
11322,2025,31224103,São José da Lapa,1030,0.0,🟢 Baixo Risco,0,1,1
11323,2025,31097322,Cataguases,762,0.0,🟢 Baixo Risco,0,1,1
11324,2025,31097314,Cataguases,502,0.0,🟢 Baixo Risco,0,1,1
11325,2025,31097306,Cataguases,192,0.0,🟢 Baixo Risco,0,1,1
11326,2025,31097292,Fervedouro,139,0.0,🟢 Baixo Risco,0,1,1
11327,2025,31097250,Fervedouro,75,0.0,🟢 Baixo Risco,0,1,1
11328,2025,31097179,Fervedouro,1337,0.0,🟢 Baixo Risco,0,1,1
11329,2025,31097039,Carangola,352,0.0,🟢 Baixo Risco,0,1,1
11330,2025,31097012,Carangola,741,0.0,🟢 Baixo Risco,0,1,1
11331,2025,31096971,Carangola,241,0.0,🟢 Baixo Risco,0,1,1
11332,2025,31096938,Carangola,676,0.0,🟢 Baixo Risco,0,1,1
11333,2025,31231665,Ibirité,597,0.0,🟢 Baixo Risco,0,1,1
11334,2025,31231657,Ibirité,498,0.0,🟢 Baixo Risco,0,1,1
11335,2025,31231550,Prudente de Morais,395,0.0,🟢 Baixo Risco,0,1,1
11336,2025,31231533,Brasília de Minas,118,0.0,🟢 Baixo Risco,0,1,1
11337,2025,31123749,Andradas,411,0.0,🟢 Baixo Risco,0,1,1
11338,2025,31136158,Santo Antônio do Amparo,56,0.0,🟢 Baixo Risco,0,1,1
11339,2025,31136140,Santo Antônio do Amparo,16,0.0,🟢 Baixo Risco,0,1,1
11340,2025,31135852,Prados,67,0.0,🟢 Baixo Risco,0,1,1
11341,2025,31135232,Dores de Campos,18,0.0,🟢 Baixo Risco,0,1,1
11342,2025,31134911,Santa Cruz de Minas,151,0.0,🟢 Baixo Risco,0,1,1
11343,2025,31003760,Belo Horizonte,948,0.0,🟢 Baixo Risco,0,1,1
11344,2025,31003751,Belo Horizonte,1215,0.0,🟢 Baixo Risco,0,1,1
11345,2025,31003646,Belo Horizonte,878,0.0,🟢 Baixo Risco,0,1,1
11346,2025,31003638,Belo Horizonte,630,0.0,🟢 Baixo Risco,0,1,1
11347,2025,31003620,Belo Horizonte,655,0.0,🟢 Baixo Risco,0,1,1
11348,2025,31003611,Belo Horizonte,461,0.0,🟢 Baixo Risco,0,1,1
11349,2025,31003603,Belo Horizonte,540,0.0,🟢 Baixo Risco,0,1,1
11350,2025,31003590,Belo Horizonte,447,0.0,🟢 Baixo Risco,0,1,1
11351,2025,31003581,Belo Horizonte,799,0.0,🟢 Baixo Risco,0,1,1
11352,2025,31376531,Conceição do Mato Dentro,46,0.0,🟢 Baixo Risco,0,1,1
11353,2025,31003743,Belo Horizonte,854,0.0,🟢 Baixo Risco,0,1,1
11354,2025,31003735,Belo Horizonte,744,0.0,🟢 Baixo Risco,0,1,1
11355,2025,31003727,Belo Horizonte,933,0.0,🟢 Baixo Risco,0,1,1
11356,2025,31003719,Belo Horizonte,656,0.0,🟢 Baixo Risco,0,1,1
11357,2025,31003701,Belo Horizonte,427,0.0,🟢 Baixo Risco,0,1,1
11358,2025,31003697,Belo Horizonte,1025,0.0,🟢 Baixo Risco,0,1,1
11359,2025,31003689,Belo Horizonte,796,0.0,🟢 Baixo Risco,0,1,1
11360,2025,31003671,Belo Horizonte,1497,0.0,🟢 Baixo Risco,0,1,1
11361,2025,31003573,Belo Horizonte,513,0.0,🟢 Baixo Risco,0,1,1
11362,2025,31003565,Belo Horizonte,941,0.0,🟢 Baixo Risco,0,1,1
11363,2025,31003557,Belo Horizonte,790,0.0,🟢 Baixo Risco,0,1,1
11364,2025,31003549,Belo Horizonte,906,0.0,🟢 Baixo Risco,0,1,1
11365,2025,31003522,Belo Horizonte,483,0.0,🟢 Baixo Risco,0,1,1
11366,2025,31003514,Belo Horizonte,667,0.0,🟢 Baixo Risco,0,1,1
11367,2025,31003506,Belo Horizonte,660,0.0,🟢 Baixo Risco,0,1,1
11368,2025,31003492,Belo Horizonte,280,0.0,🟢 Baixo Risco,0,1,1
11369,2025,31003484,Belo Horizonte,613,0.0,🟢 Baixo Risco,0,1,1
11370,2025,31003468,Belo Horizonte,850,0.0,🟢 Baixo Risco,0,1,1
11371,2025,31003450,Belo Horizonte,995,0.0,🟢 Baixo Risco,0,1,1
11372,2025,31003441,Belo Horizonte,528,0.0,🟢 Baixo Risco,0,1,1
11373,2025,31134180,Lagoa Dourada,888,0.0,🟢 Baixo Risco,0,1,1
11374,2025,31134813,São Tiago,824,0.0,🟢 Baixo Risco,0,1,1
11375,2025,31134805,São João del Rei,186,0.0,🟢 Baixo Risco,0,1,1
11376,2025,31134791,São João del Rei,328,0.0,🟢 Baixo Risco,0,1,1
11377,2025,31134783,São João del Rei,68,0.0,🟢 Baixo Risco,0,1,1
11378,2025,31134759,São João del Rei,394,0.0,🟢 Baixo Risco,0,1,1
11379,2025,31134732,São João del Rei,31,0.0,🟢 Baixo Risco,0,1,1
11380,2025,31134724,São João del Rei,298,0.0,🟢 Baixo Risco,0,1,1
11381,2025,31134716,São João del Rei,596,0.0,🟢 Baixo Risco,0,1,1
11382,2025,31134694,São João del Rei,444,0.0,🟢 Baixo Risco,0,1,1
11383,2025,31134660,São João del Rei,1038,0.0,🟢 Baixo Risco,0,1,1
11384,2025,31134651,São João del Rei,300,0.0,🟢 Baixo Risco,0,1,1
11385,2025,31134643,São João del Rei,276,0.0,🟢 Baixo Risco,0,1,1
11386,2025,31134635,São João del Rei,312,0.0,🟢 Baixo Risco,0,1,1
11387,2025,31003433,Belo Horizonte,536,0.0,🟢 Baixo Risco,0,1,1
11388,2025,31003425,Belo Horizonte,363,0.0,🟢 Baixo Risco,0,1,1
11389,2025,31003255,Belo Horizonte,1109,0.0,🟢 Baixo Risco,0,1,1
11390,2025,31003247,Belo Horizonte,1082,0.0,🟢 Baixo Risco,0,1,1
11391,2025,31377678,Santo Antônio do Amparo,13,0.0,🟢 Baixo Risco,0,1,1
11392,2025,31377546,São João do Manhuaçu,28,0.0,🟢 Baixo Risco,0,1,1
11393,2025,31377473,São Gonçalo do Sapucaí,90,0.0,🟢 Baixo Risco,0,1,1
11394,2025,31377430,Nova Serrana,662,0.0,🟢 Baixo Risco,0,1,1
11395,2025,31377163,Jaboticatubas,215,0.0,🟢 Baixo Risco,0,1,1
11396,2025,31003417,Belo Horizonte,838,0.0,🟢 Baixo Risco,0,1,1
11397,2025,31003409,Belo Horizonte,682,0.0,🟢 Baixo Risco,0,1,1
11398,2025,31003387,Belo Horizonte,863,0.0,🟢 Baixo Risco,0,1,1
11399,2025,31003379,Belo Horizonte,670,0.0,🟢 Baixo Risco,0,1,1
11400,2025,31003344,Belo Horizonte,437,0.0,🟢 Baixo Risco,0,1,1
11401,2025,31003336,Belo Horizonte,851,0.0,🟢 Baixo Risco,0,1,1
11402,2025,31003328,Belo Horizonte,273,0.0,🟢 Baixo Risco,0,1,1
11403,2025,31003301,Belo Horizonte,295,0.0,🟢 Baixo Risco,0,1,1
11404,2025,31003298,Belo Horizonte,684,0.0,🟢 Baixo Risco,0,1,1
11405,2025,31003280,Belo Horizonte,663,0.0,🟢 Baixo Risco,0,1,1
11406,2025,31134571,São João del Rei,422,0.0,🟢 Baixo Risco,0,1,1
11407,2025,31134562,São João del Rei,543,0.0,🟢 Baixo Risco,0,1,1
11408,2025,31134538,Santo Antônio do Amparo,348,0.0,🟢 Baixo Risco,0,1,1
11409,2025,31134511,Santo Antônio do Amparo,672,0.0,🟢 Baixo Risco,0,1,1
11410,2025,31134473,Santo Antônio do Amparo,249,0.0,🟢 Baixo Risco,0,1,1
11411,2025,31134414,Ritápolis,376,0.0,🟢 Baixo Risco,0,1,1
11412,2025,31134368,Resende Costa,616,0.0,🟢 Baixo Risco,0,1,1
11413,2025,31134333,Prados,669,0.0,🟢 Baixo Risco,0,1,1
11414,2025,31134295,Nazareno,704,0.0,🟢 Baixo Risco,0,1,1
11415,2025,31134287,Luminárias,454,0.0,🟢 Baixo Risco,0,1,1
11416,2025,31134261,Luminárias,269,0.0,🟢 Baixo Risco,0,1,1
11417,2025,31003263,Belo Horizonte,753,0.0,🟢 Baixo Risco,0,1,1
11418,2025,31378534,Águas Vermelhas,54,0.0,🟢 Baixo Risco,0,1,1
11419,2025,31378526,Águas Vermelhas,62,0.0,🟢 Baixo Risco,0,1,1
11420,2025,31378429,Ponto Chique,161,0.0,🟢 Baixo Risco,0,1,1
11421,2025,31378356,Caetanópolis,166,0.0,🟢 Baixo Risco,0,1,1
11422,2025,31378216,Araxá,131,0.0,🟢 Baixo Risco,0,1,1
11423,2025,31378208,Nova Serrana,402,0.0,🟢 Baixo Risco,0,1,1
11424,2025,31378186,Guanhães,252,0.0,🟢 Baixo Risco,0,1,1
11425,2025,31377929,Caldas,51,0.0,🟢 Baixo Risco,0,1,1
11426,2025,31379018,Piracema,239,0.0,🟢 Baixo Risco,0,1,1
11427,2025,31000469,Belo Horizonte,1174,0.0,🟢 Baixo Risco,0,1,1
11428,2025,31378674,Fervedouro,95,0.0,🟢 Baixo Risco,0,1,1
11429,2025,31378666,Fervedouro,159,0.0,🟢 Baixo Risco,0,1,1
11430,2025,31378640,Santo Antônio do Amparo,173,0.0,🟢 Baixo Risco,0,1,1
11431,2025,31378623,Barroso,72,0.0,🟢 Baixo Risco,0,1,1
11432,2025,31378615,Salinas,202,0.0,🟢 Baixo Risco,0,1,1
11433,2025,31378607,Salinas,53,0.0,🟢 Baixo Risco,0,1,1
11434,2025,31124184,Caldas,430,0.0,🟢 Baixo Risco,0,1,1
11435,2025,31134163,Itutinga,295,0.0,🟢 Baixo Risco,0,1,1
11436,2025,31134147,Itumirim,285,0.0,🟢 Baixo Risco,0,1,1
11437,2025,31134139,Itumirim,63,0.0,🟢 Baixo Risco,0,1,1
11438,2025,31134121,Itumirim,303,0.0,🟢 Baixo Risco,0,1,1
11439,2025,31134104,Ingaí,210,0.0,🟢 Baixo Risco,0,1,1
11440,2025,31134040,Ijaci,537,0.0,🟢 Baixo Risco,0,1,1
11441,2025,31134007,Ibituruna,236,0.0,🟢 Baixo Risco,0,1,1
11442,2025,31133981,Dores de Campos,425,0.0,🟢 Baixo Risco,0,1,1
11443,2025,31133973,Dores de Campos,717,0.0,🟢 Baixo Risco,0,1,1
11444,2025,31133949,Coronel Xavier Chaves,307,0.0,🟢 Baixo Risco,0,1,1
11445,2025,31133931,Conceição da Barra de Minas,277,0.0,🟢 Baixo Risco,0,1,1
11446,2025,31378593,Salinas,470,0.0,🟢 Baixo Risco,0,1,1
11447,2025,31378585,Salinas,195,0.0,🟢 Baixo Risco,0,1,1
11448,2025,31003115,Belo Horizonte,658,0.0,🟢 Baixo Risco,0,1,1
11449,2025,31003107,Belo Horizonte,382,0.0,🟢 Baixo Risco,0,1,1
11450,2025,31003093,Belo Horizonte,698,0.0,🟢 Baixo Risco,0,1,1
11451,2025,31379166,São João do Manhuaçu,116,0.0,🟢 Baixo Risco,0,1,1
11452,2025,31379140,Caputira,123,0.0,🟢 Baixo Risco,0,1,1
11453,2025,31379115,São João Nepomuceno,147,0.0,🟢 Baixo Risco,0,1,1
11454,2025,31379042,São José do Jacuri,121,0.0,🟢 Baixo Risco,0,1,1
11455,2025,31379492,Perdizes,54,0.0,🟢 Baixo Risco,0,1,1
11456,2025,31379484,Perdizes,45,0.0,🟢 Baixo Risco,0,1,1
11457,2025,31003239,Belo Horizonte,536,0.0,🟢 Baixo Risco,0,1,1
11458,2025,31003221,Belo Horizonte,637,0.0,🟢 Baixo Risco,0,1,1
11459,2025,31003212,Belo Horizonte,806,0.0,🟢 Baixo Risco,0,1,1
11460,2025,31003204,Belo Horizonte,896,0.0,🟢 Baixo Risco,0,1,1
11461,2025,31003191,Belo Horizonte,230,0.0,🟢 Baixo Risco,0,1,1
11462,2025,31003182,Belo Horizonte,470,0.0,🟢 Baixo Risco,0,1,1
11463,2025,31003166,Belo Horizonte,703,0.0,🟢 Baixo Risco,0,1,1
11464,2025,31003158,Belo Horizonte,297,0.0,🟢 Baixo Risco,0,1,1
11465,2025,31003140,Belo Horizonte,312,0.0,🟢 Baixo Risco,0,1,1
11466,2025,31124575,Muzambinho,629,0.0,🟢 Baixo Risco,0,1,1
11467,2025,31093441,Salinas,24,0.0,🟢 Baixo Risco,0,1,1
11468,2025,31224014,Santo Antônio do Monte,793,0.0,🟢 Baixo Risco,0,1,1
11469,2025,31224006,Unaí,558,0.0,🟢 Baixo Risco,0,1,1
11470,2025,31226360,Betim,468,0.0,🟢 Baixo Risco,0,1,1
11471,2025,31226351,Betim,602,0.0,🟢 Baixo Risco,0,1,1
11472,2025,31225673,Campo Florido,636,0.0,🟢 Baixo Risco,0,1,1
11473,2025,31225631,Eugenópolis,229,0.0,🟢 Baixo Risco,0,1,1
11474,2025,31225118,Itabira,353,0.0,🟢 Baixo Risco,0,1,1
11475,2025,31093416,Salinas,70,0.0,🟢 Baixo Risco,0,1,1
11476,2025,31092061,Santo Antônio do Retiro,331,0.0,🟢 Baixo Risco,0,1,1
11477,2025,31091995,Rio Pardo de Minas,950,0.0,🟢 Baixo Risco,0,1,1
11478,2025,31229644,Ipatinga,495,0.0,🟢 Baixo Risco,0,1,1
11479,2025,31229610,Paraopeba,333,0.0,🟢 Baixo Risco,0,1,1
11480,2025,31223069,Sabará,633,0.0,🟢 Baixo Risco,0,1,1
11481,2025,31133744,Bom Sucesso,720,0.0,🟢 Baixo Risco,0,1,1
11482,2025,31133728,Bom Sucesso,426,0.0,🟢 Baixo Risco,0,1,1
11483,2025,31124311,Conceição da Aparecida,440,0.0,🟢 Baixo Risco,0,1,1
11484,2025,31124303,Campestre,427,0.0,🟢 Baixo Risco,0,1,1
11485,2025,31124290,Campestre,152,0.0,🟢 Baixo Risco,0,1,1
11486,2025,31124281,Campestre,375,0.0,🟢 Baixo Risco,0,1,1
11487,2025,31124231,Caldas,78,0.0,🟢 Baixo Risco,0,1,1
11488,2025,31124192,Caldas,383,0.0,🟢 Baixo Risco,0,1,1
11489,2025,31003131,Belo Horizonte,804,0.0,🟢 Baixo Risco,0,1,1
11490,2025,31380296,Uberaba,1207,0.0,🟢 Baixo Risco,0,1,1
11491,2025,31380075,Congonhas,321,0.0,🟢 Baixo Risco,0,1,1
11492,2025,31380059,Uberaba,52,0.0,🟢 Baixo Risco,0,1,1
11493,2025,31000451,Belo Horizonte,362,0.0,🟢 Baixo Risco,0,1,1
11494,2025,31124826,Poços de Caldas,247,0.0,🟢 Baixo Risco,0,1,1
11495,2025,31124818,Poços de Caldas,482,0.0,🟢 Baixo Risco,0,1,1
11496,2025,31124133,Cabo Verde,79,0.0,🟢 Baixo Risco,0,1,1
11497,2025,31124117,Cabo Verde,129,0.0,🟢 Baixo Risco,0,1,1
11498,2025,31124095,Cabo Verde,522,0.0,🟢 Baixo Risco,0,1,1
11499,2025,31124079,Cabo Verde,347,0.0,🟢 Baixo Risco,0,1,1
11500,2025,31132250,Raul Soares,61,0.0,🟢 Baixo Risco,0,1,1
11501,2025,31131954,Ponte Nova,659,0.0,🟢 Baixo Risco,0,1,1
11502,2025,31379611,Ubá,187,0.0,🟢 Baixo Risco,0,1,1
11503,2025,31379573,Prudente de Morais,233,0.0,🟢 Baixo Risco,0,1,1
11504,2025,31002976,Belo Horizonte,336,0.0,🟢 Baixo Risco,0,1,1
11505,2025,31002968,Belo Horizonte,691,0.0,🟢 Baixo Risco,0,1,1
11506,2025,31002950,Belo Horizonte,435,0.0,🟢 Baixo Risco,0,1,1
11507,2025,31002941,Belo Horizonte,726,0.0,🟢 Baixo Risco,0,1,1
11508,2025,31002933,Belo Horizonte,1039,0.0,🟢 Baixo Risco,0,1,1
11509,2025,31002925,Belo Horizonte,816,0.0,🟢 Baixo Risco,0,1,1
11510,2025,31381268,Sabará,206,0.0,🟢 Baixo Risco,0,1,1
11511,2025,31003077,Belo Horizonte,617,0.0,🟢 Baixo Risco,0,1,1
11512,2025,31003069,Belo Horizonte,872,0.0,🟢 Baixo Risco,0,1,1
11513,2025,31003051,Belo Horizonte,813,0.0,🟢 Baixo Risco,0,1,1
11514,2025,31003034,Belo Horizonte,546,0.0,🟢 Baixo Risco,0,1,1
11515,2025,31003026,Belo Horizonte,804,0.0,🟢 Baixo Risco,0,1,1
11516,2025,31003018,Belo Horizonte,630,0.0,🟢 Baixo Risco,0,1,1
11517,2025,31003000,Belo Horizonte,897,0.0,🟢 Baixo Risco,0,1,1
11518,2025,31002992,Belo Horizonte,839,0.0,🟢 Baixo Risco,0,1,1
11519,2025,31002984,Belo Horizonte,726,0.0,🟢 Baixo Risco,0,1,1
11520,2025,31381659,Virgem da Lapa,497,0.0,🟢 Baixo Risco,0,1,1
11521,2025,31381624,Poço Fundo,348,0.0,🟢 Baixo Risco,0,1,1
11522,2025,31381616,Guapé,319,0.0,🟢 Baixo Risco,0,1,1
11523,2025,31381586,Araxá,290,0.0,🟢 Baixo Risco,0,1,1
11524,2025,31381578,Araxá,191,0.0,🟢 Baixo Risco,0,1,1
11525,2025,31381560,Araxá,441,0.0,🟢 Baixo Risco,0,1,1
11526,2025,31381551,Araxá,549,0.0,🟢 Baixo Risco,0,1,1
11527,2025,31381535,Monte Sião,279,0.0,🟢 Baixo Risco,0,1,1
11528,2025,31381527,Carmo do Rio Claro,225,0.0,🟢 Baixo Risco,0,1,1
11529,2025,31381500,Luz,100,0.0,🟢 Baixo Risco,0,1,1
11530,2025,31381411,São José do Jacuri,216,0.0,🟢 Baixo Risco,0,1,1
11531,2025,31129992,Viçosa,580,0.0,🟢 Baixo Risco,0,1,1
11532,2025,31124524,Monte Belo,293,0.0,🟢 Baixo Risco,0,1,1
11533,2025,31124516,Monte Belo,572,0.0,🟢 Baixo Risco,0,1,1
11534,2025,31124460,Ipuiúna,593,0.0,🟢 Baixo Risco,0,1,1
11535,2025,31124419,Divisa Nova,512,0.0,🟢 Baixo Risco,0,1,1
11536,2025,31124389,Congonhal,926,0.0,🟢 Baixo Risco,0,1,1
11537,2025,31124346,Conceição da Aparecida,368,0.0,🟢 Baixo Risco,0,1,1
11538,2025,31130044,Viçosa,326,0.0,🟢 Baixo Risco,0,1,1
11539,2025,31130036,Viçosa,488,0.0,🟢 Baixo Risco,0,1,1
11540,2025,31130001,Viçosa,662,0.0,🟢 Baixo Risco,0,1,1
11541,2025,31002780,Belo Horizonte,613,0.0,🟢 Baixo Risco,0,1,1
11542,2025,31002771,Belo Horizonte,359,0.0,🟢 Baixo Risco,0,1,1
11543,2025,31002763,Belo Horizonte,573,0.0,🟢 Baixo Risco,0,1,1
11544,2025,31381896,Campos Gerais,172,0.0,🟢 Baixo Risco,0,1,1
11545,2025,31381888,Campos Altos,399,0.0,🟢 Baixo Risco,0,1,1
11546,2025,31381870,Araxá,473,0.0,🟢 Baixo Risco,0,1,1
11547,2025,31381772,Limeira do Oeste,97,0.0,🟢 Baixo Risco,0,1,1
11548,2025,31381730,Três Corações,270,0.0,🟢 Baixo Risco,0,1,1
11549,2025,31381691,Tupaciguara,207,0.0,🟢 Baixo Risco,0,1,1
11550,2025,31381683,Desterro de Entre Rios,209,0.0,🟢 Baixo Risco,0,1,1
11551,2025,31381900,Campos Gerais,343,0.0,🟢 Baixo Risco,0,1,1
11552,2025,31002917,Belo Horizonte,833,0.0,🟢 Baixo Risco,0,1,1
11553,2025,31002909,Belo Horizonte,289,0.0,🟢 Baixo Risco,0,1,1
11554,2025,31002895,Belo Horizonte,1171,0.0,🟢 Baixo Risco,0,1,1
11555,2025,31002879,Belo Horizonte,225,0.0,🟢 Baixo Risco,0,1,1
11556,2025,31002861,Belo Horizonte,411,0.0,🟢 Baixo Risco,0,1,1
11557,2025,31002852,Belo Horizonte,437,0.0,🟢 Baixo Risco,0,1,1
11558,2025,31002844,Belo Horizonte,430,0.0,🟢 Baixo Risco,0,1,1
11559,2025,31002836,Belo Horizonte,663,0.0,🟢 Baixo Risco,0,1,1
11560,2025,31129658,São Pedro dos Ferros,507,0.0,🟢 Baixo Risco,0,1,1
11561,2025,31129623,São Pedro dos Ferros,202,0.0,🟢 Baixo Risco,0,1,1
11562,2025,31124796,Poços de Caldas,98,0.0,🟢 Baixo Risco,0,1,1
11563,2025,31124761,Poços de Caldas,842,0.0,🟢 Baixo Risco,0,1,1
11564,2025,31124753,Poços de Caldas,904,0.0,🟢 Baixo Risco,0,1,1
11565,2025,31124745,Poços de Caldas,186,0.0,🟢 Baixo Risco,0,1,1
11566,2025,31224570,Boa Esperança,536,0.0,🟢 Baixo Risco,0,1,1
11567,2025,31226572,Betim,1262,0.0,🟢 Baixo Risco,0,1,1
11568,2025,31226564,Betim,727,0.0,🟢 Baixo Risco,0,1,1
11569,2025,31226556,Betim,549,0.0,🟢 Baixo Risco,0,1,1
11570,2025,31226513,Sabará,490,0.0,🟢 Baixo Risco,0,1,1
11571,2025,31226505,Sabará,488,0.0,🟢 Baixo Risco,0,1,1
11572,2025,31226416,São Joaquim de Bicas,721,0.0,🟢 Baixo Risco,0,1,1
11573,2025,31229474,Bicas,234,0.0,🟢 Baixo Risco,0,1,1
11574,2025,31093092,Salinas,76,0.0,🟢 Baixo Risco,0,1,1
11575,2025,31093947,São João da Ponte,171,0.0,🟢 Baixo Risco,0,1,1
11576,2025,31093874,São João da Ponte,678,0.0,🟢 Baixo Risco,0,1,1
11577,2025,31093742,São João da Ponte,304,0.0,🟢 Baixo Risco,0,1,1
11578,2025,31124737,Poços de Caldas,791,0.0,🟢 Baixo Risco,0,1,1
11579,2025,31124729,Poços de Caldas,616,0.0,🟢 Baixo Risco,0,1,1
11580,2025,31124711,Poços de Caldas,270,0.0,🟢 Baixo Risco,0,1,1
11581,2025,31124702,Poços de Caldas,365,0.0,🟢 Baixo Risco,0,1,1
11582,2025,31124699,Nova Resende,278,0.0,🟢 Baixo Risco,0,1,1
11583,2025,31124664,Nova Resende,799,0.0,🟢 Baixo Risco,0,1,1
11584,2025,31124656,Muzambinho,662,0.0,🟢 Baixo Risco,0,1,1
11585,2025,31124648,Muzambinho,440,0.0,🟢 Baixo Risco,0,1,1
11586,2025,31002828,Belo Horizonte,265,0.0,🟢 Baixo Risco,0,1,1
11587,2025,31002810,Belo Horizonte,1090,0.0,🟢 Baixo Risco,0,1,1
11588,2025,31002593,Belo Horizonte,538,0.0,🟢 Baixo Risco,0,1,1
11589,2025,31382345,Tocantins,279,0.0,🟢 Baixo Risco,0,1,1
11590,2025,31382280,Mateus Leme,208,0.0,🟢 Baixo Risco,0,1,1
11591,2025,31382248,Ibiaí,124,0.0,🟢 Baixo Risco,0,1,1
11592,2025,31382221,Rubelita,174,0.0,🟢 Baixo Risco,0,1,1
11593,2025,31382183,Coronel Fabriciano,548,0.0,🟢 Baixo Risco,0,1,1
11594,2025,31382167,Uberaba,252,0.0,🟢 Baixo Risco,0,1,1
11595,2025,31002755,Belo Horizonte,198,0.0,🟢 Baixo Risco,0,1,1
11596,2025,31002747,Belo Horizonte,308,0.0,🟢 Baixo Risco,0,1,1
11597,2025,31002739,Belo Horizonte,616,0.0,🟢 Baixo Risco,0,1,1
11598,2025,31002712,Belo Horizonte,695,0.0,🟢 Baixo Risco,0,1,1
11599,2025,31002704,Belo Horizonte,803,0.0,🟢 Baixo Risco,0,1,1
11600,2025,31002682,Belo Horizonte,852,0.0,🟢 Baixo Risco,0,1,1
11601,2025,31002674,Belo Horizonte,779,0.0,🟢 Baixo Risco,0,1,1
11602,2025,31002658,Belo Horizonte,642,0.0,🟢 Baixo Risco,0,1,1
11603,2025,31002640,Belo Horizonte,240,0.0,🟢 Baixo Risco,0,1,1
11604,2025,31002631,Belo Horizonte,794,0.0,🟢 Baixo Risco,0,1,1
11605,2025,31002411,Belo Horizonte,1207,0.0,🟢 Baixo Risco,0,1,1
11606,2025,31382981,São Joaquim de Bicas,462,0.0,🟢 Baixo Risco,0,1,1
11607,2025,31382914,Buritizeiro,413,0.0,🟢 Baixo Risco,0,1,1
11608,2025,31382892,Santo Antônio do Monte,34,0.0,🟢 Baixo Risco,0,1,1
11609,2025,31382850,Ninheira,46,0.0,🟢 Baixo Risco,0,1,1
11610,2025,31382710,Santos Dumont,161,0.0,🟢 Baixo Risco,0,1,1
11611,2025,31382680,Ibiá,126,0.0,🟢 Baixo Risco,0,1,1
11612,2025,31129313,Raul Soares,589,0.0,🟢 Baixo Risco,0,1,1
11613,2025,31129305,Raul Soares,88,0.0,🟢 Baixo Risco,0,1,1
11614,2025,31129941,Viçosa,320,0.0,🟢 Baixo Risco,0,1,1
11615,2025,31129895,Viçosa,483,0.0,🟢 Baixo Risco,0,1,1
11616,2025,31129861,Viçosa,1132,0.0,🟢 Baixo Risco,0,1,1
11617,2025,31129836,Urucânia,661,0.0,🟢 Baixo Risco,0,1,1
11618,2025,31129828,Urucânia,209,0.0,🟢 Baixo Risco,0,1,1
11619,2025,31129801,Urucânia,77,0.0,🟢 Baixo Risco,0,1,1
11620,2025,31129763,Teixeiras,657,0.0,🟢 Baixo Risco,0,1,1
11621,2025,31129674,Sericita,610,0.0,🟢 Baixo Risco,0,1,1
11622,2025,31129666,São Pedro dos Ferros,123,0.0,🟢 Baixo Risco,0,1,1
11623,2025,31382663,Uberlândia,590,0.0,🟢 Baixo Risco,0,1,1
11624,2025,31383074,Patrocínio,347,0.0,🟢 Baixo Risco,0,1,1
11625,2025,31002585,Belo Horizonte,546,0.0,🟢 Baixo Risco,0,1,1
11626,2025,31002551,Belo Horizonte,495,0.0,🟢 Baixo Risco,0,1,1
11627,2025,31002542,Belo Horizonte,896,0.0,🟢 Baixo Risco,0,1,1
11628,2025,31002534,Belo Horizonte,1104,0.0,🟢 Baixo Risco,0,1,1
11629,2025,31002526,Belo Horizonte,1286,0.0,🟢 Baixo Risco,0,1,1
11630,2025,31002518,Belo Horizonte,1368,0.0,🟢 Baixo Risco,0,1,1
11631,2025,31002500,Belo Horizonte,612,0.0,🟢 Baixo Risco,0,1,1
11632,2025,31002496,Belo Horizonte,386,0.0,🟢 Baixo Risco,0,1,1
11633,2025,31002488,Belo Horizonte,419,0.0,🟢 Baixo Risco,0,1,1
11634,2025,31002461,Belo Horizonte,1142,0.0,🟢 Baixo Risco,0,1,1
11635,2025,31002453,Belo Horizonte,1079,0.0,🟢 Baixo Risco,0,1,1
11636,2025,31002445,Belo Horizonte,1155,0.0,🟢 Baixo Risco,0,1,1
11637,2025,31002437,Belo Horizonte,899,0.0,🟢 Baixo Risco,0,1,1
11638,2025,31002429,Belo Horizonte,1062,0.0,🟢 Baixo Risco,0,1,1
11639,2025,31002241,Belo Horizonte,1898,0.0,🟢 Baixo Risco,0,1,1
11640,2025,31383775,São Sebastião do Paraíso,241,0.0,🟢 Baixo Risco,0,1,1
11641,2025,31383457,Nova União,103,0.0,🟢 Baixo Risco,0,1,1
11642,2025,31383341,Taiobeiras,486,0.0,🟢 Baixo Risco,0,1,1
11643,2025,31383333,Taiobeiras,512,0.0,🟢 Baixo Risco,0,1,1
11644,2025,31383171,Ilicínea,286,0.0,🟢 Baixo Risco,0,1,1
11645,2025,31383112,Patrocínio,297,0.0,🟢 Baixo Risco,0,1,1
11646,2025,31383104,Patrocínio,147,0.0,🟢 Baixo Risco,0,1,1
11647,2025,31383090,Patrocínio,248,0.0,🟢 Baixo Risco,0,1,1
11648,2025,31383082,Patrocínio,205,0.0,🟢 Baixo Risco,0,1,1
11649,2025,31002402,Belo Horizonte,1316,0.0,🟢 Baixo Risco,0,1,1
11650,2025,31002399,Belo Horizonte,273,0.0,🟢 Baixo Risco,0,1,1
11651,2025,31002381,Belo Horizonte,335,0.0,🟢 Baixo Risco,0,1,1
11652,2025,31002372,Belo Horizonte,691,0.0,🟢 Baixo Risco,0,1,1
11653,2025,31002364,Belo Horizonte,1059,0.0,🟢 Baixo Risco,0,1,1
11654,2025,31002356,Belo Horizonte,1050,0.0,🟢 Baixo Risco,0,1,1
11655,2025,31002348,Belo Horizonte,1295,0.0,🟢 Baixo Risco,0,1,1
11656,2025,31002330,Belo Horizonte,345,0.0,🟢 Baixo Risco,0,1,1
11657,2025,31002321,Belo Horizonte,720,0.0,🟢 Baixo Risco,0,1,1
11658,2025,31002313,Belo Horizonte,1530,0.0,🟢 Baixo Risco,0,1,1
11659,2025,31002305,Belo Horizonte,868,0.0,🟢 Baixo Risco,0,1,1
11660,2025,31002283,Belo Horizonte,13,0.0,🟢 Baixo Risco,0,1,1
11661,2025,31124915,Poços de Caldas,388,0.0,🟢 Baixo Risco,0,1,1
11662,2025,31124907,Poços de Caldas,599,0.0,🟢 Baixo Risco,0,1,1
11663,2025,31129593,São Pedro dos Ferros,30,0.0,🟢 Baixo Risco,0,1,1
11664,2025,31129585,São Miguel do Anta,477,0.0,🟢 Baixo Risco,0,1,1
11665,2025,31129551,São Miguel do Anta,115,0.0,🟢 Baixo Risco,0,1,1
11666,2025,31129534,Santo Antônio do Grama,359,0.0,🟢 Baixo Risco,0,1,1
11667,2025,31129461,Santa Cruz do Escalvado,229,0.0,🟢 Baixo Risco,0,1,1
11668,2025,31129453,Santa Cruz do Escalvado,144,0.0,🟢 Baixo Risco,0,1,1
11669,2025,31129437,Rio Doce,244,0.0,🟢 Baixo Risco,0,1,1
11670,2025,31129381,Rio Casca,378,0.0,🟢 Baixo Risco,0,1,1
11671,2025,31129372,Rio Casca,270,0.0,🟢 Baixo Risco,0,1,1
11672,2025,31129321,Vermelho Novo,532,0.0,🟢 Baixo Risco,0,1,1
11673,2025,31002259,Belo Horizonte,403,0.0,🟢 Baixo Risco,0,1,1
11674,2025,31384569,Guaranésia,194,0.0,🟢 Baixo Risco,0,1,1
11675,2025,31384550,Jacutinga,340,0.0,🟢 Baixo Risco,0,1,1
11676,2025,31384291,Belo Horizonte,665,0.0,🟢 Baixo Risco,0,1,1
11677,2025,31384259,São Lourenço,218,0.0,🟢 Baixo Risco,0,1,1
11678,2025,31384224,Onça de Pitangui,19,0.0,🟢 Baixo Risco,0,1,1
11679,2025,31384119,Lassance,162,0.0,🟢 Baixo Risco,0,1,1
11680,2025,31383830,Lajinha,302,0.0,🟢 Baixo Risco,0,1,1
11681,2025,31002127,Belo Horizonte,157,0.0,🟢 Baixo Risco,0,1,1
11682,2025,31002101,Belo Horizonte,142,0.0,🟢 Baixo Risco,0,1,1
11683,2025,31002089,Belo Horizonte,184,0.0,🟢 Baixo Risco,0,1,1
11684,2025,31002071,Belo Horizonte,1047,0.0,🟢 Baixo Risco,0,1,1
11685,2025,31002054,Belo Horizonte,258,0.0,🟢 Baixo Risco,0,1,1
11686,2025,31002020,Belo Horizonte,227,0.0,🟢 Baixo Risco,0,1,1
11687,2025,31002011,Belo Horizonte,264,0.0,🟢 Baixo Risco,0,1,1
11688,2025,31384917,Capelinha,407,0.0,🟢 Baixo Risco,0,1,1
11689,2025,31384852,Rio do Prado,174,0.0,🟢 Baixo Risco,0,1,1
11690,2025,31384801,Grão Mogol,275,0.0,🟢 Baixo Risco,0,1,1
11691,2025,31384690,Santa Juliana,282,0.0,🟢 Baixo Risco,0,1,1
11692,2025,31384682,Betim,386,0.0,🟢 Baixo Risco,0,1,1
11693,2025,31384585,Ipanema,478,0.0,🟢 Baixo Risco,0,1,1
11694,2025,31385204,Veríssimo,32,0.0,🟢 Baixo Risco,0,1,1
11695,2025,31385093,Boa Esperança,409,0.0,🟢 Baixo Risco,0,1,1
11696,2025,31385085,Boa Esperança,244,0.0,🟢 Baixo Risco,0,1,1
11697,2025,31385077,Boa Esperança,124,0.0,🟢 Baixo Risco,0,1,1
11698,2025,31002232,Belo Horizonte,772,0.0,🟢 Baixo Risco,0,1,1
11699,2025,31002224,Belo Horizonte,385,0.0,🟢 Baixo Risco,0,1,1
11700,2025,31002216,Belo Horizonte,751,0.0,🟢 Baixo Risco,0,1,1
11701,2025,31002208,Belo Horizonte,965,0.0,🟢 Baixo Risco,0,1,1
11702,2025,31002194,Belo Horizonte,408,0.0,🟢 Baixo Risco,0,1,1
11703,2025,31002186,Belo Horizonte,873,0.0,🟢 Baixo Risco,0,1,1
11704,2025,31002151,Belo Horizonte,697,0.0,🟢 Baixo Risco,0,1,1
11705,2025,31002143,Belo Horizonte,868,0.0,🟢 Baixo Risco,0,1,1
11706,2025,31002135,Belo Horizonte,545,0.0,🟢 Baixo Risco,0,1,1
11707,2025,31002003,Belo Horizonte,115,0.0,🟢 Baixo Risco,0,1,1
11708,2025,31001996,Belo Horizonte,1450,0.0,🟢 Baixo Risco,0,1,1
11709,2025,31001988,Belo Horizonte,402,0.0,🟢 Baixo Risco,0,1,1
11710,2025,31001970,Belo Horizonte,923,0.0,🟢 Baixo Risco,0,1,1
11711,2025,31001961,Belo Horizonte,161,0.0,🟢 Baixo Risco,0,1,1
11712,2025,31001953,Belo Horizonte,345,0.0,🟢 Baixo Risco,0,1,1
11713,2025,31001945,Belo Horizonte,892,0.0,🟢 Baixo Risco,0,1,1
11714,2025,31001937,Belo Horizonte,629,0.0,🟢 Baixo Risco,0,1,1
11715,2025,31001929,Belo Horizonte,610,0.0,🟢 Baixo Risco,0,1,1
11716,2025,31001902,Belo Horizonte,456,0.0,🟢 Baixo Risco,0,1,1
11717,2025,31001899,Belo Horizonte,49,0.0,🟢 Baixo Risco,0,1,1
11718,2025,31001881,Belo Horizonte,741,0.0,🟢 Baixo Risco,0,1,1
11719,2025,31001872,Belo Horizonte,823,0.0,🟢 Baixo Risco,0,1,1
11720,2025,31129071,Ponte Nova,1705,0.0,🟢 Baixo Risco,0,1,1
11721,2025,31129283,Raul Soares,154,0.0,🟢 Baixo Risco,0,1,1
11722,2025,31129275,Raul Soares,41,0.0,🟢 Baixo Risco,0,1,1
11723,2025,31129267,Raul Soares,479,0.0,🟢 Baixo Risco,0,1,1
11724,2025,31096806,Carangola,71,0.0,🟢 Baixo Risco,0,1,1
11725,2025,31096792,Alto Caparaó,566,0.0,🟢 Baixo Risco,0,1,1
11726,2025,31096784,Caparaó,453,0.0,🟢 Baixo Risco,0,1,1
11727,2025,31096709,Barão do Monte Alto,72,0.0,🟢 Baixo Risco,0,1,1
11728,2025,31096695,Barão do Monte Alto,153,0.0,🟢 Baixo Risco,0,1,1
11729,2025,31226602,Betim,900,0.0,🟢 Baixo Risco,0,1,1
11730,2025,31229326,Guapé,493,0.0,🟢 Baixo Risco,0,1,1
11731,2025,31229288,Sete Lagoas,234,0.0,🟢 Baixo Risco,0,1,1
11732,2025,31228966,Cachoeira de Pajeú,182,0.0,🟢 Baixo Risco,0,1,1
11733,2025,31228753,Uberlândia,1846,0.0,🟢 Baixo Risco,0,1,1
11734,2025,31228745,Uberlândia,1263,0.0,🟢 Baixo Risco,0,1,1
11735,2025,31228737,Uberlândia,840,0.0,🟢 Baixo Risco,0,1,1
11736,2025,31228729,Uberlândia,466,0.0,🟢 Baixo Risco,0,1,1
11737,2025,31228699,Uberlândia,197,0.0,🟢 Baixo Risco,0,1,1
11738,2025,31129259,Raul Soares,149,0.0,🟢 Baixo Risco,0,1,1
11739,2025,31129241,Raul Soares,393,0.0,🟢 Baixo Risco,0,1,1
11740,2025,31129232,Raul Soares,687,0.0,🟢 Baixo Risco,0,1,1
11741,2025,31124991,Serrania,284,0.0,🟢 Baixo Risco,0,1,1
11742,2025,31124974,Santa Rita de Caldas,101,0.0,🟢 Baixo Risco,0,1,1
11743,2025,31124940,Santa Rita de Caldas,502,0.0,🟢 Baixo Risco,0,1,1
11744,2025,31124931,Poços de Caldas,522,0.0,🟢 Baixo Risco,0,1,1
11745,2025,31124923,Poços de Caldas,285,0.0,🟢 Baixo Risco,0,1,1
11746,2025,31001864,Belo Horizonte,985,0.0,🟢 Baixo Risco,0,1,1
11747,2025,31001856,Belo Horizonte,247,0.0,🟢 Baixo Risco,0,1,1
11748,2025,31001678,Belo Horizonte,943,0.0,🟢 Baixo Risco,0,1,1
11749,2025,31386090,Leopoldina,248,0.0,🟢 Baixo Risco,0,1,1
11750,2025,31385972,Montes Claros,681,0.0,🟢 Baixo Risco,0,1,1
11751,2025,31385891,Minas Novas,22,0.0,🟢 Baixo Risco,0,1,1
11752,2025,31385670,Buritizeiro,178,0.0,🟢 Baixo Risco,0,1,1
11753,2025,31385646,Patrocínio,85,0.0,🟢 Baixo Risco,0,1,1
11754,2025,31001848,Belo Horizonte,223,0.0,🟢 Baixo Risco,0,1,1
11755,2025,31001830,Belo Horizonte,245,0.0,🟢 Baixo Risco,0,1,1
11756,2025,31001821,Belo Horizonte,445,0.0,🟢 Baixo Risco,0,1,1
11757,2025,31001813,Belo Horizonte,810,0.0,🟢 Baixo Risco,0,1,1
11758,2025,31001805,Belo Horizonte,731,0.0,🟢 Baixo Risco,0,1,1
11759,2025,31001791,Belo Horizonte,1011,0.0,🟢 Baixo Risco,0,1,1
11760,2025,31001783,Belo Horizonte,655,0.0,🟢 Baixo Risco,0,1,1
11761,2025,31001767,Belo Horizonte,921,0.0,🟢 Baixo Risco,0,1,1
11762,2025,31001741,Belo Horizonte,772,0.0,🟢 Baixo Risco,0,1,1
11763,2025,31001732,Belo Horizonte,1527,0.0,🟢 Baixo Risco,0,1,1
11764,2025,31001716,Belo Horizonte,139,0.0,🟢 Baixo Risco,0,1,1
11765,2025,31001708,Belo Horizonte,126,0.0,🟢 Baixo Risco,0,1,1
11766,2025,31128775,Jequeri,182,0.0,🟢 Baixo Risco,0,1,1
11767,2025,31128759,Jequeri,220,0.0,🟢 Baixo Risco,0,1,1
11768,2025,31124885,Poços de Caldas,270,0.0,🟢 Baixo Risco,0,1,1
11769,2025,31124877,Poços de Caldas,683,0.0,🟢 Baixo Risco,0,1,1
11770,2025,31124869,Poços de Caldas,687,0.0,🟢 Baixo Risco,0,1,1
11771,2025,31124834,Poços de Caldas,573,0.0,🟢 Baixo Risco,0,1,1
11772,2025,31129224,Raul Soares,440,0.0,🟢 Baixo Risco,0,1,1
11773,2025,31129208,Porto Firme,368,0.0,🟢 Baixo Risco,0,1,1
11774,2025,31129194,Porto Firme,654,0.0,🟢 Baixo Risco,0,1,1
11775,2025,31129178,Ponte Nova,168,0.0,🟢 Baixo Risco,0,1,1
11776,2025,31129135,Oratórios,148,0.0,🟢 Baixo Risco,0,1,1
11777,2025,31129127,Ponte Nova,317,0.0,🟢 Baixo Risco,0,1,1
11778,2025,31129119,Ponte Nova,410,0.0,🟢 Baixo Risco,0,1,1
11779,2025,31129101,Ponte Nova,516,0.0,🟢 Baixo Risco,0,1,1
11780,2025,31001694,Belo Horizonte,728,0.0,🟢 Baixo Risco,0,1,1
11781,2025,31001686,Belo Horizonte,296,0.0,🟢 Baixo Risco,0,1,1
11782,2025,31001503,Belo Horizonte,1167,0.0,🟢 Baixo Risco,0,1,1
11783,2025,31001481,Belo Horizonte,438,0.0,🟢 Baixo Risco,0,1,1
11784,2025,31001473,Belo Horizonte,387,0.0,🟢 Baixo Risco,0,1,1
11785,2025,31387738,São João Nepomuceno,527,0.0,🟢 Baixo Risco,0,1,1
11786,2025,31387622,Campestre,298,0.0,🟢 Baixo Risco,0,1,1
11787,2025,31001627,Belo Horizonte,962,0.0,🟢 Baixo Risco,0,1,1
11788,2025,31001619,Belo Horizonte,915,0.0,🟢 Baixo Risco,0,1,1
11789,2025,31001601,Belo Horizonte,468,0.0,🟢 Baixo Risco,0,1,1
11790,2025,31001597,Belo Horizonte,438,0.0,🟢 Baixo Risco,0,1,1
11791,2025,31001589,Belo Horizonte,265,0.0,🟢 Baixo Risco,0,1,1
11792,2025,31001562,Belo Horizonte,377,0.0,🟢 Baixo Risco,0,1,1
11793,2025,31001554,Belo Horizonte,140,0.0,🟢 Baixo Risco,0,1,1
11794,2025,31001546,Belo Horizonte,289,0.0,🟢 Baixo Risco,0,1,1
11795,2025,31129062,Ponte Nova,806,0.0,🟢 Baixo Risco,0,1,1
11796,2025,31129011,Ponte Nova,149,0.0,🟢 Baixo Risco,0,1,1
11797,2025,31128945,Ponte Nova,217,0.0,🟢 Baixo Risco,0,1,1
11798,2025,31128929,Ponte Nova,615,0.0,🟢 Baixo Risco,0,1,1
11799,2025,31128902,Ponte Nova,662,0.0,🟢 Baixo Risco,0,1,1
11800,2025,31128881,Piedade de Ponte Nova,208,0.0,🟢 Baixo Risco,0,1,1
11801,2025,31128856,Pedra do Anta,248,0.0,🟢 Baixo Risco,0,1,1
11802,2025,31128821,Jequeri,249,0.0,🟢 Baixo Risco,0,1,1
11803,2025,31128791,Jequeri,143,0.0,🟢 Baixo Risco,0,1,1
11804,2025,31001520,Belo Horizonte,236,0.0,🟢 Baixo Risco,0,1,1
11805,2025,31001511,Belo Horizonte,1338,0.0,🟢 Baixo Risco,0,1,1
11806,2025,31001309,Belo Horizonte,243,0.0,🟢 Baixo Risco,0,1,1
11807,2025,31388785,São João do Paraíso,239,0.0,🟢 Baixo Risco,0,1,1
11808,2025,31388459,Pedra Azul,184,0.0,🟢 Baixo Risco,0,1,1
11809,2025,31388432,Vespasiano,518,0.0,🟢 Baixo Risco,0,1,1
11810,2025,31388262,Mateus Leme,89,0.0,🟢 Baixo Risco,0,1,1
11811,2025,31388025,Prata,362,0.0,🟢 Baixo Risco,0,1,1
11812,2025,31001465,Belo Horizonte,356,0.0,🟢 Baixo Risco,0,1,1
11813,2025,31001457,Belo Horizonte,1747,0.0,🟢 Baixo Risco,0,1,1
11814,2025,31001449,Belo Horizonte,188,0.0,🟢 Baixo Risco,0,1,1
11815,2025,31001422,Belo Horizonte,222,0.0,🟢 Baixo Risco,0,1,1
11816,2025,31001414,Belo Horizonte,260,0.0,🟢 Baixo Risco,0,1,1
11817,2025,31001406,Belo Horizonte,992,0.0,🟢 Baixo Risco,0,1,1
11818,2025,31001392,Belo Horizonte,305,0.0,🟢 Baixo Risco,0,1,1
11819,2025,31001384,Belo Horizonte,1936,0.0,🟢 Baixo Risco,0,1,1
11820,2025,31001376,Belo Horizonte,70,0.0,🟢 Baixo Risco,0,1,1
11821,2025,31001368,Belo Horizonte,2564,0.0,🟢 Baixo Risco,0,1,1
11822,2025,31001350,Belo Horizonte,567,0.0,🟢 Baixo Risco,0,1,1
11823,2025,31001333,Belo Horizonte,642,0.0,🟢 Baixo Risco,0,1,1
11824,2025,31001325,Belo Horizonte,219,0.0,🟢 Baixo Risco,0,1,1
11825,2025,31001317,Belo Horizonte,185,0.0,🟢 Baixo Risco,0,1,1
11826,2025,31096644,Argirita,276,0.0,🟢 Baixo Risco,0,1,1
11827,2025,31094901,São João do Paraíso,77,0.0,🟢 Baixo Risco,0,1,1
11828,2025,31094277,Lontra,659,0.0,🟢 Baixo Risco,0,1,1
11829,2025,31094251,São João da Ponte,315,0.0,🟢 Baixo Risco,0,1,1
11830,2025,31094242,Lontra,99,0.0,🟢 Baixo Risco,0,1,1
11831,2025,31094196,Lontra,35,0.0,🟢 Baixo Risco,0,1,1
11832,2025,31095958,Taiobeiras,244,0.0,🟢 Baixo Risco,0,1,1
11833,2025,31095630,Taiobeiras,241,0.0,🟢 Baixo Risco,0,1,1
11834,2025,31095001,Ninheira,322,0.0,🟢 Baixo Risco,0,1,1
11835,2025,31227978,Ouro Preto,36,0.0,🟢 Baixo Risco,0,1,1
11836,2025,31226408,São Joaquim de Bicas,707,0.0,🟢 Baixo Risco,0,1,1
11837,2025,31226629,Santa Luzia,661,0.0,🟢 Baixo Risco,0,1,1
11838,2025,31001121,Belo Horizonte,125,0.0,🟢 Baixo Risco,0,1,1
11839,2025,31001112,Belo Horizonte,280,0.0,🟢 Baixo Risco,0,1,1
11840,2025,31001104,Belo Horizonte,319,0.0,🟢 Baixo Risco,0,1,1
11841,2025,31128104,Abre Campo,375,0.0,🟢 Baixo Risco,0,1,1
11842,2025,31127710,Senador José Bento,118,0.0,🟢 Baixo Risco,0,1,1
11843,2025,31128741,Jequeri,486,0.0,🟢 Baixo Risco,0,1,1
11844,2025,31128732,Guaraciaba,102,0.0,🟢 Baixo Risco,0,1,1
11845,2025,31128724,Guaraciaba,281,0.0,🟢 Baixo Risco,0,1,1
11846,2025,31128716,Guaraciaba,513,0.0,🟢 Baixo Risco,0,1,1
11847,2025,31128694,Guaraciaba,96,0.0,🟢 Baixo Risco,0,1,1
11848,2025,31128686,Sem-Peixe,202,0.0,🟢 Baixo Risco,0,1,1
11849,2025,31128678,Dom Silvério,376,0.0,🟢 Baixo Risco,0,1,1
11850,2025,31128660,Dom Silvério,227,0.0,🟢 Baixo Risco,0,1,1
11851,2025,31128635,Coimbra,654,0.0,🟢 Baixo Risco,0,1,1
11852,2025,31128490,Canaã,235,0.0,🟢 Baixo Risco,0,1,1
11853,2025,31128457,Cajuri,56,0.0,🟢 Baixo Risco,0,1,1
11854,2025,31128449,Cajuri,161,0.0,🟢 Baixo Risco,0,1,1
11855,2025,31128414,Barra Longa,342,0.0,🟢 Baixo Risco,0,1,1
11856,2025,31001279,Belo Horizonte,270,0.0,🟢 Baixo Risco,0,1,1
11857,2025,31001261,Belo Horizonte,501,0.0,🟢 Baixo Risco,0,1,1
11858,2025,31001252,Belo Horizonte,348,0.0,🟢 Baixo Risco,0,1,1
11859,2025,31001244,Belo Horizonte,294,0.0,🟢 Baixo Risco,0,1,1
11860,2025,31001228,Belo Horizonte,76,0.0,🟢 Baixo Risco,0,1,1
11861,2025,31001210,Belo Horizonte,1111,0.0,🟢 Baixo Risco,0,1,1
11862,2025,31001201,Belo Horizonte,391,0.0,🟢 Baixo Risco,0,1,1
11863,2025,31001198,Belo Horizonte,407,0.0,🟢 Baixo Risco,0,1,1
11864,2025,31001180,Belo Horizonte,1119,0.0,🟢 Baixo Risco,0,1,1
11865,2025,31001171,Belo Horizonte,230,0.0,🟢 Baixo Risco,0,1,1
11866,2025,31001163,Belo Horizonte,501,0.0,🟢 Baixo Risco,0,1,1
11867,2025,31001155,Belo Horizonte,330,0.0,🟢 Baixo Risco,0,1,1
11868,2025,31001066,Belo Horizonte,32,0.0,🟢 Baixo Risco,0,1,1
11869,2025,31001058,Belo Horizonte,243,0.0,🟢 Baixo Risco,0,1,1
11870,2025,31001031,Belo Horizonte,478,0.0,🟢 Baixo Risco,0,1,1
11871,2025,31001007,Belo Horizonte,45,0.0,🟢 Baixo Risco,0,1,1
11872,2025,31000990,Belo Horizonte,1084,0.0,🟢 Baixo Risco,0,1,1
11873,2025,31000973,Belo Horizonte,162,0.0,🟢 Baixo Risco,0,1,1
11874,2025,31000957,Belo Horizonte,549,0.0,🟢 Baixo Risco,0,1,1
11875,2025,31000949,Belo Horizonte,319,0.0,🟢 Baixo Risco,0,1,1
11876,2025,31000931,Belo Horizonte,543,0.0,🟢 Baixo Risco,0,1,1
11877,2025,31000922,Belo Horizonte,619,0.0,🟢 Baixo Risco,0,1,1
11878,2025,31096482,Além Paraíba,98,0.0,🟢 Baixo Risco,0,1,1
11879,2025,31096458,Além Paraíba,315,0.0,🟢 Baixo Risco,0,1,1
11880,2025,31227897,João Monlevade,357,0.0,🟢 Baixo Risco,0,1,1
11881,2025,31227838,Muriaé,340,0.0,🟢 Baixo Risco,0,1,1
11882,2025,31227692,Montes Claros,337,0.0,🟢 Baixo Risco,0,1,1
11883,2025,31227684,Montes Claros,786,0.0,🟢 Baixo Risco,0,1,1
11884,2025,31227579,Montes Claros,616,0.0,🟢 Baixo Risco,0,1,1
11885,2025,31227269,Sapucaí-Mirim,189,0.0,🟢 Baixo Risco,0,1,1
11886,2025,31000914,Sabará,191,0.0,🟢 Baixo Risco,0,1,1
11887,2025,31000892,Belo Horizonte,541,0.0,🟢 Baixo Risco,0,1,1
11888,2025,31000710,Belo Horizonte,403,0.0,🟢 Baixo Risco,0,1,1
11889,2025,31000701,Belo Horizonte,418,0.0,🟢 Baixo Risco,0,1,1
11890,2025,31000698,Belo Horizonte,951,0.0,🟢 Baixo Risco,0,1,1
11891,2025,31000680,Belo Horizonte,24,0.0,🟢 Baixo Risco,0,1,1
11892,2025,31001091,Belo Horizonte,163,0.0,🟢 Baixo Risco,0,1,1
11893,2025,31001082,Belo Horizonte,34,0.0,🟢 Baixo Risco,0,1,1
11894,2025,31001074,Belo Horizonte,8482,0.0,🟢 Baixo Risco,0,1,1
11895,2025,31000876,Belo Horizonte,216,0.0,🟢 Baixo Risco,0,1,1
11896,2025,31000868,Belo Horizonte,1253,0.0,🟢 Baixo Risco,0,1,1
11897,2025,31000841,Belo Horizonte,1211,0.0,🟢 Baixo Risco,0,1,1
11898,2025,31000833,Belo Horizonte,880,0.0,🟢 Baixo Risco,0,1,1
11899,2025,31000825,Belo Horizonte,139,0.0,🟢 Baixo Risco,0,1,1
11900,2025,31000809,Belo Horizonte,394,0.0,🟢 Baixo Risco,0,1,1
11901,2025,31000795,Belo Horizonte,340,0.0,🟢 Baixo Risco,0,1,1
11902,2025,31000787,Belo Horizonte,919,0.0,🟢 Baixo Risco,0,1,1
11903,2025,31000761,Belo Horizonte,113,0.0,🟢 Baixo Risco,0,1,1
11904,2025,31000752,Belo Horizonte,259,0.0,🟢 Baixo Risco,0,1,1
11905,2025,31125024,Serrania,581,0.0,🟢 Baixo Risco,0,1,1
11906,2025,31128341,Araponga,225,0.0,🟢 Baixo Risco,0,1,1
11907,2025,31128325,Araponga,632,0.0,🟢 Baixo Risco,0,1,1
11908,2025,31128279,Amparo do Serra,310,0.0,🟢 Baixo Risco,0,1,1
11909,2025,31128261,Alvinópolis,42,0.0,🟢 Baixo Risco,0,1,1
11910,2025,31128252,Alvinópolis,287,0.0,🟢 Baixo Risco,0,1,1
11911,2025,31128244,Alvinópolis,926,0.0,🟢 Baixo Risco,0,1,1
11912,2025,31128228,Alvinópolis,353,0.0,🟢 Baixo Risco,0,1,1
11913,2025,31128147,Pedra Bonita,511,0.0,🟢 Baixo Risco,0,1,1
11914,2025,31128139,Abre Campo,143,0.0,🟢 Baixo Risco,0,1,1
11915,2025,31128121,Abre Campo,315,0.0,🟢 Baixo Risco,0,1,1
11916,2025,31000744,Belo Horizonte,400,0.0,🟢 Baixo Risco,0,1,1
11917,2025,31000558,Belo Horizonte,174,0.0,🟢 Baixo Risco,0,1,1
11918,2025,31000540,Belo Horizonte,282,0.0,🟢 Baixo Risco,0,1,1
11919,2025,31096504,Além Paraíba,402,0.0,🟢 Baixo Risco,0,1,1
11920,2025,31000485,Belo Horizonte,125,0.0,🟢 Baixo Risco,0,1,1
11921,2025,31000302,Belo Horizonte,535,0.0,🟢 Baixo Risco,0,1,1
11922,2025,31000434,Belo Horizonte,161,0.0,🟢 Baixo Risco,0,1,1
11923,2025,31000663,Belo Horizonte,160,0.0,🟢 Baixo Risco,0,1,1
11924,2025,31000655,Belo Horizonte,289,0.0,🟢 Baixo Risco,0,1,1
11925,2025,31000639,Belo Horizonte,1566,0.0,🟢 Baixo Risco,0,1,1
11926,2025,31000604,Belo Horizonte,1685,0.0,🟢 Baixo Risco,0,1,1
11927,2025,31000591,Belo Horizonte,610,0.0,🟢 Baixo Risco,0,1,1
11928,2025,31000337,Belo Horizonte,628,0.0,🟢 Baixo Risco,0,1,1
11929,2025,31000086,Belo Horizonte,972,0.0,🟢 Baixo Risco,0,1,1
11930,2025,31389412,Minas Novas,111,0.0,🟢 Baixo Risco,0,1,1
11931,2025,31226581,Betim,1052,0.0,🟢 Baixo Risco,0,1,1
11932,2025,31000299,Belo Horizonte,258,0.0,🟢 Baixo Risco,0,1,1
11933,2025,31000132,Belo Horizonte,639,0.0,🟢 Baixo Risco,0,1,1
11934,2025,31000108,Belo Horizonte,42,0.0,🟢 Baixo Risco,0,1,1
11935,2025,31000353,Belo Horizonte,222,0.0,🟢 Baixo Risco,0,1,1
11936,2025,31000124,Belo Horizonte,894,0.0,🟢 Baixo Risco,0,1,1
11937,2025,31000281,Belo Horizonte,562,0.0,🟢 Baixo Risco,0,1,1
11938,2025,31000264,Belo Horizonte,735,0.0,🟢 Baixo Risco,0,1,1
11939,2025,31000256,Belo Horizonte,278,0.0,🟢 Baixo Risco,0,1,1
11940,2025,31000248,Belo Horizonte,528,0.0,🟢 Baixo Risco,0,1,1
11941,2025,31000221,Belo Horizonte,214,0.0,🟢 Baixo Risco,0,1,1
11942,2025,31000329,Belo Horizonte,329,0.0,🟢 Baixo Risco,0,1,1
11943,2025,31389404,Minas Novas,114,0.0,🟢 Baixo Risco,0,1,1
11944,2025,31127353,Poços de Caldas,202,0.0,🟢 Baixo Risco,0,1,1
11945,2025,31127337,Poços de Caldas,548,0.0,🟢 Baixo Risco,0,1,1
11946,2025,31126039,Campestre,166,0.0,🟢 Baixo Risco,0,1,1
11947,2025,31000400,Belo Horizonte,494,0.0,🟢 Baixo Risco,0,1,1
11948,2025,31000418,Belo Horizonte,1276,0.0,🟢 Baixo Risco,0,1,1
11949,2025,31000582,Belo Horizonte,1092,0.0,🟢 Baixo Risco,0,1,1
11950,2025,31389609,São Sebastião do Oeste,597,0.0,🟢 Baixo Risco,0,1,1
